path,label
/content/drive/MyDrive/AImodels/codes/experiments/Mark5/data_labeled/construction/construction_train_001.wav,construction
/content/drive/MyDrive/AImodels/codes/experiments/Mark5/data_labeled/construction/construction_train_002.wav,construction
/content/drive/MyDrive/AImodels/codes/experiments/Mark5/data_labeled/construction/construction_train_003.wav,construction
/content/drive/MyDrive/AImodels/codes/experiments/Mark5/data_labeled/construction/construction_train_004.wav,construction
/content/drive/MyDrive/AImodels/codes/experiments/Mark5/data_labeled/construction/construction_train_005.wav,construction
/content/drive/MyDrive/AImodels/codes/experiments/Mark5/data_labeled/construction/construction_train_006.wav,construction
/content/drive/MyDrive/AImodels/codes/experiments/Mark5/data_labeled/construction/construction_train_007.wav,construction
/content/drive/MyDrive/AImodels/codes/experiments/Mark5/data_labeled/construction/construction_train_008.wav,construction
/content/drive/MyDrive/AImodels/codes/experiments/Mark5/data_labeled/construction/construction_train_009.wav,construction
/content/drive/MyDrive/AImodels/codes/experiments/Mark5/data_labeled/construction/construction_train_010.wav,construction
/content/drive/MyDrive/AImodels/codes/experiments/Mark5/data_labeled/construction/construction_train_011.wav,construction
/content/drive/MyDrive/AImodels/codes/experiments/Mark5/data_labeled/construction/construction_train_012.wav,construction
/content/drive/MyDrive/AImodels/codes/experiments/Mark5/data_labeled/construction/construction_train_013.wav,construction
/content/drive/MyDrive/AImodels/codes/experiments/Mark5/data_labeled/construction/construction_train_014.wav,construction
/content/drive/MyDrive/AImodels/codes/experiments/Mark5/data_labeled/construction/construction_train_015.wav,construction
/content/drive/MyDrive/AImodels/codes/experiments/Mark5/data_labeled/construction/construction_train_016.wav,construction
/content/drive/MyDrive/AImodels/codes/experiments/Mark5/data_labeled/construction/construction_train_017.wav,construction
/content/drive/MyDrive/AImodels/codes/experiments/Mark5/data_labeled/construction/construction_train_018.wav,construction
/content/drive/MyDrive/AImodels/codes/experiments/Mark5/data_labeled/construction/construction_train_019.wav,construction
/content/drive/MyDrive/AImodels/codes/experiments/Mark5/data_labeled/construction/construction_train_020.wav,construction
/content/drive/MyDrive/AImodels/codes/experiments/Mark5/data_labeled/construction/construction_train_021.wav,construction
/content/drive/MyDrive/AImodels/codes/experiments/Mark5/data_labeled/construction/construction_train_022.wav,construction
/content/drive/MyDrive/AImodels/codes/experiments/Mark5/data_labeled/construction/construction_train_023.wav,construction
/content/drive/MyDrive/AImodels/codes/experiments/Mark5/data_labeled/construction/construction_train_024.wav,construction
/content/drive/MyDrive/AImodels/codes/experiments/Mark5/data_labeled/construction/construction_train_025.wav,construction
/content/drive/MyDrive/AImodels/codes/experiments/Mark5/data_labeled/construction/construction_train_026.wav,construction
/content/drive/MyDrive/AImodels/codes/experiments/Mark5/data_labeled/construction/construction_train_027.wav,construction
/content/drive/MyDrive/AImodels/codes/experiments/Mark5/data_labeled/construction/construction_train_028.wav,construction
/content/drive/MyDrive/AImodels/codes/experiments/Mark5/data_labeled/construction/construction_train_029.wav,construction
/content/drive/MyDrive/AImodels/codes/experiments/Mark5/data_labeled/construction/construction_train_030.wav,construction
/content/drive/MyDrive/AImodels/codes/experiments/Mark5/data_labeled/construction/construction_train_031.wav,construction
/content/drive/MyDrive/AImodels/codes/experiments/Mark5/data_labeled/construction/construction_train_032.wav,construction
/content/drive/MyDrive/AImodels/codes/experiments/Mark5/data_labeled/construction/construction_train_033.wav,construction
/content/drive/MyDrive/AImodels/codes/experiments/Mark5/data_labeled/construction/construction_train_034.wav,construction
/content/drive/MyDrive/AImodels/codes/experiments/Mark5/data_labeled/construction/construction_train_035.wav,construction
/content/drive/MyDrive/AImodels/codes/experiments/Mark5/data_labeled/construction/construction_train_036.wav,construction
/content/drive/MyDrive/AImodels/codes/experiments/Mark5/data_labeled/construction/construction_train_037.wav,construction
/content/drive/MyDrive/AImodels/codes/experiments/Mark5/data_labeled/construction/construction_train_038.wav,construction
/content/drive/MyDrive/AImodels/codes/experiments/Mark5/data_labeled/construction/construction_train_039.wav,construction
/content/drive/MyDrive/AImodels/codes/experiments/Mark5/data_labeled/construction/construction_train_040.wav,construction
/content/drive/MyDrive/AImodels/codes/experiments/Mark5/data_labeled/construction/construction_train_041.wav,construction
/content/drive/MyDrive/AImodels/codes/experiments/Mark5/data_labeled/construction/construction_train_042.wav,construction
/content/drive/MyDrive/AImodels/codes/experiments/Mark5/data_labeled/construction/construction_train_043.wav,construction
/content/drive/MyDrive/AImodels/codes/experiments/Mark5/data_labeled/construction/construction_train_044.wav,construction
/content/drive/MyDrive/AImodels/codes/experiments/Mark5/data_labeled/construction/construction_train_045.wav,construction
/content/drive/MyDrive/AImodels/codes/experiments/Mark5/data_labeled/construction/construction_train_046.wav,construction
/content/drive/MyDrive/AImodels/codes/experiments/Mark5/data_labeled/construction/construction_train_047.wav,construction
/content/drive/MyDrive/AImodels/codes/experiments/Mark5/data_labeled/construction/construction_train_048.wav,construction
/content/drive/MyDrive/AImodels/codes/experiments/Mark5/data_labeled/construction/construction_train_049.wav,construction
/content/drive/MyDrive/AImodels/codes/experiments/Mark5/data_labeled/construction/construction_train_050.wav,construction
/content/drive/MyDrive/AImodels/codes/experiments/Mark5/data_labeled/construction/construction_train_051.wav,construction
/content/drive/MyDrive/AImodels/codes/experiments/Mark5/data_labeled/construction/construction_train_052.wav,construction
/content/drive/MyDrive/AImodels/codes/experiments/Mark5/data_labeled/construction/construction_train_053.wav,construction
/content/drive/MyDrive/AImodels/codes/experiments/Mark5/data_labeled/construction/construction_train_054.wav,construction
/content/drive/MyDrive/AImodels/codes/experiments/Mark5/data_labeled/construction/construction_train_055.wav,construction
/content/drive/MyDrive/AImodels/codes/experiments/Mark5/data_labeled/construction/construction_train_056.wav,construction
/content/drive/MyDrive/AImodels/codes/experiments/Mark5/data_labeled/construction/construction_train_057.wav,construction
/content/drive/MyDrive/AImodels/codes/experiments/Mark5/data_labeled/construction/construction_train_058.wav,construction
/content/drive/MyDrive/AImodels/codes/experiments/Mark5/data_labeled/construction/construction_train_059.wav,construction
/content/drive/MyDrive/AImodels/codes/experiments/Mark5/data_labeled/construction/construction_train_060.wav,construction
/content/drive/MyDrive/AImodels/codes/experiments/Mark5/data_labeled/construction/construction_train_061.wav,construction
/content/drive/MyDrive/AImodels/codes/experiments/Mark5/data_labeled/construction/construction_train_062.wav,construction
/content/drive/MyDrive/AImodels/codes/experiments/Mark5/data_labeled/construction/construction_train_063.wav,construction
/content/drive/MyDrive/AImodels/codes/experiments/Mark5/data_labeled/construction/construction_train_064.wav,construction
/content/drive/MyDrive/AImodels/codes/experiments/Mark5/data_labeled/construction/construction_train_065.wav,construction
/content/drive/MyDrive/AImodels/codes/experiments/Mark5/data_labeled/construction/construction_train_066.wav,construction
/content/drive/MyDrive/AImodels/codes/experiments/Mark5/data_labeled/construction/construction_train_067.wav,construction
/content/drive/MyDrive/AImodels/codes/experiments/Mark5/data_labeled/construction/construction_train_068.wav,construction
/content/drive/MyDrive/AImodels/codes/experiments/Mark5/data_labeled/construction/construction_train_069.wav,construction
/content/drive/MyDrive/AImodels/codes/experiments/Mark5/data_labeled/construction/construction_train_070.wav,construction
/content/drive/MyDrive/AImodels/codes/experiments/Mark5/data_labeled/construction/construction_train_071.wav,construction
/content/drive/MyDrive/AImodels/codes/experiments/Mark5/data_labeled/construction/construction_train_072.wav,construction
/content/drive/MyDrive/AImodels/codes/experiments/Mark5/data_labeled/construction/construction_train_073.wav,construction
/content/drive/MyDrive/AImodels/codes/experiments/Mark5/data_labeled/construction/construction_train_074.wav,construction
/content/drive/MyDrive/AImodels/codes/experiments/Mark5/data_labeled/construction/construction_train_075.wav,construction
/content/drive/MyDrive/AImodels/codes/experiments/Mark5/data_labeled/construction/construction_train_076.wav,construction
/content/drive/MyDrive/AImodels/codes/experiments/Mark5/data_labeled/construction/construction_train_077.wav,construction
/content/drive/MyDrive/AImodels/codes/experiments/Mark5/data_labeled/construction/construction_train_078.wav,construction
/content/drive/MyDrive/AImodels/codes/experiments/Mark5/data_labeled/construction/construction_train_079.wav,construction
/content/drive/MyDrive/AImodels/codes/experiments/Mark5/data_labeled/construction/construction_train_080.wav,construction
/content/drive/MyDrive/AImodels/codes/experiments/Mark5/data_labeled/construction/construction_train_081.wav,construction
/content/drive/MyDrive/AImodels/codes/experiments/Mark5/data_labeled/construction/construction_train_082.wav,construction
/content/drive/MyDrive/AImodels/codes/experiments/Mark5/data_labeled/construction/construction_train_083.wav,construction
/content/drive/MyDrive/AImodels/codes/experiments/Mark5/data_labeled/construction/construction_train_084.wav,construction
/content/drive/MyDrive/AImodels/codes/experiments/Mark5/data_labeled/construction/construction_train_085.wav,construction
/content/drive/MyDrive/AImodels/codes/experiments/Mark5/data_labeled/construction/construction_train_086.wav,construction
/content/drive/MyDrive/AImodels/codes/experiments/Mark5/data_labeled/construction/construction_train_087.wav,construction
/content/drive/MyDrive/AImodels/codes/experiments/Mark5/data_labeled/construction/construction_train_088.wav,construction
/content/drive/MyDrive/AImodels/codes/experiments/Mark5/data_labeled/construction/construction_train_089.wav,construction
/content/drive/MyDrive/AImodels/codes/experiments/Mark5/data_labeled/construction/construction_train_090.wav,construction
/content/drive/MyDrive/AImodels/codes/experiments/Mark5/data_labeled/construction/construction_train_091.wav,construction
/content/drive/MyDrive/AImodels/codes/experiments/Mark5/data_labeled/construction/construction_train_092.wav,construction
/content/drive/MyDrive/AImodels/codes/experiments/Mark5/data_labeled/construction/construction_train_093.wav,construction
/content/drive/MyDrive/AImodels/codes/experiments/Mark5/data_labeled/construction/construction_train_094.wav,construction
/content/drive/MyDrive/AImodels/codes/experiments/Mark5/data_labeled/construction/construction_train_095.wav,construction
/content/drive/MyDrive/AImodels/codes/experiments/Mark5/data_labeled/construction/construction_train_096.wav,construction
/content/drive/MyDrive/AImodels/codes/experiments/Mark5/data_labeled/construction/construction_train_097.wav,construction
/content/drive/MyDrive/AImodels/codes/experiments/Mark5/data_labeled/construction/construction_train_098.wav,construction
/content/drive/MyDrive/AImodels/codes/experiments/Mark5/data_labeled/construction/construction_train_099.wav,construction
/content/drive/MyDrive/AImodels/codes/experiments/Mark5/data_labeled/construction/construction_train_100.wav,construction
/content/drive/MyDrive/AImodels/codes/experiments/Mark5/data_labeled/construction/construction_train_101.wav,construction
/content/drive/MyDrive/AImodels/codes/experiments/Mark5/data_labeled/construction/construction_train_102.wav,construction
/content/drive/MyDrive/AImodels/codes/experiments/Mark5/data_labeled/construction/construction_train_103.wav,construction
/content/drive/MyDrive/AImodels/codes/experiments/Mark5/data_labeled/construction/construction_train_104.wav,construction
/content/drive/MyDrive/AImodels/codes/experiments/Mark5/data_labeled/construction/construction_train_105.wav,construction
/content/drive/MyDrive/AImodels/codes/experiments/Mark5/data_labeled/construction/construction_train_106.wav,construction
/content/drive/MyDrive/AImodels/codes/experiments/Mark5/data_labeled/construction/construction_train_107.wav,construction
/content/drive/MyDrive/AImodels/codes/experiments/Mark5/data_labeled/construction/construction_train_108.wav,construction
/content/drive/MyDrive/AImodels/codes/experiments/Mark5/data_labeled/construction/construction_train_109.wav,construction
/content/drive/MyDrive/AImodels/codes/experiments/Mark5/data_labeled/construction/construction_train_110.wav,construction
/content/drive/MyDrive/AImodels/codes/experiments/Mark5/data_labeled/construction/construction_train_111.wav,construction
/content/drive/MyDrive/AImodels/codes/experiments/Mark5/data_labeled/construction/construction_train_112.wav,construction
/content/drive/MyDrive/AImodels/codes/experiments/Mark5/data_labeled/construction/construction_train_113.wav,construction
/content/drive/MyDrive/AImodels/codes/experiments/Mark5/data_labeled/construction/construction_train_114.wav,construction
/content/drive/MyDrive/AImodels/codes/experiments/Mark5/data_labeled/construction/construction_train_115.wav,construction
/content/drive/MyDrive/AImodels/codes/experiments/Mark5/data_labeled/construction/construction_train_116.wav,construction
/content/drive/MyDrive/AImodels/codes/experiments/Mark5/data_labeled/construction/construction_train_117.wav,construction
/content/drive/MyDrive/AImodels/codes/experiments/Mark5/data_labeled/construction/construction_train_118.wav,construction
/content/drive/MyDrive/AImodels/codes/experiments/Mark5/data_labeled/construction/construction_train_119.wav,construction
/content/drive/MyDrive/AImodels/codes/experiments/Mark5/data_labeled/construction/construction_train_120.wav,construction
/content/drive/MyDrive/AImodels/codes/experiments/Mark5/data_labeled/construction/construction_train_121.wav,construction
/content/drive/MyDrive/AImodels/codes/experiments/Mark5/data_labeled/construction/construction_train_122.wav,construction
/content/drive/MyDrive/AImodels/codes/experiments/Mark5/data_labeled/construction/construction_train_123.wav,construction
/content/drive/MyDrive/AImodels/codes/experiments/Mark5/data_labeled/construction/construction_train_124.wav,construction
/content/drive/MyDrive/AImodels/codes/experiments/Mark5/data_labeled/construction/construction_train_125.wav,construction
/content/drive/MyDrive/AImodels/codes/experiments/Mark5/data_labeled/construction/construction_train_126.wav,construction
/content/drive/MyDrive/AImodels/codes/experiments/Mark5/data_labeled/construction/construction_train_127.wav,construction
/content/drive/MyDrive/AImodels/codes/experiments/Mark5/data_labeled/construction/construction_train_128.wav,construction
/content/drive/MyDrive/AImodels/codes/experiments/Mark5/data_labeled/construction/construction_train_129.wav,construction
/content/drive/MyDrive/AImodels/codes/experiments/Mark5/data_labeled/construction/construction_train_130.wav,construction
/content/drive/MyDrive/AImodels/codes/experiments/Mark5/data_labeled/construction/construction_train_131.wav,construction
/content/drive/MyDrive/AImodels/codes/experiments/Mark5/data_labeled/construction/construction_train_132.wav,construction
/content/drive/MyDrive/AImodels/codes/experiments/Mark5/data_labeled/construction/construction_train_133.wav,construction
/content/drive/MyDrive/AImodels/codes/experiments/Mark5/data_labeled/construction/construction_train_134.wav,construction
/content/drive/MyDrive/AImodels/codes/experiments/Mark5/data_labeled/construction/construction_train_135.wav,construction
/content/drive/MyDrive/AImodels/codes/experiments/Mark5/data_labeled/construction/construction_train_136.wav,construction
/content/drive/MyDrive/AImodels/codes/experiments/Mark5/data_labeled/construction/construction_train_137.wav,construction
/content/drive/MyDrive/AImodels/codes/experiments/Mark5/data_labeled/construction/construction_train_138.wav,construction
/content/drive/MyDrive/AImodels/codes/experiments/Mark5/data_labeled/construction/construction_train_139.wav,construction
/content/drive/MyDrive/AImodels/codes/experiments/Mark5/data_labeled/construction/construction_train_140.wav,construction
/content/drive/MyDrive/AImodels/codes/experiments/Mark5/data_labeled/construction/construction_train_141.wav,construction
/content/drive/MyDrive/AImodels/codes/experiments/Mark5/data_labeled/construction/construction_train_142.wav,construction
/content/drive/MyDrive/AImodels/codes/experiments/Mark5/data_labeled/construction/construction_train_143.wav,construction
/content/drive/MyDrive/AImodels/codes/experiments/Mark5/data_labeled/construction/construction_train_144.wav,construction
/content/drive/MyDrive/AImodels/codes/experiments/Mark5/data_labeled/construction/construction_train_145.wav,construction
/content/drive/MyDrive/AImodels/codes/experiments/Mark5/data_labeled/construction/construction_train_146.wav,construction
/content/drive/MyDrive/AImodels/codes/experiments/Mark5/data_labeled/construction/construction_train_147.wav,construction
/content/drive/MyDrive/AImodels/codes/experiments/Mark5/data_labeled/construction/construction_train_148.wav,construction
/content/drive/MyDrive/AImodels/codes/experiments/Mark5/data_labeled/construction/construction_train_149.wav,construction
/content/drive/MyDrive/AImodels/codes/experiments/Mark5/data_labeled/construction/construction_train_150.wav,construction
/content/drive/MyDrive/AImodels/codes/experiments/Mark5/data_labeled/construction/construction_train_151.wav,construction
/content/drive/MyDrive/AImodels/codes/experiments/Mark5/data_labeled/construction/construction_train_152.wav,construction
/content/drive/MyDrive/AImodels/codes/experiments/Mark5/data_labeled/construction/construction_train_153.wav,construction
/content/drive/MyDrive/AImodels/codes/experiments/Mark5/data_labeled/construction/construction_train_154.wav,construction
/content/drive/MyDrive/AImodels/codes/experiments/Mark5/data_labeled/construction/construction_train_155.wav,construction
/content/drive/MyDrive/AImodels/codes/experiments/Mark5/data_labeled/construction/construction_train_156.wav,construction
/content/drive/MyDrive/AImodels/codes/experiments/Mark5/data_labeled/construction/construction_train_157.wav,construction
/content/drive/MyDrive/AImodels/codes/experiments/Mark5/data_labeled/construction/construction_train_158.wav,construction
/content/drive/MyDrive/AImodels/codes/experiments/Mark5/data_labeled/construction/construction_train_159.wav,construction
/content/drive/MyDrive/AImodels/codes/experiments/Mark5/data_labeled/construction/construction_train_160.wav,construction
/content/drive/MyDrive/AImodels/codes/experiments/Mark5/data_labeled/construction/construction_train_161.wav,construction
/content/drive/MyDrive/AImodels/codes/experiments/Mark5/data_labeled/construction/construction_train_162.wav,construction
/content/drive/MyDrive/AImodels/codes/experiments/Mark5/data_labeled/construction/construction_train_163.wav,construction
/content/drive/MyDrive/AImodels/codes/experiments/Mark5/data_labeled/construction/construction_train_164.wav,construction
/content/drive/MyDrive/AImodels/codes/experiments/Mark5/data_labeled/construction/construction_train_165.wav,construction
/content/drive/MyDrive/AImodels/codes/experiments/Mark5/data_labeled/construction/construction_train_166.wav,construction
/content/drive/MyDrive/AImodels/codes/experiments/Mark5/data_labeled/construction/construction_train_167.wav,construction
/content/drive/MyDrive/AImodels/codes/experiments/Mark5/data_labeled/construction/construction_train_168.wav,construction
/content/drive/MyDrive/AImodels/codes/experiments/Mark5/data_labeled/construction/construction_train_169.wav,construction
/content/drive/MyDrive/AImodels/codes/experiments/Mark5/data_labeled/construction/construction_train_170.wav,construction
/content/drive/MyDrive/AImodels/codes/experiments/Mark5/data_labeled/construction/construction_train_171.wav,construction
/content/drive/MyDrive/AImodels/codes/experiments/Mark5/data_labeled/construction/construction_train_172.wav,construction
/content/drive/MyDrive/AImodels/codes/experiments/Mark5/data_labeled/construction/construction_train_173.wav,construction
/content/drive/MyDrive/AImodels/codes/experiments/Mark5/data_labeled/construction/construction_train_174.wav,construction
/content/drive/MyDrive/AImodels/codes/experiments/Mark5/data_labeled/construction/construction_train_175.wav,construction
/content/drive/MyDrive/AImodels/codes/experiments/Mark5/data_labeled/construction/construction_train_176.wav,construction
/content/drive/MyDrive/AImodels/codes/experiments/Mark5/data_labeled/construction/construction_train_177.wav,construction
/content/drive/MyDrive/AImodels/codes/experiments/Mark5/data_labeled/construction/construction_train_178.wav,construction
/content/drive/MyDrive/AImodels/codes/experiments/Mark5/data_labeled/construction/construction_train_179.wav,construction
/content/drive/MyDrive/AImodels/codes/experiments/Mark5/data_labeled/construction/construction_train_180.wav,construction
/content/drive/MyDrive/AImodels/codes/experiments/Mark5/data_labeled/construction/construction_train_181.wav,construction
/content/drive/MyDrive/AImodels/codes/experiments/Mark5/data_labeled/construction/construction_train_182.wav,construction
/content/drive/MyDrive/AImodels/codes/experiments/Mark5/data_labeled/construction/construction_train_183.wav,construction
/content/drive/MyDrive/AImodels/codes/experiments/Mark5/data_labeled/construction/construction_train_184.wav,construction
/content/drive/MyDrive/AImodels/codes/experiments/Mark5/data_labeled/construction/construction_train_185.wav,construction
/content/drive/MyDrive/AImodels/codes/experiments/Mark5/data_labeled/construction/construction_train_186.wav,construction
/content/drive/MyDrive/AImodels/codes/experiments/Mark5/data_labeled/construction/construction_train_187.wav,construction
/content/drive/MyDrive/AImodels/codes/experiments/Mark5/data_labeled/construction/construction_train_188.wav,construction
/content/drive/MyDrive/AImodels/codes/experiments/Mark5/data_labeled/construction/construction_train_189.wav,construction
/content/drive/MyDrive/AImodels/codes/experiments/Mark5/data_labeled/construction/construction_train_190.wav,construction
/content/drive/MyDrive/AImodels/codes/experiments/Mark5/data_labeled/construction/construction_train_191.wav,construction
/content/drive/MyDrive/AImodels/codes/experiments/Mark5/data_labeled/construction/construction_train_192.wav,construction
/content/drive/MyDrive/AImodels/codes/experiments/Mark5/data_labeled/construction/construction_train_193.wav,construction
/content/drive/MyDrive/AImodels/codes/experiments/Mark5/data_labeled/construction/construction_train_194.wav,construction
/content/drive/MyDrive/AImodels/codes/experiments/Mark5/data_labeled/construction/construction_train_195.wav,construction
/content/drive/MyDrive/AImodels/codes/experiments/Mark5/data_labeled/construction/construction_train_196.wav,construction
/content/drive/MyDrive/AImodels/codes/experiments/Mark5/data_labeled/construction/construction_train_197.wav,construction
/content/drive/MyDrive/AImodels/codes/experiments/Mark5/data_labeled/construction/construction_train_198.wav,construction
/content/drive/MyDrive/AImodels/codes/experiments/Mark5/data_labeled/construction/construction_train_199.wav,construction
/content/drive/MyDrive/AImodels/codes/experiments/Mark5/data_labeled/construction/construction_train_200.wav,construction
/content/drive/MyDrive/AImodels/codes/experiments/Mark5/data_labeled/construction/construction_train_201.wav,construction
/content/drive/MyDrive/AImodels/codes/experiments/Mark5/data_labeled/construction/construction_train_202.wav,construction
/content/drive/MyDrive/AImodels/codes/experiments/Mark5/data_labeled/construction/construction_train_203.wav,construction
/content/drive/MyDrive/AImodels/codes/experiments/Mark5/data_labeled/construction/construction_train_204.wav,construction
/content/drive/MyDrive/AImodels/codes/experiments/Mark5/data_labeled/construction/construction_train_205.wav,construction
/content/drive/MyDrive/AImodels/codes/experiments/Mark5/data_labeled/construction/construction_train_206.wav,construction
/content/drive/MyDrive/AImodels/codes/experiments/Mark5/data_labeled/construction/construction_train_207.wav,construction
/content/drive/MyDrive/AImodels/codes/experiments/Mark5/data_labeled/construction/construction_train_208.wav,construction
/content/drive/MyDrive/AImodels/codes/experiments/Mark5/data_labeled/construction/construction_train_209.wav,construction
/content/drive/MyDrive/AImodels/codes/experiments/Mark5/data_labeled/construction/construction_train_210.wav,construction
/content/drive/MyDrive/AImodels/codes/experiments/Mark5/data_labeled/construction/construction_train_211.wav,construction
/content/drive/MyDrive/AImodels/codes/experiments/Mark5/data_labeled/construction/construction_train_212.wav,construction
/content/drive/MyDrive/AImodels/codes/experiments/Mark5/data_labeled/construction/construction_train_213.wav,construction
/content/drive/MyDrive/AImodels/codes/experiments/Mark5/data_labeled/construction/construction_train_214.wav,construction
/content/drive/MyDrive/AImodels/codes/experiments/Mark5/data_labeled/construction/construction_train_215.wav,construction
/content/drive/MyDrive/AImodels/codes/experiments/Mark5/data_labeled/construction/construction_train_216.wav,construction
/content/drive/MyDrive/AImodels/codes/experiments/Mark5/data_labeled/construction/construction_train_217.wav,construction
/content/drive/MyDrive/AImodels/codes/experiments/Mark5/data_labeled/construction/construction_train_218.wav,construction
/content/drive/MyDrive/AImodels/codes/experiments/Mark5/data_labeled/construction/construction_train_219.wav,construction
/content/drive/MyDrive/AImodels/codes/experiments/Mark5/data_labeled/construction/construction_train_220.wav,construction
/content/drive/MyDrive/AImodels/codes/experiments/Mark5/data_labeled/construction/construction_train_221.wav,construction
/content/drive/MyDrive/AImodels/codes/experiments/Mark5/data_labeled/construction/construction_train_222.wav,construction
/content/drive/MyDrive/AImodels/codes/experiments/Mark5/data_labeled/dog_bark/dog_bark_train_001.wav,dog_bark
/content/drive/MyDrive/AImodels/codes/experiments/Mark5/data_labeled/dog_bark/dog_bark_train_002.wav,dog_bark
/content/drive/MyDrive/AImodels/codes/experiments/Mark5/data_labeled/dog_bark/dog_bark_train_003.wav,dog_bark
/content/drive/MyDrive/AImodels/codes/experiments/Mark5/data_labeled/dog_bark/dog_bark_train_004.wav,dog_bark
/content/drive/MyDrive/AImodels/codes/experiments/Mark5/data_labeled/dog_bark/dog_bark_train_005.wav,dog_bark
/content/drive/MyDrive/AImodels/codes/experiments/Mark5/data_labeled/dog_bark/dog_bark_train_006.wav,dog_bark
/content/drive/MyDrive/AImodels/codes/experiments/Mark5/data_labeled/dog_bark/dog_bark_train_007.wav,dog_bark
/content/drive/MyDrive/AImodels/codes/experiments/Mark5/data_labeled/dog_bark/dog_bark_train_008.wav,dog_bark
/content/drive/MyDrive/AImodels/codes/experiments/Mark5/data_labeled/dog_bark/dog_bark_train_009.wav,dog_bark
/content/drive/MyDrive/AImodels/codes/experiments/Mark5/data_labeled/dog_bark/dog_bark_train_010.wav,dog_bark
/content/drive/MyDrive/AImodels/codes/experiments/Mark5/data_labeled/dog_bark/dog_bark_train_011.wav,dog_bark
/content/drive/MyDrive/AImodels/codes/experiments/Mark5/data_labeled/dog_bark/dog_bark_train_012.wav,dog_bark
/content/drive/MyDrive/AImodels/codes/experiments/Mark5/data_labeled/dog_bark/dog_bark_train_013.wav,dog_bark
/content/drive/MyDrive/AImodels/codes/experiments/Mark5/data_labeled/dog_bark/dog_bark_train_014.wav,dog_bark
/content/drive/MyDrive/AImodels/codes/experiments/Mark5/data_labeled/dog_bark/dog_bark_train_015.wav,dog_bark
/content/drive/MyDrive/AImodels/codes/experiments/Mark5/data_labeled/dog_bark/dog_bark_train_016.wav,dog_bark
/content/drive/MyDrive/AImodels/codes/experiments/Mark5/data_labeled/dog_bark/dog_bark_train_017.wav,dog_bark
/content/drive/MyDrive/AImodels/codes/experiments/Mark5/data_labeled/dog_bark/dog_bark_train_018.wav,dog_bark
/content/drive/MyDrive/AImodels/codes/experiments/Mark5/data_labeled/dog_bark/dog_bark_train_019.wav,dog_bark
/content/drive/MyDrive/AImodels/codes/experiments/Mark5/data_labeled/dog_bark/dog_bark_train_020.wav,dog_bark
/content/drive/MyDrive/AImodels/codes/experiments/Mark5/data_labeled/dog_bark/dog_bark_train_021.wav,dog_bark
/content/drive/MyDrive/AImodels/codes/experiments/Mark5/data_labeled/dog_bark/dog_bark_train_022.wav,dog_bark
/content/drive/MyDrive/AImodels/codes/experiments/Mark5/data_labeled/dog_bark/dog_bark_train_023.wav,dog_bark
/content/drive/MyDrive/AImodels/codes/experiments/Mark5/data_labeled/dog_bark/dog_bark_train_024.wav,dog_bark
/content/drive/MyDrive/AImodels/codes/experiments/Mark5/data_labeled/dog_bark/dog_bark_train_025.wav,dog_bark
/content/drive/MyDrive/AImodels/codes/experiments/Mark5/data_labeled/dog_bark/dog_bark_train_026.wav,dog_bark
/content/drive/MyDrive/AImodels/codes/experiments/Mark5/data_labeled/dog_bark/dog_bark_train_027.wav,dog_bark
/content/drive/MyDrive/AImodels/codes/experiments/Mark5/data_labeled/dog_bark/dog_bark_train_028.wav,dog_bark
/content/drive/MyDrive/AImodels/codes/experiments/Mark5/data_labeled/dog_bark/dog_bark_train_029.wav,dog_bark
/content/drive/MyDrive/AImodels/codes/experiments/Mark5/data_labeled/dog_bark/dog_bark_train_030.wav,dog_bark
/content/drive/MyDrive/AImodels/codes/experiments/Mark5/data_labeled/dog_bark/dog_bark_train_031.wav,dog_bark
/content/drive/MyDrive/AImodels/codes/experiments/Mark5/data_labeled/dog_bark/dog_bark_train_032.wav,dog_bark
/content/drive/MyDrive/AImodels/codes/experiments/Mark5/data_labeled/dog_bark/dog_bark_train_033.wav,dog_bark
/content/drive/MyDrive/AImodels/codes/experiments/Mark5/data_labeled/dog_bark/dog_bark_train_034.wav,dog_bark
/content/drive/MyDrive/AImodels/codes/experiments/Mark5/data_labeled/dog_bark/dog_bark_train_035.wav,dog_bark
/content/drive/MyDrive/AImodels/codes/experiments/Mark5/data_labeled/dog_bark/dog_bark_train_036.wav,dog_bark
/content/drive/MyDrive/AImodels/codes/experiments/Mark5/data_labeled/dog_bark/dog_bark_train_037.wav,dog_bark
/content/drive/MyDrive/AImodels/codes/experiments/Mark5/data_labeled/dog_bark/dog_bark_train_038.wav,dog_bark
/content/drive/MyDrive/AImodels/codes/experiments/Mark5/data_labeled/dog_bark/dog_bark_train_039.wav,dog_bark
/content/drive/MyDrive/AImodels/codes/experiments/Mark5/data_labeled/dog_bark/dog_bark_train_040.wav,dog_bark
/content/drive/MyDrive/AImodels/codes/experiments/Mark5/data_labeled/dog_bark/dog_bark_train_041.wav,dog_bark
/content/drive/MyDrive/AImodels/codes/experiments/Mark5/data_labeled/dog_bark/dog_bark_train_042.wav,dog_bark
/content/drive/MyDrive/AImodels/codes/experiments/Mark5/data_labeled/dog_bark/dog_bark_train_043.wav,dog_bark
/content/drive/MyDrive/AImodels/codes/experiments/Mark5/data_labeled/dog_bark/dog_bark_train_044.wav,dog_bark
/content/drive/MyDrive/AImodels/codes/experiments/Mark5/data_labeled/dog_bark/dog_bark_train_045.wav,dog_bark
/content/drive/MyDrive/AImodels/codes/experiments/Mark5/data_labeled/dog_bark/dog_bark_train_046.wav,dog_bark
/content/drive/MyDrive/AImodels/codes/experiments/Mark5/data_labeled/dog_bark/dog_bark_train_047.wav,dog_bark
/content/drive/MyDrive/AImodels/codes/experiments/Mark5/data_labeled/dog_bark/dog_bark_train_048.wav,dog_bark
/content/drive/MyDrive/AImodels/codes/experiments/Mark5/data_labeled/dog_bark/dog_bark_train_049.wav,dog_bark
/content/drive/MyDrive/AImodels/codes/experiments/Mark5/data_labeled/dog_bark/dog_bark_train_050.wav,dog_bark
/content/drive/MyDrive/AImodels/codes/experiments/Mark5/data_labeled/dog_bark/dog_bark_train_051.wav,dog_bark
/content/drive/MyDrive/AImodels/codes/experiments/Mark5/data_labeled/dog_bark/dog_bark_train_052.wav,dog_bark
/content/drive/MyDrive/AImodels/codes/experiments/Mark5/data_labeled/dog_bark/dog_bark_train_053.wav,dog_bark
/content/drive/MyDrive/AImodels/codes/experiments/Mark5/data_labeled/dog_bark/dog_bark_train_054.wav,dog_bark
/content/drive/MyDrive/AImodels/codes/experiments/Mark5/data_labeled/dog_bark/dog_bark_train_055.wav,dog_bark
/content/drive/MyDrive/AImodels/codes/experiments/Mark5/data_labeled/dog_bark/dog_bark_train_056.wav,dog_bark
/content/drive/MyDrive/AImodels/codes/experiments/Mark5/data_labeled/dog_bark/dog_bark_train_057.wav,dog_bark
/content/drive/MyDrive/AImodels/codes/experiments/Mark5/data_labeled/dog_bark/dog_bark_train_058.wav,dog_bark
/content/drive/MyDrive/AImodels/codes/experiments/Mark5/data_labeled/dog_bark/dog_bark_train_059.wav,dog_bark
/content/drive/MyDrive/AImodels/codes/experiments/Mark5/data_labeled/dog_bark/dog_bark_train_060.wav,dog_bark
/content/drive/MyDrive/AImodels/codes/experiments/Mark5/data_labeled/dog_bark/dog_bark_train_061.wav,dog_bark
/content/drive/MyDrive/AImodels/codes/experiments/Mark5/data_labeled/dog_bark/dog_bark_train_062.wav,dog_bark
/content/drive/MyDrive/AImodels/codes/experiments/Mark5/data_labeled/dog_bark/dog_bark_train_063.wav,dog_bark
/content/drive/MyDrive/AImodels/codes/experiments/Mark5/data_labeled/dog_bark/dog_bark_train_064.wav,dog_bark
/content/drive/MyDrive/AImodels/codes/experiments/Mark5/data_labeled/dog_bark/dog_bark_train_065.wav,dog_bark
/content/drive/MyDrive/AImodels/codes/experiments/Mark5/data_labeled/dog_bark/dog_bark_train_066.wav,dog_bark
/content/drive/MyDrive/AImodels/codes/experiments/Mark5/data_labeled/dog_bark/dog_bark_train_067.wav,dog_bark
/content/drive/MyDrive/AImodels/codes/experiments/Mark5/data_labeled/dog_bark/dog_bark_train_068.wav,dog_bark
/content/drive/MyDrive/AImodels/codes/experiments/Mark5/data_labeled/dog_bark/dog_bark_train_069.wav,dog_bark
/content/drive/MyDrive/AImodels/codes/experiments/Mark5/data_labeled/dog_bark/dog_bark_train_070.wav,dog_bark
/content/drive/MyDrive/AImodels/codes/experiments/Mark5/data_labeled/dog_bark/dog_bark_train_071.wav,dog_bark
/content/drive/MyDrive/AImodels/codes/experiments/Mark5/data_labeled/dog_bark/dog_bark_train_072.wav,dog_bark
/content/drive/MyDrive/AImodels/codes/experiments/Mark5/data_labeled/dog_bark/dog_bark_train_073.wav,dog_bark
/content/drive/MyDrive/AImodels/codes/experiments/Mark5/data_labeled/dog_bark/dog_bark_train_074.wav,dog_bark
/content/drive/MyDrive/AImodels/codes/experiments/Mark5/data_labeled/dog_bark/dog_bark_train_075.wav,dog_bark
/content/drive/MyDrive/AImodels/codes/experiments/Mark5/data_labeled/dog_bark/dog_bark_train_076.wav,dog_bark
/content/drive/MyDrive/AImodels/codes/experiments/Mark5/data_labeled/dog_bark/dog_bark_train_077.wav,dog_bark
/content/drive/MyDrive/AImodels/codes/experiments/Mark5/data_labeled/dog_bark/dog_bark_train_078.wav,dog_bark
/content/drive/MyDrive/AImodels/codes/experiments/Mark5/data_labeled/dog_bark/dog_bark_train_079.wav,dog_bark
/content/drive/MyDrive/AImodels/codes/experiments/Mark5/data_labeled/dog_bark/dog_bark_train_080.wav,dog_bark
/content/drive/MyDrive/AImodels/codes/experiments/Mark5/data_labeled/dog_bark/dog_bark_train_081.wav,dog_bark
/content/drive/MyDrive/AImodels/codes/experiments/Mark5/data_labeled/dog_bark/dog_bark_train_082.wav,dog_bark
/content/drive/MyDrive/AImodels/codes/experiments/Mark5/data_labeled/dog_bark/dog_bark_train_083.wav,dog_bark
/content/drive/MyDrive/AImodels/codes/experiments/Mark5/data_labeled/dog_bark/dog_bark_train_084.wav,dog_bark
/content/drive/MyDrive/AImodels/codes/experiments/Mark5/data_labeled/dog_bark/dog_bark_train_085.wav,dog_bark
/content/drive/MyDrive/AImodels/codes/experiments/Mark5/data_labeled/dog_bark/dog_bark_train_086.wav,dog_bark
/content/drive/MyDrive/AImodels/codes/experiments/Mark5/data_labeled/dog_bark/dog_bark_train_087.wav,dog_bark
/content/drive/MyDrive/AImodels/codes/experiments/Mark5/data_labeled/dog_bark/dog_bark_train_088.wav,dog_bark
/content/drive/MyDrive/AImodels/codes/experiments/Mark5/data_labeled/dog_bark/dog_bark_train_089.wav,dog_bark
/content/drive/MyDrive/AImodels/codes/experiments/Mark5/data_labeled/dog_bark/dog_bark_train_090.wav,dog_bark
/content/drive/MyDrive/AImodels/codes/experiments/Mark5/data_labeled/dog_bark/dog_bark_train_091.wav,dog_bark
/content/drive/MyDrive/AImodels/codes/experiments/Mark5/data_labeled/dog_bark/dog_bark_train_092.wav,dog_bark
/content/drive/MyDrive/AImodels/codes/experiments/Mark5/data_labeled/dog_bark/dog_bark_train_093.wav,dog_bark
/content/drive/MyDrive/AImodels/codes/experiments/Mark5/data_labeled/dog_bark/dog_bark_train_094.wav,dog_bark
/content/drive/MyDrive/AImodels/codes/experiments/Mark5/data_labeled/dog_bark/dog_bark_train_095.wav,dog_bark
/content/drive/MyDrive/AImodels/codes/experiments/Mark5/data_labeled/dog_bark/dog_bark_train_096.wav,dog_bark
/content/drive/MyDrive/AImodels/codes/experiments/Mark5/data_labeled/dog_bark/dog_bark_train_097.wav,dog_bark
/content/drive/MyDrive/AImodels/codes/experiments/Mark5/data_labeled/dog_bark/dog_bark_train_098.wav,dog_bark
/content/drive/MyDrive/AImodels/codes/experiments/Mark5/data_labeled/dog_bark/dog_bark_train_099.wav,dog_bark
/content/drive/MyDrive/AImodels/codes/experiments/Mark5/data_labeled/dog_bark/dog_bark_train_100.wav,dog_bark
/content/drive/MyDrive/AImodels/codes/experiments/Mark5/data_labeled/dog_bark/dog_bark_train_101.wav,dog_bark
/content/drive/MyDrive/AImodels/codes/experiments/Mark5/data_labeled/dog_bark/dog_bark_train_102.wav,dog_bark
/content/drive/MyDrive/AImodels/codes/experiments/Mark5/data_labeled/dog_bark/dog_bark_train_103.wav,dog_bark
/content/drive/MyDrive/AImodels/codes/experiments/Mark5/data_labeled/dog_bark/dog_bark_train_104.wav,dog_bark
/content/drive/MyDrive/AImodels/codes/experiments/Mark5/data_labeled/dog_bark/dog_bark_train_105.wav,dog_bark
/content/drive/MyDrive/AImodels/codes/experiments/Mark5/data_labeled/dog_bark/dog_bark_train_106.wav,dog_bark
/content/drive/MyDrive/AImodels/codes/experiments/Mark5/data_labeled/dog_bark/dog_bark_train_107.wav,dog_bark
/content/drive/MyDrive/AImodels/codes/experiments/Mark5/data_labeled/dog_bark/dog_bark_train_108.wav,dog_bark
/content/drive/MyDrive/AImodels/codes/experiments/Mark5/data_labeled/dog_bark/dog_bark_train_109.wav,dog_bark
/content/drive/MyDrive/AImodels/codes/experiments/Mark5/data_labeled/dog_bark/dog_bark_train_110.wav,dog_bark
/content/drive/MyDrive/AImodels/codes/experiments/Mark5/data_labeled/dog_bark/dog_bark_train_111.wav,dog_bark
/content/drive/MyDrive/AImodels/codes/experiments/Mark5/data_labeled/dog_bark/dog_bark_train_112.wav,dog_bark
/content/drive/MyDrive/AImodels/codes/experiments/Mark5/data_labeled/dog_bark/dog_bark_train_113.wav,dog_bark
/content/drive/MyDrive/AImodels/codes/experiments/Mark5/data_labeled/dog_bark/dog_bark_train_114.wav,dog_bark
/content/drive/MyDrive/AImodels/codes/experiments/Mark5/data_labeled/dog_bark/dog_bark_train_115.wav,dog_bark
/content/drive/MyDrive/AImodels/codes/experiments/Mark5/data_labeled/dog_bark/dog_bark_train_116.wav,dog_bark
/content/drive/MyDrive/AImodels/codes/experiments/Mark5/data_labeled/dog_bark/dog_bark_train_117.wav,dog_bark
/content/drive/MyDrive/AImodels/codes/experiments/Mark5/data_labeled/dog_bark/dog_bark_train_118.wav,dog_bark
/content/drive/MyDrive/AImodels/codes/experiments/Mark5/data_labeled/dog_bark/dog_bark_train_119.wav,dog_bark
/content/drive/MyDrive/AImodels/codes/experiments/Mark5/data_labeled/dog_bark/dog_bark_train_120.wav,dog_bark
/content/drive/MyDrive/AImodels/codes/experiments/Mark5/data_labeled/dog_bark/dog_bark_train_121.wav,dog_bark
/content/drive/MyDrive/AImodels/codes/experiments/Mark5/data_labeled/dog_bark/dog_bark_train_122.wav,dog_bark
/content/drive/MyDrive/AImodels/codes/experiments/Mark5/data_labeled/dog_bark/dog_bark_train_123.wav,dog_bark
/content/drive/MyDrive/AImodels/codes/experiments/Mark5/data_labeled/dog_bark/dog_bark_train_124.wav,dog_bark
/content/drive/MyDrive/AImodels/codes/experiments/Mark5/data_labeled/dog_bark/dog_bark_train_125.wav,dog_bark
/content/drive/MyDrive/AImodels/codes/experiments/Mark5/data_labeled/dog_bark/dog_bark_train_126.wav,dog_bark
/content/drive/MyDrive/AImodels/codes/experiments/Mark5/data_labeled/dog_bark/dog_bark_train_127.wav,dog_bark
/content/drive/MyDrive/AImodels/codes/experiments/Mark5/data_labeled/dog_bark/dog_bark_train_128.wav,dog_bark
/content/drive/MyDrive/AImodels/codes/experiments/Mark5/data_labeled/dog_bark/dog_bark_train_129.wav,dog_bark
/content/drive/MyDrive/AImodels/codes/experiments/Mark5/data_labeled/dog_bark/dog_bark_train_130.wav,dog_bark
/content/drive/MyDrive/AImodels/codes/experiments/Mark5/data_labeled/dog_bark/dog_bark_train_131.wav,dog_bark
/content/drive/MyDrive/AImodels/codes/experiments/Mark5/data_labeled/dog_bark/dog_bark_train_132.wav,dog_bark
/content/drive/MyDrive/AImodels/codes/experiments/Mark5/data_labeled/dog_bark/dog_bark_train_133.wav,dog_bark
/content/drive/MyDrive/AImodels/codes/experiments/Mark5/data_labeled/dog_bark/dog_bark_train_134.wav,dog_bark
/content/drive/MyDrive/AImodels/codes/experiments/Mark5/data_labeled/dog_bark/dog_bark_train_135.wav,dog_bark
/content/drive/MyDrive/AImodels/codes/experiments/Mark5/data_labeled/dog_bark/dog_bark_train_136.wav,dog_bark
/content/drive/MyDrive/AImodels/codes/experiments/Mark5/data_labeled/dog_bark/dog_bark_train_137.wav,dog_bark
/content/drive/MyDrive/AImodels/codes/experiments/Mark5/data_labeled/dog_bark/dog_bark_train_138.wav,dog_bark
/content/drive/MyDrive/AImodels/codes/experiments/Mark5/data_labeled/dog_bark/dog_bark_train_139.wav,dog_bark
/content/drive/MyDrive/AImodels/codes/experiments/Mark5/data_labeled/dog_bark/dog_bark_train_140.wav,dog_bark
/content/drive/MyDrive/AImodels/codes/experiments/Mark5/data_labeled/dog_bark/dog_bark_train_141.wav,dog_bark
/content/drive/MyDrive/AImodels/codes/experiments/Mark5/data_labeled/dog_bark/dog_bark_train_142.wav,dog_bark
/content/drive/MyDrive/AImodels/codes/experiments/Mark5/data_labeled/dog_bark/dog_bark_train_143.wav,dog_bark
/content/drive/MyDrive/AImodels/codes/experiments/Mark5/data_labeled/dog_bark/dog_bark_train_144.wav,dog_bark
/content/drive/MyDrive/AImodels/codes/experiments/Mark5/data_labeled/dog_bark/dog_bark_train_145.wav,dog_bark
/content/drive/MyDrive/AImodels/codes/experiments/Mark5/data_labeled/dog_bark/dog_bark_train_146.wav,dog_bark
/content/drive/MyDrive/AImodels/codes/experiments/Mark5/data_labeled/dog_bark/dog_bark_train_147.wav,dog_bark
/content/drive/MyDrive/AImodels/codes/experiments/Mark5/data_labeled/dog_bark/dog_bark_train_148.wav,dog_bark
/content/drive/MyDrive/AImodels/codes/experiments/Mark5/data_labeled/dog_bark/dog_bark_train_149.wav,dog_bark
/content/drive/MyDrive/AImodels/codes/experiments/Mark5/data_labeled/dog_bark/dog_bark_train_150.wav,dog_bark
/content/drive/MyDrive/AImodels/codes/experiments/Mark5/data_labeled/dog_bark/dog_bark_train_151.wav,dog_bark
/content/drive/MyDrive/AImodels/codes/experiments/Mark5/data_labeled/dog_bark/dog_bark_train_152.wav,dog_bark
/content/drive/MyDrive/AImodels/codes/experiments/Mark5/data_labeled/dog_bark/dog_bark_train_153.wav,dog_bark
/content/drive/MyDrive/AImodels/codes/experiments/Mark5/data_labeled/dog_bark/dog_bark_train_154.wav,dog_bark
/content/drive/MyDrive/AImodels/codes/experiments/Mark5/data_labeled/dog_bark/dog_bark_train_155.wav,dog_bark
/content/drive/MyDrive/AImodels/codes/experiments/Mark5/data_labeled/dog_bark/dog_bark_train_156.wav,dog_bark
/content/drive/MyDrive/AImodels/codes/experiments/Mark5/data_labeled/dog_bark/dog_bark_train_157.wav,dog_bark
/content/drive/MyDrive/AImodels/codes/experiments/Mark5/data_labeled/dog_bark/dog_bark_train_158.wav,dog_bark
/content/drive/MyDrive/AImodels/codes/experiments/Mark5/data_labeled/dog_bark/dog_bark_train_159.wav,dog_bark
/content/drive/MyDrive/AImodels/codes/experiments/Mark5/data_labeled/dog_bark/dog_bark_train_160.wav,dog_bark
/content/drive/MyDrive/AImodels/codes/experiments/Mark5/data_labeled/dog_bark/dog_bark_train_161.wav,dog_bark
/content/drive/MyDrive/AImodels/codes/experiments/Mark5/data_labeled/dog_bark/dog_bark_train_162.wav,dog_bark
/content/drive/MyDrive/AImodels/codes/experiments/Mark5/data_labeled/dog_bark/dog_bark_train_163.wav,dog_bark
/content/drive/MyDrive/AImodels/codes/experiments/Mark5/data_labeled/dog_bark/dog_bark_train_164.wav,dog_bark
/content/drive/MyDrive/AImodels/codes/experiments/Mark5/data_labeled/dog_bark/dog_bark_train_165.wav,dog_bark
/content/drive/MyDrive/AImodels/codes/experiments/Mark5/data_labeled/dog_bark/dog_bark_train_166.wav,dog_bark
/content/drive/MyDrive/AImodels/codes/experiments/Mark5/data_labeled/dog_bark/dog_bark_train_167.wav,dog_bark
/content/drive/MyDrive/AImodels/codes/experiments/Mark5/data_labeled/dog_bark/dog_bark_train_168.wav,dog_bark
/content/drive/MyDrive/AImodels/codes/experiments/Mark5/data_labeled/dog_bark/dog_bark_train_169.wav,dog_bark
/content/drive/MyDrive/AImodels/codes/experiments/Mark5/data_labeled/dog_bark/dog_bark_train_170.wav,dog_bark
/content/drive/MyDrive/AImodels/codes/experiments/Mark5/data_labeled/dog_bark/dog_bark_train_171.wav,dog_bark
/content/drive/MyDrive/AImodels/codes/experiments/Mark5/data_labeled/dog_bark/dog_bark_train_172.wav,dog_bark
/content/drive/MyDrive/AImodels/codes/experiments/Mark5/data_labeled/dog_bark/dog_bark_train_173.wav,dog_bark
/content/drive/MyDrive/AImodels/codes/experiments/Mark5/data_labeled/dog_bark/dog_bark_train_174.wav,dog_bark
/content/drive/MyDrive/AImodels/codes/experiments/Mark5/data_labeled/dog_bark/dog_bark_train_175.wav,dog_bark
/content/drive/MyDrive/AImodels/codes/experiments/Mark5/data_labeled/dog_bark/dog_bark_train_176.wav,dog_bark
/content/drive/MyDrive/AImodels/codes/experiments/Mark5/data_labeled/dog_bark/dog_bark_train_177.wav,dog_bark
/content/drive/MyDrive/AImodels/codes/experiments/Mark5/data_labeled/dog_bark/dog_bark_train_178.wav,dog_bark
/content/drive/MyDrive/AImodels/codes/experiments/Mark5/data_labeled/dog_bark/dog_bark_train_179.wav,dog_bark
/content/drive/MyDrive/AImodels/codes/experiments/Mark5/data_labeled/dog_bark/dog_bark_train_180.wav,dog_bark
/content/drive/MyDrive/AImodels/codes/experiments/Mark5/data_labeled/dog_bark/dog_bark_train_181.wav,dog_bark
/content/drive/MyDrive/AImodels/codes/experiments/Mark5/data_labeled/dog_bark/dog_bark_train_182.wav,dog_bark
/content/drive/MyDrive/AImodels/codes/experiments/Mark5/data_labeled/dog_bark/dog_bark_train_183.wav,dog_bark
/content/drive/MyDrive/AImodels/codes/experiments/Mark5/data_labeled/dog_bark/dog_bark_train_184.wav,dog_bark
/content/drive/MyDrive/AImodels/codes/experiments/Mark5/data_labeled/dog_bark/dog_bark_train_185.wav,dog_bark
/content/drive/MyDrive/AImodels/codes/experiments/Mark5/data_labeled/dog_bark/dog_bark_train_186.wav,dog_bark
/content/drive/MyDrive/AImodels/codes/experiments/Mark5/data_labeled/dog_bark/dog_bark_train_187.wav,dog_bark
/content/drive/MyDrive/AImodels/codes/experiments/Mark5/data_labeled/dog_bark/dog_bark_train_188.wav,dog_bark
/content/drive/MyDrive/AImodels/codes/experiments/Mark5/data_labeled/dog_bark/dog_bark_train_189.wav,dog_bark
/content/drive/MyDrive/AImodels/codes/experiments/Mark5/data_labeled/dog_bark/dog_bark_train_190.wav,dog_bark
/content/drive/MyDrive/AImodels/codes/experiments/Mark5/data_labeled/dog_bark/dog_bark_train_191.wav,dog_bark
/content/drive/MyDrive/AImodels/codes/experiments/Mark5/data_labeled/dog_bark/dog_bark_train_192.wav,dog_bark
/content/drive/MyDrive/AImodels/codes/experiments/Mark5/data_labeled/dog_bark/dog_bark_train_193.wav,dog_bark
/content/drive/MyDrive/AImodels/codes/experiments/Mark5/data_labeled/dog_bark/dog_bark_train_194.wav,dog_bark
/content/drive/MyDrive/AImodels/codes/experiments/Mark5/data_labeled/dog_bark/dog_bark_train_195.wav,dog_bark
/content/drive/MyDrive/AImodels/codes/experiments/Mark5/data_labeled/dog_bark/dog_bark_train_196.wav,dog_bark
/content/drive/MyDrive/AImodels/codes/experiments/Mark5/data_labeled/dog_bark/dog_bark_train_197.wav,dog_bark
/content/drive/MyDrive/AImodels/codes/experiments/Mark5/data_labeled/dog_bark/dog_bark_train_198.wav,dog_bark
/content/drive/MyDrive/AImodels/codes/experiments/Mark5/data_labeled/dog_bark/dog_bark_train_199.wav,dog_bark
/content/drive/MyDrive/AImodels/codes/experiments/Mark5/data_labeled/dog_bark/dog_bark_train_200.wav,dog_bark
/content/drive/MyDrive/AImodels/codes/experiments/Mark5/data_labeled/dog_bark/dog_bark_train_201.wav,dog_bark
/content/drive/MyDrive/AImodels/codes/experiments/Mark5/data_labeled/dog_bark/dog_bark_train_202.wav,dog_bark
/content/drive/MyDrive/AImodels/codes/experiments/Mark5/data_labeled/dog_bark/dog_bark_train_203.wav,dog_bark
/content/drive/MyDrive/AImodels/codes/experiments/Mark5/data_labeled/dog_bark/dog_bark_train_204.wav,dog_bark
/content/drive/MyDrive/AImodels/codes/experiments/Mark5/data_labeled/dog_bark/dog_bark_train_205.wav,dog_bark
/content/drive/MyDrive/AImodels/codes/experiments/Mark5/data_labeled/dog_bark/dog_bark_train_206.wav,dog_bark
/content/drive/MyDrive/AImodels/codes/experiments/Mark5/data_labeled/dog_bark/dog_bark_train_207.wav,dog_bark
/content/drive/MyDrive/AImodels/codes/experiments/Mark5/data_labeled/dog_bark/dog_bark_train_208.wav,dog_bark
/content/drive/MyDrive/AImodels/codes/experiments/Mark5/data_labeled/dog_bark/dog_bark_train_209.wav,dog_bark
/content/drive/MyDrive/AImodels/codes/experiments/Mark5/data_labeled/dog_bark/dog_bark_train_210.wav,dog_bark
/content/drive/MyDrive/AImodels/codes/experiments/Mark5/data_labeled/dog_bark/dog_bark_train_211.wav,dog_bark
/content/drive/MyDrive/AImodels/codes/experiments/Mark5/data_labeled/dog_bark/dog_bark_train_212.wav,dog_bark
/content/drive/MyDrive/AImodels/codes/experiments/Mark5/data_labeled/dog_bark/dog_bark_train_213.wav,dog_bark
/content/drive/MyDrive/AImodels/codes/experiments/Mark5/data_labeled/dog_bark/dog_bark_train_214.wav,dog_bark
/content/drive/MyDrive/AImodels/codes/experiments/Mark5/data_labeled/dog_bark/dog_bark_train_215.wav,dog_bark
/content/drive/MyDrive/AImodels/codes/experiments/Mark5/data_labeled/dog_bark/dog_bark_train_216.wav,dog_bark
/content/drive/MyDrive/AImodels/codes/experiments/Mark5/data_labeled/dog_bark/dog_bark_train_217.wav,dog_bark
/content/drive/MyDrive/AImodels/codes/experiments/Mark5/data_labeled/dog_bark/dog_bark_train_218.wav,dog_bark
/content/drive/MyDrive/AImodels/codes/experiments/Mark5/data_labeled/dog_bark/dog_bark_train_219.wav,dog_bark
/content/drive/MyDrive/AImodels/codes/experiments/Mark5/data_labeled/dog_bark/dog_bark_train_220.wav,dog_bark
/content/drive/MyDrive/AImodels/codes/experiments/Mark5/data_labeled/dog_bark/dog_bark_train_221.wav,dog_bark
/content/drive/MyDrive/AImodels/codes/experiments/Mark5/data_labeled/dog_bark/dog_bark_train_222.wav,dog_bark
/content/drive/MyDrive/AImodels/codes/experiments/Mark5/data_labeled/dragging/dragging_train_001.wav,dragging
/content/drive/MyDrive/AImodels/codes/experiments/Mark5/data_labeled/dragging/dragging_train_002.wav,dragging
/content/drive/MyDrive/AImodels/codes/experiments/Mark5/data_labeled/dragging/dragging_train_003.wav,dragging
/content/drive/MyDrive/AImodels/codes/experiments/Mark5/data_labeled/dragging/dragging_train_004.wav,dragging
/content/drive/MyDrive/AImodels/codes/experiments/Mark5/data_labeled/dragging/dragging_train_005.wav,dragging
/content/drive/MyDrive/AImodels/codes/experiments/Mark5/data_labeled/dragging/dragging_train_006.wav,dragging
/content/drive/MyDrive/AImodels/codes/experiments/Mark5/data_labeled/dragging/dragging_train_007.wav,dragging
/content/drive/MyDrive/AImodels/codes/experiments/Mark5/data_labeled/dragging/dragging_train_008.wav,dragging
/content/drive/MyDrive/AImodels/codes/experiments/Mark5/data_labeled/dragging/dragging_train_009.wav,dragging
/content/drive/MyDrive/AImodels/codes/experiments/Mark5/data_labeled/dragging/dragging_train_010.wav,dragging
/content/drive/MyDrive/AImodels/codes/experiments/Mark5/data_labeled/dragging/dragging_train_011.wav,dragging
/content/drive/MyDrive/AImodels/codes/experiments/Mark5/data_labeled/dragging/dragging_train_012.wav,dragging
/content/drive/MyDrive/AImodels/codes/experiments/Mark5/data_labeled/dragging/dragging_train_013.wav,dragging
/content/drive/MyDrive/AImodels/codes/experiments/Mark5/data_labeled/dragging/dragging_train_014.wav,dragging
/content/drive/MyDrive/AImodels/codes/experiments/Mark5/data_labeled/dragging/dragging_train_015.wav,dragging
/content/drive/MyDrive/AImodels/codes/experiments/Mark5/data_labeled/dragging/dragging_train_016.wav,dragging
/content/drive/MyDrive/AImodels/codes/experiments/Mark5/data_labeled/dragging/dragging_train_017.wav,dragging
/content/drive/MyDrive/AImodels/codes/experiments/Mark5/data_labeled/dragging/dragging_train_018.wav,dragging
/content/drive/MyDrive/AImodels/codes/experiments/Mark5/data_labeled/dragging/dragging_train_019.wav,dragging
/content/drive/MyDrive/AImodels/codes/experiments/Mark5/data_labeled/dragging/dragging_train_020.wav,dragging
/content/drive/MyDrive/AImodels/codes/experiments/Mark5/data_labeled/dragging/dragging_train_021.wav,dragging
/content/drive/MyDrive/AImodels/codes/experiments/Mark5/data_labeled/dragging/dragging_train_022.wav,dragging
/content/drive/MyDrive/AImodels/codes/experiments/Mark5/data_labeled/dragging/dragging_train_023.wav,dragging
/content/drive/MyDrive/AImodels/codes/experiments/Mark5/data_labeled/dragging/dragging_train_024.wav,dragging
/content/drive/MyDrive/AImodels/codes/experiments/Mark5/data_labeled/dragging/dragging_train_025.wav,dragging
/content/drive/MyDrive/AImodels/codes/experiments/Mark5/data_labeled/dragging/dragging_train_026.wav,dragging
/content/drive/MyDrive/AImodels/codes/experiments/Mark5/data_labeled/dragging/dragging_train_027.wav,dragging
/content/drive/MyDrive/AImodels/codes/experiments/Mark5/data_labeled/dragging/dragging_train_028.wav,dragging
/content/drive/MyDrive/AImodels/codes/experiments/Mark5/data_labeled/dragging/dragging_train_029.wav,dragging
/content/drive/MyDrive/AImodels/codes/experiments/Mark5/data_labeled/dragging/dragging_train_030.wav,dragging
/content/drive/MyDrive/AImodels/codes/experiments/Mark5/data_labeled/dragging/dragging_train_031.wav,dragging
/content/drive/MyDrive/AImodels/codes/experiments/Mark5/data_labeled/dragging/dragging_train_032.wav,dragging
/content/drive/MyDrive/AImodels/codes/experiments/Mark5/data_labeled/dragging/dragging_train_033.wav,dragging
/content/drive/MyDrive/AImodels/codes/experiments/Mark5/data_labeled/dragging/dragging_train_034.wav,dragging
/content/drive/MyDrive/AImodels/codes/experiments/Mark5/data_labeled/dragging/dragging_train_035.wav,dragging
/content/drive/MyDrive/AImodels/codes/experiments/Mark5/data_labeled/dragging/dragging_train_036.wav,dragging
/content/drive/MyDrive/AImodels/codes/experiments/Mark5/data_labeled/dragging/dragging_train_037.wav,dragging
/content/drive/MyDrive/AImodels/codes/experiments/Mark5/data_labeled/dragging/dragging_train_038.wav,dragging
/content/drive/MyDrive/AImodels/codes/experiments/Mark5/data_labeled/dragging/dragging_train_039.wav,dragging
/content/drive/MyDrive/AImodels/codes/experiments/Mark5/data_labeled/dragging/dragging_train_040.wav,dragging
/content/drive/MyDrive/AImodels/codes/experiments/Mark5/data_labeled/dragging/dragging_train_041.wav,dragging
/content/drive/MyDrive/AImodels/codes/experiments/Mark5/data_labeled/dragging/dragging_train_042.wav,dragging
/content/drive/MyDrive/AImodels/codes/experiments/Mark5/data_labeled/dragging/dragging_train_043.wav,dragging
/content/drive/MyDrive/AImodels/codes/experiments/Mark5/data_labeled/dragging/dragging_train_044.wav,dragging
/content/drive/MyDrive/AImodels/codes/experiments/Mark5/data_labeled/dragging/dragging_train_045.wav,dragging
/content/drive/MyDrive/AImodels/codes/experiments/Mark5/data_labeled/dragging/dragging_train_046.wav,dragging
/content/drive/MyDrive/AImodels/codes/experiments/Mark5/data_labeled/dragging/dragging_train_047.wav,dragging
/content/drive/MyDrive/AImodels/codes/experiments/Mark5/data_labeled/dragging/dragging_train_048.wav,dragging
/content/drive/MyDrive/AImodels/codes/experiments/Mark5/data_labeled/dragging/dragging_train_049.wav,dragging
/content/drive/MyDrive/AImodels/codes/experiments/Mark5/data_labeled/dragging/dragging_train_050.wav,dragging
/content/drive/MyDrive/AImodels/codes/experiments/Mark5/data_labeled/dragging/dragging_train_051.wav,dragging
/content/drive/MyDrive/AImodels/codes/experiments/Mark5/data_labeled/dragging/dragging_train_052.wav,dragging
/content/drive/MyDrive/AImodels/codes/experiments/Mark5/data_labeled/dragging/dragging_train_053.wav,dragging
/content/drive/MyDrive/AImodels/codes/experiments/Mark5/data_labeled/dragging/dragging_train_054.wav,dragging
/content/drive/MyDrive/AImodels/codes/experiments/Mark5/data_labeled/dragging/dragging_train_055.wav,dragging
/content/drive/MyDrive/AImodels/codes/experiments/Mark5/data_labeled/dragging/dragging_train_056.wav,dragging
/content/drive/MyDrive/AImodels/codes/experiments/Mark5/data_labeled/dragging/dragging_train_057.wav,dragging
/content/drive/MyDrive/AImodels/codes/experiments/Mark5/data_labeled/dragging/dragging_train_058.wav,dragging
/content/drive/MyDrive/AImodels/codes/experiments/Mark5/data_labeled/dragging/dragging_train_059.wav,dragging
/content/drive/MyDrive/AImodels/codes/experiments/Mark5/data_labeled/dragging/dragging_train_060.wav,dragging
/content/drive/MyDrive/AImodels/codes/experiments/Mark5/data_labeled/dragging/dragging_train_061.wav,dragging
/content/drive/MyDrive/AImodels/codes/experiments/Mark5/data_labeled/dragging/dragging_train_062.wav,dragging
/content/drive/MyDrive/AImodels/codes/experiments/Mark5/data_labeled/dragging/dragging_train_063.wav,dragging
/content/drive/MyDrive/AImodels/codes/experiments/Mark5/data_labeled/dragging/dragging_train_064.wav,dragging
/content/drive/MyDrive/AImodels/codes/experiments/Mark5/data_labeled/dragging/dragging_train_065.wav,dragging
/content/drive/MyDrive/AImodels/codes/experiments/Mark5/data_labeled/dragging/dragging_train_066.wav,dragging
/content/drive/MyDrive/AImodels/codes/experiments/Mark5/data_labeled/dragging/dragging_train_067.wav,dragging
/content/drive/MyDrive/AImodels/codes/experiments/Mark5/data_labeled/dragging/dragging_train_068.wav,dragging
/content/drive/MyDrive/AImodels/codes/experiments/Mark5/data_labeled/dragging/dragging_train_069.wav,dragging
/content/drive/MyDrive/AImodels/codes/experiments/Mark5/data_labeled/dragging/dragging_train_070.wav,dragging
/content/drive/MyDrive/AImodels/codes/experiments/Mark5/data_labeled/dragging/dragging_train_071.wav,dragging
/content/drive/MyDrive/AImodels/codes/experiments/Mark5/data_labeled/dragging/dragging_train_072.wav,dragging
/content/drive/MyDrive/AImodels/codes/experiments/Mark5/data_labeled/dragging/dragging_train_073.wav,dragging
/content/drive/MyDrive/AImodels/codes/experiments/Mark5/data_labeled/dragging/dragging_train_074.wav,dragging
/content/drive/MyDrive/AImodels/codes/experiments/Mark5/data_labeled/dragging/dragging_train_075.wav,dragging
/content/drive/MyDrive/AImodels/codes/experiments/Mark5/data_labeled/dragging/dragging_train_076.wav,dragging
/content/drive/MyDrive/AImodels/codes/experiments/Mark5/data_labeled/dragging/dragging_train_077.wav,dragging
/content/drive/MyDrive/AImodels/codes/experiments/Mark5/data_labeled/dragging/dragging_train_078.wav,dragging
/content/drive/MyDrive/AImodels/codes/experiments/Mark5/data_labeled/dragging/dragging_train_079.wav,dragging
/content/drive/MyDrive/AImodels/codes/experiments/Mark5/data_labeled/dragging/dragging_train_080.wav,dragging
/content/drive/MyDrive/AImodels/codes/experiments/Mark5/data_labeled/dragging/dragging_train_081.wav,dragging
/content/drive/MyDrive/AImodels/codes/experiments/Mark5/data_labeled/dragging/dragging_train_082.wav,dragging
/content/drive/MyDrive/AImodels/codes/experiments/Mark5/data_labeled/dragging/dragging_train_083.wav,dragging
/content/drive/MyDrive/AImodels/codes/experiments/Mark5/data_labeled/dragging/dragging_train_084.wav,dragging
/content/drive/MyDrive/AImodels/codes/experiments/Mark5/data_labeled/dragging/dragging_train_085.wav,dragging
/content/drive/MyDrive/AImodels/codes/experiments/Mark5/data_labeled/dragging/dragging_train_086.wav,dragging
/content/drive/MyDrive/AImodels/codes/experiments/Mark5/data_labeled/dragging/dragging_train_087.wav,dragging
/content/drive/MyDrive/AImodels/codes/experiments/Mark5/data_labeled/dragging/dragging_train_088.wav,dragging
/content/drive/MyDrive/AImodels/codes/experiments/Mark5/data_labeled/dragging/dragging_train_089.wav,dragging
/content/drive/MyDrive/AImodels/codes/experiments/Mark5/data_labeled/dragging/dragging_train_090.wav,dragging
/content/drive/MyDrive/AImodels/codes/experiments/Mark5/data_labeled/dragging/dragging_train_091.wav,dragging
/content/drive/MyDrive/AImodels/codes/experiments/Mark5/data_labeled/dragging/dragging_train_092.wav,dragging
/content/drive/MyDrive/AImodels/codes/experiments/Mark5/data_labeled/dragging/dragging_train_093.wav,dragging
/content/drive/MyDrive/AImodels/codes/experiments/Mark5/data_labeled/dragging/dragging_train_094.wav,dragging
/content/drive/MyDrive/AImodels/codes/experiments/Mark5/data_labeled/dragging/dragging_train_095.wav,dragging
/content/drive/MyDrive/AImodels/codes/experiments/Mark5/data_labeled/dragging/dragging_train_096.wav,dragging
/content/drive/MyDrive/AImodels/codes/experiments/Mark5/data_labeled/dragging/dragging_train_097.wav,dragging
/content/drive/MyDrive/AImodels/codes/experiments/Mark5/data_labeled/dragging/dragging_train_098.wav,dragging
/content/drive/MyDrive/AImodels/codes/experiments/Mark5/data_labeled/dragging/dragging_train_099.wav,dragging
/content/drive/MyDrive/AImodels/codes/experiments/Mark5/data_labeled/dragging/dragging_train_100.wav,dragging
/content/drive/MyDrive/AImodels/codes/experiments/Mark5/data_labeled/dragging/dragging_train_101.wav,dragging
/content/drive/MyDrive/AImodels/codes/experiments/Mark5/data_labeled/dragging/dragging_train_102.wav,dragging
/content/drive/MyDrive/AImodels/codes/experiments/Mark5/data_labeled/dragging/dragging_train_103.wav,dragging
/content/drive/MyDrive/AImodels/codes/experiments/Mark5/data_labeled/dragging/dragging_train_104.wav,dragging
/content/drive/MyDrive/AImodels/codes/experiments/Mark5/data_labeled/dragging/dragging_train_105.wav,dragging
/content/drive/MyDrive/AImodels/codes/experiments/Mark5/data_labeled/dragging/dragging_train_106.wav,dragging
/content/drive/MyDrive/AImodels/codes/experiments/Mark5/data_labeled/dragging/dragging_train_107.wav,dragging
/content/drive/MyDrive/AImodels/codes/experiments/Mark5/data_labeled/dragging/dragging_train_108.wav,dragging
/content/drive/MyDrive/AImodels/codes/experiments/Mark5/data_labeled/dragging/dragging_train_109.wav,dragging
/content/drive/MyDrive/AImodels/codes/experiments/Mark5/data_labeled/dragging/dragging_train_110.wav,dragging
/content/drive/MyDrive/AImodels/codes/experiments/Mark5/data_labeled/dragging/dragging_train_111.wav,dragging
/content/drive/MyDrive/AImodels/codes/experiments/Mark5/data_labeled/dragging/dragging_train_112.wav,dragging
/content/drive/MyDrive/AImodels/codes/experiments/Mark5/data_labeled/dragging/dragging_train_113.wav,dragging
/content/drive/MyDrive/AImodels/codes/experiments/Mark5/data_labeled/dragging/dragging_train_114.wav,dragging
/content/drive/MyDrive/AImodels/codes/experiments/Mark5/data_labeled/dragging/dragging_train_115.wav,dragging
/content/drive/MyDrive/AImodels/codes/experiments/Mark5/data_labeled/dragging/dragging_train_116.wav,dragging
/content/drive/MyDrive/AImodels/codes/experiments/Mark5/data_labeled/dragging/dragging_train_117.wav,dragging
/content/drive/MyDrive/AImodels/codes/experiments/Mark5/data_labeled/dragging/dragging_train_118.wav,dragging
/content/drive/MyDrive/AImodels/codes/experiments/Mark5/data_labeled/dragging/dragging_train_119.wav,dragging
/content/drive/MyDrive/AImodels/codes/experiments/Mark5/data_labeled/dragging/dragging_train_120.wav,dragging
/content/drive/MyDrive/AImodels/codes/experiments/Mark5/data_labeled/dragging/dragging_train_121.wav,dragging
/content/drive/MyDrive/AImodels/codes/experiments/Mark5/data_labeled/dragging/dragging_train_122.wav,dragging
/content/drive/MyDrive/AImodels/codes/experiments/Mark5/data_labeled/dragging/dragging_train_123.wav,dragging
/content/drive/MyDrive/AImodels/codes/experiments/Mark5/data_labeled/dragging/dragging_train_124.wav,dragging
/content/drive/MyDrive/AImodels/codes/experiments/Mark5/data_labeled/dragging/dragging_train_125.wav,dragging
/content/drive/MyDrive/AImodels/codes/experiments/Mark5/data_labeled/dragging/dragging_train_126.wav,dragging
/content/drive/MyDrive/AImodels/codes/experiments/Mark5/data_labeled/dragging/dragging_train_127.wav,dragging
/content/drive/MyDrive/AImodels/codes/experiments/Mark5/data_labeled/dragging/dragging_train_128.wav,dragging
/content/drive/MyDrive/AImodels/codes/experiments/Mark5/data_labeled/dragging/dragging_train_129.wav,dragging
/content/drive/MyDrive/AImodels/codes/experiments/Mark5/data_labeled/dragging/dragging_train_130.wav,dragging
/content/drive/MyDrive/AImodels/codes/experiments/Mark5/data_labeled/dragging/dragging_train_131.wav,dragging
/content/drive/MyDrive/AImodels/codes/experiments/Mark5/data_labeled/dragging/dragging_train_132.wav,dragging
/content/drive/MyDrive/AImodels/codes/experiments/Mark5/data_labeled/dragging/dragging_train_133.wav,dragging
/content/drive/MyDrive/AImodels/codes/experiments/Mark5/data_labeled/dragging/dragging_train_134.wav,dragging
/content/drive/MyDrive/AImodels/codes/experiments/Mark5/data_labeled/dragging/dragging_train_135.wav,dragging
/content/drive/MyDrive/AImodels/codes/experiments/Mark5/data_labeled/dragging/dragging_train_136.wav,dragging
/content/drive/MyDrive/AImodels/codes/experiments/Mark5/data_labeled/dragging/dragging_train_137.wav,dragging
/content/drive/MyDrive/AImodels/codes/experiments/Mark5/data_labeled/dragging/dragging_train_138.wav,dragging
/content/drive/MyDrive/AImodels/codes/experiments/Mark5/data_labeled/dragging/dragging_train_139.wav,dragging
/content/drive/MyDrive/AImodels/codes/experiments/Mark5/data_labeled/dragging/dragging_train_140.wav,dragging
/content/drive/MyDrive/AImodels/codes/experiments/Mark5/data_labeled/dragging/dragging_train_141.wav,dragging
/content/drive/MyDrive/AImodels/codes/experiments/Mark5/data_labeled/dragging/dragging_train_142.wav,dragging
/content/drive/MyDrive/AImodels/codes/experiments/Mark5/data_labeled/dragging/dragging_train_143.wav,dragging
/content/drive/MyDrive/AImodels/codes/experiments/Mark5/data_labeled/dragging/dragging_train_144.wav,dragging
/content/drive/MyDrive/AImodels/codes/experiments/Mark5/data_labeled/dragging/dragging_train_145.wav,dragging
/content/drive/MyDrive/AImodels/codes/experiments/Mark5/data_labeled/dragging/dragging_train_146.wav,dragging
/content/drive/MyDrive/AImodels/codes/experiments/Mark5/data_labeled/dragging/dragging_train_147.wav,dragging
/content/drive/MyDrive/AImodels/codes/experiments/Mark5/data_labeled/dragging/dragging_train_148.wav,dragging
/content/drive/MyDrive/AImodels/codes/experiments/Mark5/data_labeled/dragging/dragging_train_149.wav,dragging
/content/drive/MyDrive/AImodels/codes/experiments/Mark5/data_labeled/dragging/dragging_train_150.wav,dragging
/content/drive/MyDrive/AImodels/codes/experiments/Mark5/data_labeled/dragging/dragging_train_151.wav,dragging
/content/drive/MyDrive/AImodels/codes/experiments/Mark5/data_labeled/dragging/dragging_train_152.wav,dragging
/content/drive/MyDrive/AImodels/codes/experiments/Mark5/data_labeled/dragging/dragging_train_153.wav,dragging
/content/drive/MyDrive/AImodels/codes/experiments/Mark5/data_labeled/dragging/dragging_train_154.wav,dragging
/content/drive/MyDrive/AImodels/codes/experiments/Mark5/data_labeled/dragging/dragging_train_155.wav,dragging
/content/drive/MyDrive/AImodels/codes/experiments/Mark5/data_labeled/dragging/dragging_train_156.wav,dragging
/content/drive/MyDrive/AImodels/codes/experiments/Mark5/data_labeled/dragging/dragging_train_157.wav,dragging
/content/drive/MyDrive/AImodels/codes/experiments/Mark5/data_labeled/dragging/dragging_train_158.wav,dragging
/content/drive/MyDrive/AImodels/codes/experiments/Mark5/data_labeled/dragging/dragging_train_159.wav,dragging
/content/drive/MyDrive/AImodels/codes/experiments/Mark5/data_labeled/dragging/dragging_train_160.wav,dragging
/content/drive/MyDrive/AImodels/codes/experiments/Mark5/data_labeled/dragging/dragging_train_161.wav,dragging
/content/drive/MyDrive/AImodels/codes/experiments/Mark5/data_labeled/dragging/dragging_train_162.wav,dragging
/content/drive/MyDrive/AImodels/codes/experiments/Mark5/data_labeled/dragging/dragging_train_163.wav,dragging
/content/drive/MyDrive/AImodels/codes/experiments/Mark5/data_labeled/dragging/dragging_train_164.wav,dragging
/content/drive/MyDrive/AImodels/codes/experiments/Mark5/data_labeled/dragging/dragging_train_165.wav,dragging
/content/drive/MyDrive/AImodels/codes/experiments/Mark5/data_labeled/dragging/dragging_train_166.wav,dragging
/content/drive/MyDrive/AImodels/codes/experiments/Mark5/data_labeled/dragging/dragging_train_167.wav,dragging
/content/drive/MyDrive/AImodels/codes/experiments/Mark5/data_labeled/dragging/dragging_train_168.wav,dragging
/content/drive/MyDrive/AImodels/codes/experiments/Mark5/data_labeled/dragging/dragging_train_169.wav,dragging
/content/drive/MyDrive/AImodels/codes/experiments/Mark5/data_labeled/dragging/dragging_train_170.wav,dragging
/content/drive/MyDrive/AImodels/codes/experiments/Mark5/data_labeled/dragging/dragging_train_171.wav,dragging
/content/drive/MyDrive/AImodels/codes/experiments/Mark5/data_labeled/dragging/dragging_train_172.wav,dragging
/content/drive/MyDrive/AImodels/codes/experiments/Mark5/data_labeled/dragging/dragging_train_173.wav,dragging
/content/drive/MyDrive/AImodels/codes/experiments/Mark5/data_labeled/dragging/dragging_train_174.wav,dragging
/content/drive/MyDrive/AImodels/codes/experiments/Mark5/data_labeled/dragging/dragging_train_175.wav,dragging
/content/drive/MyDrive/AImodels/codes/experiments/Mark5/data_labeled/dragging/dragging_train_176.wav,dragging
/content/drive/MyDrive/AImodels/codes/experiments/Mark5/data_labeled/dragging/dragging_train_177.wav,dragging
/content/drive/MyDrive/AImodels/codes/experiments/Mark5/data_labeled/dragging/dragging_train_178.wav,dragging
/content/drive/MyDrive/AImodels/codes/experiments/Mark5/data_labeled/dragging/dragging_train_179.wav,dragging
/content/drive/MyDrive/AImodels/codes/experiments/Mark5/data_labeled/dragging/dragging_train_180.wav,dragging
/content/drive/MyDrive/AImodels/codes/experiments/Mark5/data_labeled/dragging/dragging_train_181.wav,dragging
/content/drive/MyDrive/AImodels/codes/experiments/Mark5/data_labeled/dragging/dragging_train_182.wav,dragging
/content/drive/MyDrive/AImodels/codes/experiments/Mark5/data_labeled/dragging/dragging_train_183.wav,dragging
/content/drive/MyDrive/AImodels/codes/experiments/Mark5/data_labeled/dragging/dragging_train_184.wav,dragging
/content/drive/MyDrive/AImodels/codes/experiments/Mark5/data_labeled/dragging/dragging_train_185.wav,dragging
/content/drive/MyDrive/AImodels/codes/experiments/Mark5/data_labeled/dragging/dragging_train_186.wav,dragging
/content/drive/MyDrive/AImodels/codes/experiments/Mark5/data_labeled/dragging/dragging_train_187.wav,dragging
/content/drive/MyDrive/AImodels/codes/experiments/Mark5/data_labeled/dragging/dragging_train_188.wav,dragging
/content/drive/MyDrive/AImodels/codes/experiments/Mark5/data_labeled/dragging/dragging_train_189.wav,dragging
/content/drive/MyDrive/AImodels/codes/experiments/Mark5/data_labeled/dragging/dragging_train_190.wav,dragging
/content/drive/MyDrive/AImodels/codes/experiments/Mark5/data_labeled/dragging/dragging_train_191.wav,dragging
/content/drive/MyDrive/AImodels/codes/experiments/Mark5/data_labeled/dragging/dragging_train_192.wav,dragging
/content/drive/MyDrive/AImodels/codes/experiments/Mark5/data_labeled/dragging/dragging_train_193.wav,dragging
/content/drive/MyDrive/AImodels/codes/experiments/Mark5/data_labeled/dragging/dragging_train_194.wav,dragging
/content/drive/MyDrive/AImodels/codes/experiments/Mark5/data_labeled/dragging/dragging_train_195.wav,dragging
/content/drive/MyDrive/AImodels/codes/experiments/Mark5/data_labeled/dragging/dragging_train_196.wav,dragging
/content/drive/MyDrive/AImodels/codes/experiments/Mark5/data_labeled/dragging/dragging_train_197.wav,dragging
/content/drive/MyDrive/AImodels/codes/experiments/Mark5/data_labeled/dragging/dragging_train_198.wav,dragging
/content/drive/MyDrive/AImodels/codes/experiments/Mark5/data_labeled/dragging/dragging_train_199.wav,dragging
/content/drive/MyDrive/AImodels/codes/experiments/Mark5/data_labeled/dragging/dragging_train_200.wav,dragging
/content/drive/MyDrive/AImodels/codes/experiments/Mark5/data_labeled/dragging/dragging_train_201.wav,dragging
/content/drive/MyDrive/AImodels/codes/experiments/Mark5/data_labeled/dragging/dragging_train_202.wav,dragging
/content/drive/MyDrive/AImodels/codes/experiments/Mark5/data_labeled/dragging/dragging_train_203.wav,dragging
/content/drive/MyDrive/AImodels/codes/experiments/Mark5/data_labeled/dragging/dragging_train_204.wav,dragging
/content/drive/MyDrive/AImodels/codes/experiments/Mark5/data_labeled/dragging/dragging_train_205.wav,dragging
/content/drive/MyDrive/AImodels/codes/experiments/Mark5/data_labeled/dragging/dragging_train_206.wav,dragging
/content/drive/MyDrive/AImodels/codes/experiments/Mark5/data_labeled/dragging/dragging_train_207.wav,dragging
/content/drive/MyDrive/AImodels/codes/experiments/Mark5/data_labeled/dragging/dragging_train_208.wav,dragging
/content/drive/MyDrive/AImodels/codes/experiments/Mark5/data_labeled/dragging/dragging_train_209.wav,dragging
/content/drive/MyDrive/AImodels/codes/experiments/Mark5/data_labeled/dragging/dragging_train_210.wav,dragging
/content/drive/MyDrive/AImodels/codes/experiments/Mark5/data_labeled/dragging/dragging_train_211.wav,dragging
/content/drive/MyDrive/AImodels/codes/experiments/Mark5/data_labeled/dragging/dragging_train_212.wav,dragging
/content/drive/MyDrive/AImodels/codes/experiments/Mark5/data_labeled/dragging/dragging_train_213.wav,dragging
/content/drive/MyDrive/AImodels/codes/experiments/Mark5/data_labeled/dragging/dragging_train_214.wav,dragging
/content/drive/MyDrive/AImodels/codes/experiments/Mark5/data_labeled/dragging/dragging_train_215.wav,dragging
/content/drive/MyDrive/AImodels/codes/experiments/Mark5/data_labeled/dragging/dragging_train_216.wav,dragging
/content/drive/MyDrive/AImodels/codes/experiments/Mark5/data_labeled/dragging/dragging_train_217.wav,dragging
/content/drive/MyDrive/AImodels/codes/experiments/Mark5/data_labeled/dragging/dragging_train_218.wav,dragging
/content/drive/MyDrive/AImodels/codes/experiments/Mark5/data_labeled/dragging/dragging_train_219.wav,dragging
/content/drive/MyDrive/AImodels/codes/experiments/Mark5/data_labeled/dragging/dragging_train_220.wav,dragging
/content/drive/MyDrive/AImodels/codes/experiments/Mark5/data_labeled/dragging/dragging_train_221.wav,dragging
/content/drive/MyDrive/AImodels/codes/experiments/Mark5/data_labeled/dragging/dragging_train_222.wav,dragging
/content/drive/MyDrive/AImodels/codes/experiments/Mark5/data_labeled/dragging/dragging_train_223.wav,dragging
/content/drive/MyDrive/AImodels/codes/experiments/Mark5/data_labeled/heavy_impact/heavy_impact_train_001.wav,heavy_impact
/content/drive/MyDrive/AImodels/codes/experiments/Mark5/data_labeled/heavy_impact/heavy_impact_train_002.wav,heavy_impact
/content/drive/MyDrive/AImodels/codes/experiments/Mark5/data_labeled/heavy_impact/heavy_impact_train_003.wav,heavy_impact
/content/drive/MyDrive/AImodels/codes/experiments/Mark5/data_labeled/heavy_impact/heavy_impact_train_004.wav,heavy_impact
/content/drive/MyDrive/AImodels/codes/experiments/Mark5/data_labeled/heavy_impact/heavy_impact_train_005.wav,heavy_impact
/content/drive/MyDrive/AImodels/codes/experiments/Mark5/data_labeled/heavy_impact/heavy_impact_train_006.wav,heavy_impact
/content/drive/MyDrive/AImodels/codes/experiments/Mark5/data_labeled/heavy_impact/heavy_impact_train_007.wav,heavy_impact
/content/drive/MyDrive/AImodels/codes/experiments/Mark5/data_labeled/heavy_impact/heavy_impact_train_008.wav,heavy_impact
/content/drive/MyDrive/AImodels/codes/experiments/Mark5/data_labeled/heavy_impact/heavy_impact_train_009.wav,heavy_impact
/content/drive/MyDrive/AImodels/codes/experiments/Mark5/data_labeled/heavy_impact/heavy_impact_train_010.wav,heavy_impact
/content/drive/MyDrive/AImodels/codes/experiments/Mark5/data_labeled/heavy_impact/heavy_impact_train_011.wav,heavy_impact
/content/drive/MyDrive/AImodels/codes/experiments/Mark5/data_labeled/heavy_impact/heavy_impact_train_012.wav,heavy_impact
/content/drive/MyDrive/AImodels/codes/experiments/Mark5/data_labeled/heavy_impact/heavy_impact_train_013.wav,heavy_impact
/content/drive/MyDrive/AImodels/codes/experiments/Mark5/data_labeled/heavy_impact/heavy_impact_train_014.wav,heavy_impact
/content/drive/MyDrive/AImodels/codes/experiments/Mark5/data_labeled/heavy_impact/heavy_impact_train_015.wav,heavy_impact
/content/drive/MyDrive/AImodels/codes/experiments/Mark5/data_labeled/heavy_impact/heavy_impact_train_016.wav,heavy_impact
/content/drive/MyDrive/AImodels/codes/experiments/Mark5/data_labeled/heavy_impact/heavy_impact_train_017.wav,heavy_impact
/content/drive/MyDrive/AImodels/codes/experiments/Mark5/data_labeled/heavy_impact/heavy_impact_train_018.wav,heavy_impact
/content/drive/MyDrive/AImodels/codes/experiments/Mark5/data_labeled/heavy_impact/heavy_impact_train_019.wav,heavy_impact
/content/drive/MyDrive/AImodels/codes/experiments/Mark5/data_labeled/heavy_impact/heavy_impact_train_020.wav,heavy_impact
/content/drive/MyDrive/AImodels/codes/experiments/Mark5/data_labeled/heavy_impact/heavy_impact_train_021.wav,heavy_impact
/content/drive/MyDrive/AImodels/codes/experiments/Mark5/data_labeled/heavy_impact/heavy_impact_train_022.wav,heavy_impact
/content/drive/MyDrive/AImodels/codes/experiments/Mark5/data_labeled/heavy_impact/heavy_impact_train_023.wav,heavy_impact
/content/drive/MyDrive/AImodels/codes/experiments/Mark5/data_labeled/heavy_impact/heavy_impact_train_024.wav,heavy_impact
/content/drive/MyDrive/AImodels/codes/experiments/Mark5/data_labeled/heavy_impact/heavy_impact_train_025.wav,heavy_impact
/content/drive/MyDrive/AImodels/codes/experiments/Mark5/data_labeled/heavy_impact/heavy_impact_train_026.wav,heavy_impact
/content/drive/MyDrive/AImodels/codes/experiments/Mark5/data_labeled/heavy_impact/heavy_impact_train_027.wav,heavy_impact
/content/drive/MyDrive/AImodels/codes/experiments/Mark5/data_labeled/heavy_impact/heavy_impact_train_028.wav,heavy_impact
/content/drive/MyDrive/AImodels/codes/experiments/Mark5/data_labeled/heavy_impact/heavy_impact_train_029.wav,heavy_impact
/content/drive/MyDrive/AImodels/codes/experiments/Mark5/data_labeled/heavy_impact/heavy_impact_train_030.wav,heavy_impact
/content/drive/MyDrive/AImodels/codes/experiments/Mark5/data_labeled/heavy_impact/heavy_impact_train_031.wav,heavy_impact
/content/drive/MyDrive/AImodels/codes/experiments/Mark5/data_labeled/heavy_impact/heavy_impact_train_032.wav,heavy_impact
/content/drive/MyDrive/AImodels/codes/experiments/Mark5/data_labeled/heavy_impact/heavy_impact_train_033.wav,heavy_impact
/content/drive/MyDrive/AImodels/codes/experiments/Mark5/data_labeled/heavy_impact/heavy_impact_train_034.wav,heavy_impact
/content/drive/MyDrive/AImodels/codes/experiments/Mark5/data_labeled/heavy_impact/heavy_impact_train_035.wav,heavy_impact
/content/drive/MyDrive/AImodels/codes/experiments/Mark5/data_labeled/heavy_impact/heavy_impact_train_036.wav,heavy_impact
/content/drive/MyDrive/AImodels/codes/experiments/Mark5/data_labeled/heavy_impact/heavy_impact_train_037.wav,heavy_impact
/content/drive/MyDrive/AImodels/codes/experiments/Mark5/data_labeled/heavy_impact/heavy_impact_train_038.wav,heavy_impact
/content/drive/MyDrive/AImodels/codes/experiments/Mark5/data_labeled/heavy_impact/heavy_impact_train_039.wav,heavy_impact
/content/drive/MyDrive/AImodels/codes/experiments/Mark5/data_labeled/heavy_impact/heavy_impact_train_040.wav,heavy_impact
/content/drive/MyDrive/AImodels/codes/experiments/Mark5/data_labeled/heavy_impact/heavy_impact_train_041.wav,heavy_impact
/content/drive/MyDrive/AImodels/codes/experiments/Mark5/data_labeled/heavy_impact/heavy_impact_train_042.wav,heavy_impact
/content/drive/MyDrive/AImodels/codes/experiments/Mark5/data_labeled/heavy_impact/heavy_impact_train_043.wav,heavy_impact
/content/drive/MyDrive/AImodels/codes/experiments/Mark5/data_labeled/heavy_impact/heavy_impact_train_044.wav,heavy_impact
/content/drive/MyDrive/AImodels/codes/experiments/Mark5/data_labeled/heavy_impact/heavy_impact_train_045.wav,heavy_impact
/content/drive/MyDrive/AImodels/codes/experiments/Mark5/data_labeled/heavy_impact/heavy_impact_train_046.wav,heavy_impact
/content/drive/MyDrive/AImodels/codes/experiments/Mark5/data_labeled/heavy_impact/heavy_impact_train_047.wav,heavy_impact
/content/drive/MyDrive/AImodels/codes/experiments/Mark5/data_labeled/heavy_impact/heavy_impact_train_048.wav,heavy_impact
/content/drive/MyDrive/AImodels/codes/experiments/Mark5/data_labeled/heavy_impact/heavy_impact_train_049.wav,heavy_impact
/content/drive/MyDrive/AImodels/codes/experiments/Mark5/data_labeled/heavy_impact/heavy_impact_train_050.wav,heavy_impact
/content/drive/MyDrive/AImodels/codes/experiments/Mark5/data_labeled/heavy_impact/heavy_impact_train_051.wav,heavy_impact
/content/drive/MyDrive/AImodels/codes/experiments/Mark5/data_labeled/heavy_impact/heavy_impact_train_052.wav,heavy_impact
/content/drive/MyDrive/AImodels/codes/experiments/Mark5/data_labeled/heavy_impact/heavy_impact_train_053.wav,heavy_impact
/content/drive/MyDrive/AImodels/codes/experiments/Mark5/data_labeled/heavy_impact/heavy_impact_train_054.wav,heavy_impact
/content/drive/MyDrive/AImodels/codes/experiments/Mark5/data_labeled/heavy_impact/heavy_impact_train_055.wav,heavy_impact
/content/drive/MyDrive/AImodels/codes/experiments/Mark5/data_labeled/heavy_impact/heavy_impact_train_056.wav,heavy_impact
/content/drive/MyDrive/AImodels/codes/experiments/Mark5/data_labeled/heavy_impact/heavy_impact_train_057.wav,heavy_impact
/content/drive/MyDrive/AImodels/codes/experiments/Mark5/data_labeled/heavy_impact/heavy_impact_train_058.wav,heavy_impact
/content/drive/MyDrive/AImodels/codes/experiments/Mark5/data_labeled/heavy_impact/heavy_impact_train_059.wav,heavy_impact
/content/drive/MyDrive/AImodels/codes/experiments/Mark5/data_labeled/heavy_impact/heavy_impact_train_060.wav,heavy_impact
/content/drive/MyDrive/AImodels/codes/experiments/Mark5/data_labeled/heavy_impact/heavy_impact_train_061.wav,heavy_impact
/content/drive/MyDrive/AImodels/codes/experiments/Mark5/data_labeled/heavy_impact/heavy_impact_train_062.wav,heavy_impact
/content/drive/MyDrive/AImodels/codes/experiments/Mark5/data_labeled/heavy_impact/heavy_impact_train_063.wav,heavy_impact
/content/drive/MyDrive/AImodels/codes/experiments/Mark5/data_labeled/heavy_impact/heavy_impact_train_064.wav,heavy_impact
/content/drive/MyDrive/AImodels/codes/experiments/Mark5/data_labeled/heavy_impact/heavy_impact_train_065.wav,heavy_impact
/content/drive/MyDrive/AImodels/codes/experiments/Mark5/data_labeled/heavy_impact/heavy_impact_train_066.wav,heavy_impact
/content/drive/MyDrive/AImodels/codes/experiments/Mark5/data_labeled/heavy_impact/heavy_impact_train_067.wav,heavy_impact
/content/drive/MyDrive/AImodels/codes/experiments/Mark5/data_labeled/heavy_impact/heavy_impact_train_068.wav,heavy_impact
/content/drive/MyDrive/AImodels/codes/experiments/Mark5/data_labeled/heavy_impact/heavy_impact_train_069.wav,heavy_impact
/content/drive/MyDrive/AImodels/codes/experiments/Mark5/data_labeled/heavy_impact/heavy_impact_train_070.wav,heavy_impact
/content/drive/MyDrive/AImodels/codes/experiments/Mark5/data_labeled/heavy_impact/heavy_impact_train_071.wav,heavy_impact
/content/drive/MyDrive/AImodels/codes/experiments/Mark5/data_labeled/heavy_impact/heavy_impact_train_072.wav,heavy_impact
/content/drive/MyDrive/AImodels/codes/experiments/Mark5/data_labeled/heavy_impact/heavy_impact_train_073.wav,heavy_impact
/content/drive/MyDrive/AImodels/codes/experiments/Mark5/data_labeled/heavy_impact/heavy_impact_train_074.wav,heavy_impact
/content/drive/MyDrive/AImodels/codes/experiments/Mark5/data_labeled/heavy_impact/heavy_impact_train_075.wav,heavy_impact
/content/drive/MyDrive/AImodels/codes/experiments/Mark5/data_labeled/heavy_impact/heavy_impact_train_076.wav,heavy_impact
/content/drive/MyDrive/AImodels/codes/experiments/Mark5/data_labeled/heavy_impact/heavy_impact_train_077.wav,heavy_impact
/content/drive/MyDrive/AImodels/codes/experiments/Mark5/data_labeled/heavy_impact/heavy_impact_train_078.wav,heavy_impact
/content/drive/MyDrive/AImodels/codes/experiments/Mark5/data_labeled/heavy_impact/heavy_impact_train_079.wav,heavy_impact
/content/drive/MyDrive/AImodels/codes/experiments/Mark5/data_labeled/heavy_impact/heavy_impact_train_080.wav,heavy_impact
/content/drive/MyDrive/AImodels/codes/experiments/Mark5/data_labeled/heavy_impact/heavy_impact_train_081.wav,heavy_impact
/content/drive/MyDrive/AImodels/codes/experiments/Mark5/data_labeled/heavy_impact/heavy_impact_train_082.wav,heavy_impact
/content/drive/MyDrive/AImodels/codes/experiments/Mark5/data_labeled/heavy_impact/heavy_impact_train_083.wav,heavy_impact
/content/drive/MyDrive/AImodels/codes/experiments/Mark5/data_labeled/heavy_impact/heavy_impact_train_084.wav,heavy_impact
/content/drive/MyDrive/AImodels/codes/experiments/Mark5/data_labeled/heavy_impact/heavy_impact_train_085.wav,heavy_impact
/content/drive/MyDrive/AImodels/codes/experiments/Mark5/data_labeled/heavy_impact/heavy_impact_train_086.wav,heavy_impact
/content/drive/MyDrive/AImodels/codes/experiments/Mark5/data_labeled/heavy_impact/heavy_impact_train_087.wav,heavy_impact
/content/drive/MyDrive/AImodels/codes/experiments/Mark5/data_labeled/heavy_impact/heavy_impact_train_088.wav,heavy_impact
/content/drive/MyDrive/AImodels/codes/experiments/Mark5/data_labeled/heavy_impact/heavy_impact_train_089.wav,heavy_impact
/content/drive/MyDrive/AImodels/codes/experiments/Mark5/data_labeled/heavy_impact/heavy_impact_train_090.wav,heavy_impact
/content/drive/MyDrive/AImodels/codes/experiments/Mark5/data_labeled/heavy_impact/heavy_impact_train_091.wav,heavy_impact
/content/drive/MyDrive/AImodels/codes/experiments/Mark5/data_labeled/heavy_impact/heavy_impact_train_092.wav,heavy_impact
/content/drive/MyDrive/AImodels/codes/experiments/Mark5/data_labeled/heavy_impact/heavy_impact_train_093.wav,heavy_impact
/content/drive/MyDrive/AImodels/codes/experiments/Mark5/data_labeled/heavy_impact/heavy_impact_train_094.wav,heavy_impact
/content/drive/MyDrive/AImodels/codes/experiments/Mark5/data_labeled/heavy_impact/heavy_impact_train_095.wav,heavy_impact
/content/drive/MyDrive/AImodels/codes/experiments/Mark5/data_labeled/heavy_impact/heavy_impact_train_096.wav,heavy_impact
/content/drive/MyDrive/AImodels/codes/experiments/Mark5/data_labeled/heavy_impact/heavy_impact_train_097.wav,heavy_impact
/content/drive/MyDrive/AImodels/codes/experiments/Mark5/data_labeled/heavy_impact/heavy_impact_train_098.wav,heavy_impact
/content/drive/MyDrive/AImodels/codes/experiments/Mark5/data_labeled/heavy_impact/heavy_impact_train_099.wav,heavy_impact
/content/drive/MyDrive/AImodels/codes/experiments/Mark5/data_labeled/heavy_impact/heavy_impact_train_100.wav,heavy_impact
/content/drive/MyDrive/AImodels/codes/experiments/Mark5/data_labeled/heavy_impact/heavy_impact_train_101.wav,heavy_impact
/content/drive/MyDrive/AImodels/codes/experiments/Mark5/data_labeled/heavy_impact/heavy_impact_train_102.wav,heavy_impact
/content/drive/MyDrive/AImodels/codes/experiments/Mark5/data_labeled/heavy_impact/heavy_impact_train_103.wav,heavy_impact
/content/drive/MyDrive/AImodels/codes/experiments/Mark5/data_labeled/heavy_impact/heavy_impact_train_104.wav,heavy_impact
/content/drive/MyDrive/AImodels/codes/experiments/Mark5/data_labeled/heavy_impact/heavy_impact_train_105.wav,heavy_impact
/content/drive/MyDrive/AImodels/codes/experiments/Mark5/data_labeled/heavy_impact/heavy_impact_train_106.wav,heavy_impact
/content/drive/MyDrive/AImodels/codes/experiments/Mark5/data_labeled/heavy_impact/heavy_impact_train_107.wav,heavy_impact
/content/drive/MyDrive/AImodels/codes/experiments/Mark5/data_labeled/heavy_impact/heavy_impact_train_108.wav,heavy_impact
/content/drive/MyDrive/AImodels/codes/experiments/Mark5/data_labeled/heavy_impact/heavy_impact_train_109.wav,heavy_impact
/content/drive/MyDrive/AImodels/codes/experiments/Mark5/data_labeled/heavy_impact/heavy_impact_train_110.wav,heavy_impact
/content/drive/MyDrive/AImodels/codes/experiments/Mark5/data_labeled/heavy_impact/heavy_impact_train_111.wav,heavy_impact
/content/drive/MyDrive/AImodels/codes/experiments/Mark5/data_labeled/heavy_impact/heavy_impact_train_112.wav,heavy_impact
/content/drive/MyDrive/AImodels/codes/experiments/Mark5/data_labeled/heavy_impact/heavy_impact_train_113.wav,heavy_impact
/content/drive/MyDrive/AImodels/codes/experiments/Mark5/data_labeled/heavy_impact/heavy_impact_train_114.wav,heavy_impact
/content/drive/MyDrive/AImodels/codes/experiments/Mark5/data_labeled/heavy_impact/heavy_impact_train_115.wav,heavy_impact
/content/drive/MyDrive/AImodels/codes/experiments/Mark5/data_labeled/heavy_impact/heavy_impact_train_116.wav,heavy_impact
/content/drive/MyDrive/AImodels/codes/experiments/Mark5/data_labeled/heavy_impact/heavy_impact_train_117.wav,heavy_impact
/content/drive/MyDrive/AImodels/codes/experiments/Mark5/data_labeled/heavy_impact/heavy_impact_train_118.wav,heavy_impact
/content/drive/MyDrive/AImodels/codes/experiments/Mark5/data_labeled/heavy_impact/heavy_impact_train_119.wav,heavy_impact
/content/drive/MyDrive/AImodels/codes/experiments/Mark5/data_labeled/heavy_impact/heavy_impact_train_120.wav,heavy_impact
/content/drive/MyDrive/AImodels/codes/experiments/Mark5/data_labeled/heavy_impact/heavy_impact_train_121.wav,heavy_impact
/content/drive/MyDrive/AImodels/codes/experiments/Mark5/data_labeled/heavy_impact/heavy_impact_train_122.wav,heavy_impact
/content/drive/MyDrive/AImodels/codes/experiments/Mark5/data_labeled/heavy_impact/heavy_impact_train_123.wav,heavy_impact
/content/drive/MyDrive/AImodels/codes/experiments/Mark5/data_labeled/heavy_impact/heavy_impact_train_124.wav,heavy_impact
/content/drive/MyDrive/AImodels/codes/experiments/Mark5/data_labeled/heavy_impact/heavy_impact_train_125.wav,heavy_impact
/content/drive/MyDrive/AImodels/codes/experiments/Mark5/data_labeled/heavy_impact/heavy_impact_train_126.wav,heavy_impact
/content/drive/MyDrive/AImodels/codes/experiments/Mark5/data_labeled/heavy_impact/heavy_impact_train_127.wav,heavy_impact
/content/drive/MyDrive/AImodels/codes/experiments/Mark5/data_labeled/heavy_impact/heavy_impact_train_128.wav,heavy_impact
/content/drive/MyDrive/AImodels/codes/experiments/Mark5/data_labeled/heavy_impact/heavy_impact_train_129.wav,heavy_impact
/content/drive/MyDrive/AImodels/codes/experiments/Mark5/data_labeled/heavy_impact/heavy_impact_train_130.wav,heavy_impact
/content/drive/MyDrive/AImodels/codes/experiments/Mark5/data_labeled/heavy_impact/heavy_impact_train_131.wav,heavy_impact
/content/drive/MyDrive/AImodels/codes/experiments/Mark5/data_labeled/heavy_impact/heavy_impact_train_132.wav,heavy_impact
/content/drive/MyDrive/AImodels/codes/experiments/Mark5/data_labeled/heavy_impact/heavy_impact_train_133.wav,heavy_impact
/content/drive/MyDrive/AImodels/codes/experiments/Mark5/data_labeled/heavy_impact/heavy_impact_train_134.wav,heavy_impact
/content/drive/MyDrive/AImodels/codes/experiments/Mark5/data_labeled/heavy_impact/heavy_impact_train_135.wav,heavy_impact
/content/drive/MyDrive/AImodels/codes/experiments/Mark5/data_labeled/heavy_impact/heavy_impact_train_136.wav,heavy_impact
/content/drive/MyDrive/AImodels/codes/experiments/Mark5/data_labeled/heavy_impact/heavy_impact_train_137.wav,heavy_impact
/content/drive/MyDrive/AImodels/codes/experiments/Mark5/data_labeled/heavy_impact/heavy_impact_train_138.wav,heavy_impact
/content/drive/MyDrive/AImodels/codes/experiments/Mark5/data_labeled/heavy_impact/heavy_impact_train_139.wav,heavy_impact
/content/drive/MyDrive/AImodels/codes/experiments/Mark5/data_labeled/heavy_impact/heavy_impact_train_140.wav,heavy_impact
/content/drive/MyDrive/AImodels/codes/experiments/Mark5/data_labeled/heavy_impact/heavy_impact_train_141.wav,heavy_impact
/content/drive/MyDrive/AImodels/codes/experiments/Mark5/data_labeled/heavy_impact/heavy_impact_train_142.wav,heavy_impact
/content/drive/MyDrive/AImodels/codes/experiments/Mark5/data_labeled/heavy_impact/heavy_impact_train_143.wav,heavy_impact
/content/drive/MyDrive/AImodels/codes/experiments/Mark5/data_labeled/heavy_impact/heavy_impact_train_144.wav,heavy_impact
/content/drive/MyDrive/AImodels/codes/experiments/Mark5/data_labeled/heavy_impact/heavy_impact_train_145.wav,heavy_impact
/content/drive/MyDrive/AImodels/codes/experiments/Mark5/data_labeled/heavy_impact/heavy_impact_train_146.wav,heavy_impact
/content/drive/MyDrive/AImodels/codes/experiments/Mark5/data_labeled/heavy_impact/heavy_impact_train_147.wav,heavy_impact
/content/drive/MyDrive/AImodels/codes/experiments/Mark5/data_labeled/heavy_impact/heavy_impact_train_148.wav,heavy_impact
/content/drive/MyDrive/AImodels/codes/experiments/Mark5/data_labeled/heavy_impact/heavy_impact_train_149.wav,heavy_impact
/content/drive/MyDrive/AImodels/codes/experiments/Mark5/data_labeled/heavy_impact/heavy_impact_train_150.wav,heavy_impact
/content/drive/MyDrive/AImodels/codes/experiments/Mark5/data_labeled/heavy_impact/heavy_impact_train_151.wav,heavy_impact
/content/drive/MyDrive/AImodels/codes/experiments/Mark5/data_labeled/heavy_impact/heavy_impact_train_152.wav,heavy_impact
/content/drive/MyDrive/AImodels/codes/experiments/Mark5/data_labeled/heavy_impact/heavy_impact_train_153.wav,heavy_impact
/content/drive/MyDrive/AImodels/codes/experiments/Mark5/data_labeled/heavy_impact/heavy_impact_train_154.wav,heavy_impact
/content/drive/MyDrive/AImodels/codes/experiments/Mark5/data_labeled/heavy_impact/heavy_impact_train_155.wav,heavy_impact
/content/drive/MyDrive/AImodels/codes/experiments/Mark5/data_labeled/heavy_impact/heavy_impact_train_156.wav,heavy_impact
/content/drive/MyDrive/AImodels/codes/experiments/Mark5/data_labeled/heavy_impact/heavy_impact_train_157.wav,heavy_impact
/content/drive/MyDrive/AImodels/codes/experiments/Mark5/data_labeled/heavy_impact/heavy_impact_train_158.wav,heavy_impact
/content/drive/MyDrive/AImodels/codes/experiments/Mark5/data_labeled/heavy_impact/heavy_impact_train_159.wav,heavy_impact
/content/drive/MyDrive/AImodels/codes/experiments/Mark5/data_labeled/heavy_impact/heavy_impact_train_160.wav,heavy_impact
/content/drive/MyDrive/AImodels/codes/experiments/Mark5/data_labeled/heavy_impact/heavy_impact_train_161.wav,heavy_impact
/content/drive/MyDrive/AImodels/codes/experiments/Mark5/data_labeled/heavy_impact/heavy_impact_train_162.wav,heavy_impact
/content/drive/MyDrive/AImodels/codes/experiments/Mark5/data_labeled/heavy_impact/heavy_impact_train_163.wav,heavy_impact
/content/drive/MyDrive/AImodels/codes/experiments/Mark5/data_labeled/heavy_impact/heavy_impact_train_164.wav,heavy_impact
/content/drive/MyDrive/AImodels/codes/experiments/Mark5/data_labeled/heavy_impact/heavy_impact_train_165.wav,heavy_impact
/content/drive/MyDrive/AImodels/codes/experiments/Mark5/data_labeled/heavy_impact/heavy_impact_train_166.wav,heavy_impact
/content/drive/MyDrive/AImodels/codes/experiments/Mark5/data_labeled/heavy_impact/heavy_impact_train_167.wav,heavy_impact
/content/drive/MyDrive/AImodels/codes/experiments/Mark5/data_labeled/heavy_impact/heavy_impact_train_168.wav,heavy_impact
/content/drive/MyDrive/AImodels/codes/experiments/Mark5/data_labeled/heavy_impact/heavy_impact_train_169.wav,heavy_impact
/content/drive/MyDrive/AImodels/codes/experiments/Mark5/data_labeled/heavy_impact/heavy_impact_train_170.wav,heavy_impact
/content/drive/MyDrive/AImodels/codes/experiments/Mark5/data_labeled/heavy_impact/heavy_impact_train_171.wav,heavy_impact
/content/drive/MyDrive/AImodels/codes/experiments/Mark5/data_labeled/heavy_impact/heavy_impact_train_172.wav,heavy_impact
/content/drive/MyDrive/AImodels/codes/experiments/Mark5/data_labeled/heavy_impact/heavy_impact_train_173.wav,heavy_impact
/content/drive/MyDrive/AImodels/codes/experiments/Mark5/data_labeled/heavy_impact/heavy_impact_train_174.wav,heavy_impact
/content/drive/MyDrive/AImodels/codes/experiments/Mark5/data_labeled/heavy_impact/heavy_impact_train_175.wav,heavy_impact
/content/drive/MyDrive/AImodels/codes/experiments/Mark5/data_labeled/heavy_impact/heavy_impact_train_176.wav,heavy_impact
/content/drive/MyDrive/AImodels/codes/experiments/Mark5/data_labeled/heavy_impact/heavy_impact_train_177.wav,heavy_impact
/content/drive/MyDrive/AImodels/codes/experiments/Mark5/data_labeled/heavy_impact/heavy_impact_train_178.wav,heavy_impact
/content/drive/MyDrive/AImodels/codes/experiments/Mark5/data_labeled/heavy_impact/heavy_impact_train_179.wav,heavy_impact
/content/drive/MyDrive/AImodels/codes/experiments/Mark5/data_labeled/heavy_impact/heavy_impact_train_180.wav,heavy_impact
/content/drive/MyDrive/AImodels/codes/experiments/Mark5/data_labeled/heavy_impact/heavy_impact_train_181.wav,heavy_impact
/content/drive/MyDrive/AImodels/codes/experiments/Mark5/data_labeled/heavy_impact/heavy_impact_train_182.wav,heavy_impact
/content/drive/MyDrive/AImodels/codes/experiments/Mark5/data_labeled/heavy_impact/heavy_impact_train_183.wav,heavy_impact
/content/drive/MyDrive/AImodels/codes/experiments/Mark5/data_labeled/heavy_impact/heavy_impact_train_184.wav,heavy_impact
/content/drive/MyDrive/AImodels/codes/experiments/Mark5/data_labeled/heavy_impact/heavy_impact_train_185.wav,heavy_impact
/content/drive/MyDrive/AImodels/codes/experiments/Mark5/data_labeled/heavy_impact/heavy_impact_train_186.wav,heavy_impact
/content/drive/MyDrive/AImodels/codes/experiments/Mark5/data_labeled/heavy_impact/heavy_impact_train_187.wav,heavy_impact
/content/drive/MyDrive/AImodels/codes/experiments/Mark5/data_labeled/heavy_impact/heavy_impact_train_188.wav,heavy_impact
/content/drive/MyDrive/AImodels/codes/experiments/Mark5/data_labeled/heavy_impact/heavy_impact_train_189.wav,heavy_impact
/content/drive/MyDrive/AImodels/codes/experiments/Mark5/data_labeled/heavy_impact/heavy_impact_train_190.wav,heavy_impact
/content/drive/MyDrive/AImodels/codes/experiments/Mark5/data_labeled/heavy_impact/heavy_impact_train_191.wav,heavy_impact
/content/drive/MyDrive/AImodels/codes/experiments/Mark5/data_labeled/heavy_impact/heavy_impact_train_192.wav,heavy_impact
/content/drive/MyDrive/AImodels/codes/experiments/Mark5/data_labeled/heavy_impact/heavy_impact_train_193.wav,heavy_impact
/content/drive/MyDrive/AImodels/codes/experiments/Mark5/data_labeled/heavy_impact/heavy_impact_train_194.wav,heavy_impact
/content/drive/MyDrive/AImodels/codes/experiments/Mark5/data_labeled/heavy_impact/heavy_impact_train_195.wav,heavy_impact
/content/drive/MyDrive/AImodels/codes/experiments/Mark5/data_labeled/heavy_impact/heavy_impact_train_196.wav,heavy_impact
/content/drive/MyDrive/AImodels/codes/experiments/Mark5/data_labeled/heavy_impact/heavy_impact_train_197.wav,heavy_impact
/content/drive/MyDrive/AImodels/codes/experiments/Mark5/data_labeled/heavy_impact/heavy_impact_train_198.wav,heavy_impact
/content/drive/MyDrive/AImodels/codes/experiments/Mark5/data_labeled/heavy_impact/heavy_impact_train_199.wav,heavy_impact
/content/drive/MyDrive/AImodels/codes/experiments/Mark5/data_labeled/heavy_impact/heavy_impact_train_200.wav,heavy_impact
/content/drive/MyDrive/AImodels/codes/experiments/Mark5/data_labeled/heavy_impact/heavy_impact_train_201.wav,heavy_impact
/content/drive/MyDrive/AImodels/codes/experiments/Mark5/data_labeled/heavy_impact/heavy_impact_train_202.wav,heavy_impact
/content/drive/MyDrive/AImodels/codes/experiments/Mark5/data_labeled/heavy_impact/heavy_impact_train_203.wav,heavy_impact
/content/drive/MyDrive/AImodels/codes/experiments/Mark5/data_labeled/heavy_impact/heavy_impact_train_204.wav,heavy_impact
/content/drive/MyDrive/AImodels/codes/experiments/Mark5/data_labeled/heavy_impact/heavy_impact_train_205.wav,heavy_impact
/content/drive/MyDrive/AImodels/codes/experiments/Mark5/data_labeled/heavy_impact/heavy_impact_train_206.wav,heavy_impact
/content/drive/MyDrive/AImodels/codes/experiments/Mark5/data_labeled/heavy_impact/heavy_impact_train_207.wav,heavy_impact
/content/drive/MyDrive/AImodels/codes/experiments/Mark5/data_labeled/heavy_impact/heavy_impact_train_208.wav,heavy_impact
/content/drive/MyDrive/AImodels/codes/experiments/Mark5/data_labeled/heavy_impact/heavy_impact_train_209.wav,heavy_impact
/content/drive/MyDrive/AImodels/codes/experiments/Mark5/data_labeled/heavy_impact/heavy_impact_train_210.wav,heavy_impact
/content/drive/MyDrive/AImodels/codes/experiments/Mark5/data_labeled/heavy_impact/heavy_impact_train_211.wav,heavy_impact
/content/drive/MyDrive/AImodels/codes/experiments/Mark5/data_labeled/heavy_impact/heavy_impact_train_212.wav,heavy_impact
/content/drive/MyDrive/AImodels/codes/experiments/Mark5/data_labeled/heavy_impact/heavy_impact_train_213.wav,heavy_impact
/content/drive/MyDrive/AImodels/codes/experiments/Mark5/data_labeled/heavy_impact/heavy_impact_train_214.wav,heavy_impact
/content/drive/MyDrive/AImodels/codes/experiments/Mark5/data_labeled/heavy_impact/heavy_impact_train_215.wav,heavy_impact
/content/drive/MyDrive/AImodels/codes/experiments/Mark5/data_labeled/heavy_impact/heavy_impact_train_216.wav,heavy_impact
/content/drive/MyDrive/AImodels/codes/experiments/Mark5/data_labeled/heavy_impact/heavy_impact_train_217.wav,heavy_impact
/content/drive/MyDrive/AImodels/codes/experiments/Mark5/data_labeled/heavy_impact/heavy_impact_train_218.wav,heavy_impact
/content/drive/MyDrive/AImodels/codes/experiments/Mark5/data_labeled/heavy_impact/heavy_impact_train_219.wav,heavy_impact
/content/drive/MyDrive/AImodels/codes/experiments/Mark5/data_labeled/heavy_impact/heavy_impact_train_220.wav,heavy_impact
/content/drive/MyDrive/AImodels/codes/experiments/Mark5/data_labeled/heavy_impact/heavy_impact_train_221.wav,heavy_impact
/content/drive/MyDrive/AImodels/codes/experiments/Mark5/data_labeled/heavy_impact/heavy_impact_train_222.wav,heavy_impact
/content/drive/MyDrive/AImodels/codes/experiments/Mark5/data_labeled/heavy_impact/heavy_impact_train_223.wav,heavy_impact
/content/drive/MyDrive/AImodels/codes/experiments/Mark5/data_labeled/machine_noise/machine_noise_train_001.wav,machine_noise
/content/drive/MyDrive/AImodels/codes/experiments/Mark5/data_labeled/machine_noise/machine_noise_train_002.wav,machine_noise
/content/drive/MyDrive/AImodels/codes/experiments/Mark5/data_labeled/machine_noise/machine_noise_train_003.wav,machine_noise
/content/drive/MyDrive/AImodels/codes/experiments/Mark5/data_labeled/machine_noise/machine_noise_train_004.wav,machine_noise
/content/drive/MyDrive/AImodels/codes/experiments/Mark5/data_labeled/machine_noise/machine_noise_train_005.wav,machine_noise
/content/drive/MyDrive/AImodels/codes/experiments/Mark5/data_labeled/machine_noise/machine_noise_train_006.wav,machine_noise
/content/drive/MyDrive/AImodels/codes/experiments/Mark5/data_labeled/machine_noise/machine_noise_train_007.wav,machine_noise
/content/drive/MyDrive/AImodels/codes/experiments/Mark5/data_labeled/machine_noise/machine_noise_train_008.wav,machine_noise
/content/drive/MyDrive/AImodels/codes/experiments/Mark5/data_labeled/machine_noise/machine_noise_train_009.wav,machine_noise
/content/drive/MyDrive/AImodels/codes/experiments/Mark5/data_labeled/machine_noise/machine_noise_train_010.wav,machine_noise
/content/drive/MyDrive/AImodels/codes/experiments/Mark5/data_labeled/machine_noise/machine_noise_train_011.wav,machine_noise
/content/drive/MyDrive/AImodels/codes/experiments/Mark5/data_labeled/machine_noise/machine_noise_train_012.wav,machine_noise
/content/drive/MyDrive/AImodels/codes/experiments/Mark5/data_labeled/machine_noise/machine_noise_train_013.wav,machine_noise
/content/drive/MyDrive/AImodels/codes/experiments/Mark5/data_labeled/machine_noise/machine_noise_train_014.wav,machine_noise
/content/drive/MyDrive/AImodels/codes/experiments/Mark5/data_labeled/machine_noise/machine_noise_train_015.wav,machine_noise
/content/drive/MyDrive/AImodels/codes/experiments/Mark5/data_labeled/machine_noise/machine_noise_train_016.wav,machine_noise
/content/drive/MyDrive/AImodels/codes/experiments/Mark5/data_labeled/machine_noise/machine_noise_train_017.wav,machine_noise
/content/drive/MyDrive/AImodels/codes/experiments/Mark5/data_labeled/machine_noise/machine_noise_train_018.wav,machine_noise
/content/drive/MyDrive/AImodels/codes/experiments/Mark5/data_labeled/machine_noise/machine_noise_train_019.wav,machine_noise
/content/drive/MyDrive/AImodels/codes/experiments/Mark5/data_labeled/machine_noise/machine_noise_train_020.wav,machine_noise
/content/drive/MyDrive/AImodels/codes/experiments/Mark5/data_labeled/machine_noise/machine_noise_train_021.wav,machine_noise
/content/drive/MyDrive/AImodels/codes/experiments/Mark5/data_labeled/machine_noise/machine_noise_train_022.wav,machine_noise
/content/drive/MyDrive/AImodels/codes/experiments/Mark5/data_labeled/machine_noise/machine_noise_train_023.wav,machine_noise
/content/drive/MyDrive/AImodels/codes/experiments/Mark5/data_labeled/machine_noise/machine_noise_train_024.wav,machine_noise
/content/drive/MyDrive/AImodels/codes/experiments/Mark5/data_labeled/machine_noise/machine_noise_train_025.wav,machine_noise
/content/drive/MyDrive/AImodels/codes/experiments/Mark5/data_labeled/machine_noise/machine_noise_train_026.wav,machine_noise
/content/drive/MyDrive/AImodels/codes/experiments/Mark5/data_labeled/machine_noise/machine_noise_train_027.wav,machine_noise
/content/drive/MyDrive/AImodels/codes/experiments/Mark5/data_labeled/machine_noise/machine_noise_train_028.wav,machine_noise
/content/drive/MyDrive/AImodels/codes/experiments/Mark5/data_labeled/machine_noise/machine_noise_train_029.wav,machine_noise
/content/drive/MyDrive/AImodels/codes/experiments/Mark5/data_labeled/machine_noise/machine_noise_train_030.wav,machine_noise
/content/drive/MyDrive/AImodels/codes/experiments/Mark5/data_labeled/machine_noise/machine_noise_train_031.wav,machine_noise
/content/drive/MyDrive/AImodels/codes/experiments/Mark5/data_labeled/machine_noise/machine_noise_train_032.wav,machine_noise
/content/drive/MyDrive/AImodels/codes/experiments/Mark5/data_labeled/machine_noise/machine_noise_train_033.wav,machine_noise
/content/drive/MyDrive/AImodels/codes/experiments/Mark5/data_labeled/machine_noise/machine_noise_train_034.wav,machine_noise
/content/drive/MyDrive/AImodels/codes/experiments/Mark5/data_labeled/machine_noise/machine_noise_train_035.wav,machine_noise
/content/drive/MyDrive/AImodels/codes/experiments/Mark5/data_labeled/machine_noise/machine_noise_train_036.wav,machine_noise
/content/drive/MyDrive/AImodels/codes/experiments/Mark5/data_labeled/machine_noise/machine_noise_train_037.wav,machine_noise
/content/drive/MyDrive/AImodels/codes/experiments/Mark5/data_labeled/machine_noise/machine_noise_train_038.wav,machine_noise
/content/drive/MyDrive/AImodels/codes/experiments/Mark5/data_labeled/machine_noise/machine_noise_train_039.wav,machine_noise
/content/drive/MyDrive/AImodels/codes/experiments/Mark5/data_labeled/machine_noise/machine_noise_train_040.wav,machine_noise
/content/drive/MyDrive/AImodels/codes/experiments/Mark5/data_labeled/machine_noise/machine_noise_train_041.wav,machine_noise
/content/drive/MyDrive/AImodels/codes/experiments/Mark5/data_labeled/machine_noise/machine_noise_train_042.wav,machine_noise
/content/drive/MyDrive/AImodels/codes/experiments/Mark5/data_labeled/machine_noise/machine_noise_train_043.wav,machine_noise
/content/drive/MyDrive/AImodels/codes/experiments/Mark5/data_labeled/machine_noise/machine_noise_train_044.wav,machine_noise
/content/drive/MyDrive/AImodels/codes/experiments/Mark5/data_labeled/machine_noise/machine_noise_train_045.wav,machine_noise
/content/drive/MyDrive/AImodels/codes/experiments/Mark5/data_labeled/machine_noise/machine_noise_train_046.wav,machine_noise
/content/drive/MyDrive/AImodels/codes/experiments/Mark5/data_labeled/machine_noise/machine_noise_train_047.wav,machine_noise
/content/drive/MyDrive/AImodels/codes/experiments/Mark5/data_labeled/machine_noise/machine_noise_train_048.wav,machine_noise
/content/drive/MyDrive/AImodels/codes/experiments/Mark5/data_labeled/machine_noise/machine_noise_train_049.wav,machine_noise
/content/drive/MyDrive/AImodels/codes/experiments/Mark5/data_labeled/machine_noise/machine_noise_train_050.wav,machine_noise
/content/drive/MyDrive/AImodels/codes/experiments/Mark5/data_labeled/machine_noise/machine_noise_train_051.wav,machine_noise
/content/drive/MyDrive/AImodels/codes/experiments/Mark5/data_labeled/machine_noise/machine_noise_train_052.wav,machine_noise
/content/drive/MyDrive/AImodels/codes/experiments/Mark5/data_labeled/machine_noise/machine_noise_train_053.wav,machine_noise
/content/drive/MyDrive/AImodels/codes/experiments/Mark5/data_labeled/machine_noise/machine_noise_train_054.wav,machine_noise
/content/drive/MyDrive/AImodels/codes/experiments/Mark5/data_labeled/machine_noise/machine_noise_train_055.wav,machine_noise
/content/drive/MyDrive/AImodels/codes/experiments/Mark5/data_labeled/machine_noise/machine_noise_train_056.wav,machine_noise
/content/drive/MyDrive/AImodels/codes/experiments/Mark5/data_labeled/machine_noise/machine_noise_train_057.wav,machine_noise
/content/drive/MyDrive/AImodels/codes/experiments/Mark5/data_labeled/machine_noise/machine_noise_train_058.wav,machine_noise
/content/drive/MyDrive/AImodels/codes/experiments/Mark5/data_labeled/machine_noise/machine_noise_train_059.wav,machine_noise
/content/drive/MyDrive/AImodels/codes/experiments/Mark5/data_labeled/machine_noise/machine_noise_train_060.wav,machine_noise
/content/drive/MyDrive/AImodels/codes/experiments/Mark5/data_labeled/machine_noise/machine_noise_train_061.wav,machine_noise
/content/drive/MyDrive/AImodels/codes/experiments/Mark5/data_labeled/machine_noise/machine_noise_train_062.wav,machine_noise
/content/drive/MyDrive/AImodels/codes/experiments/Mark5/data_labeled/machine_noise/machine_noise_train_063.wav,machine_noise
/content/drive/MyDrive/AImodels/codes/experiments/Mark5/data_labeled/machine_noise/machine_noise_train_064.wav,machine_noise
/content/drive/MyDrive/AImodels/codes/experiments/Mark5/data_labeled/machine_noise/machine_noise_train_065.wav,machine_noise
/content/drive/MyDrive/AImodels/codes/experiments/Mark5/data_labeled/machine_noise/machine_noise_train_066.wav,machine_noise
/content/drive/MyDrive/AImodels/codes/experiments/Mark5/data_labeled/machine_noise/machine_noise_train_067.wav,machine_noise
/content/drive/MyDrive/AImodels/codes/experiments/Mark5/data_labeled/machine_noise/machine_noise_train_068.wav,machine_noise
/content/drive/MyDrive/AImodels/codes/experiments/Mark5/data_labeled/machine_noise/machine_noise_train_069.wav,machine_noise
/content/drive/MyDrive/AImodels/codes/experiments/Mark5/data_labeled/machine_noise/machine_noise_train_070.wav,machine_noise
/content/drive/MyDrive/AImodels/codes/experiments/Mark5/data_labeled/machine_noise/machine_noise_train_071.wav,machine_noise
/content/drive/MyDrive/AImodels/codes/experiments/Mark5/data_labeled/machine_noise/machine_noise_train_072.wav,machine_noise
/content/drive/MyDrive/AImodels/codes/experiments/Mark5/data_labeled/machine_noise/machine_noise_train_073.wav,machine_noise
/content/drive/MyDrive/AImodels/codes/experiments/Mark5/data_labeled/machine_noise/machine_noise_train_074.wav,machine_noise
/content/drive/MyDrive/AImodels/codes/experiments/Mark5/data_labeled/machine_noise/machine_noise_train_075.wav,machine_noise
/content/drive/MyDrive/AImodels/codes/experiments/Mark5/data_labeled/machine_noise/machine_noise_train_076.wav,machine_noise
/content/drive/MyDrive/AImodels/codes/experiments/Mark5/data_labeled/machine_noise/machine_noise_train_077.wav,machine_noise
/content/drive/MyDrive/AImodels/codes/experiments/Mark5/data_labeled/machine_noise/machine_noise_train_078.wav,machine_noise
/content/drive/MyDrive/AImodels/codes/experiments/Mark5/data_labeled/machine_noise/machine_noise_train_079.wav,machine_noise
/content/drive/MyDrive/AImodels/codes/experiments/Mark5/data_labeled/machine_noise/machine_noise_train_080.wav,machine_noise
/content/drive/MyDrive/AImodels/codes/experiments/Mark5/data_labeled/machine_noise/machine_noise_train_081.wav,machine_noise
/content/drive/MyDrive/AImodels/codes/experiments/Mark5/data_labeled/machine_noise/machine_noise_train_082.wav,machine_noise
/content/drive/MyDrive/AImodels/codes/experiments/Mark5/data_labeled/machine_noise/machine_noise_train_083.wav,machine_noise
/content/drive/MyDrive/AImodels/codes/experiments/Mark5/data_labeled/machine_noise/machine_noise_train_084.wav,machine_noise
/content/drive/MyDrive/AImodels/codes/experiments/Mark5/data_labeled/machine_noise/machine_noise_train_085.wav,machine_noise
/content/drive/MyDrive/AImodels/codes/experiments/Mark5/data_labeled/machine_noise/machine_noise_train_086.wav,machine_noise
/content/drive/MyDrive/AImodels/codes/experiments/Mark5/data_labeled/machine_noise/machine_noise_train_087.wav,machine_noise
/content/drive/MyDrive/AImodels/codes/experiments/Mark5/data_labeled/machine_noise/machine_noise_train_088.wav,machine_noise
/content/drive/MyDrive/AImodels/codes/experiments/Mark5/data_labeled/machine_noise/machine_noise_train_089.wav,machine_noise
/content/drive/MyDrive/AImodels/codes/experiments/Mark5/data_labeled/machine_noise/machine_noise_train_090.wav,machine_noise
/content/drive/MyDrive/AImodels/codes/experiments/Mark5/data_labeled/machine_noise/machine_noise_train_091.wav,machine_noise
/content/drive/MyDrive/AImodels/codes/experiments/Mark5/data_labeled/machine_noise/machine_noise_train_092.wav,machine_noise
/content/drive/MyDrive/AImodels/codes/experiments/Mark5/data_labeled/machine_noise/machine_noise_train_093.wav,machine_noise
/content/drive/MyDrive/AImodels/codes/experiments/Mark5/data_labeled/machine_noise/machine_noise_train_094.wav,machine_noise
/content/drive/MyDrive/AImodels/codes/experiments/Mark5/data_labeled/machine_noise/machine_noise_train_095.wav,machine_noise
/content/drive/MyDrive/AImodels/codes/experiments/Mark5/data_labeled/machine_noise/machine_noise_train_096.wav,machine_noise
/content/drive/MyDrive/AImodels/codes/experiments/Mark5/data_labeled/machine_noise/machine_noise_train_097.wav,machine_noise
/content/drive/MyDrive/AImodels/codes/experiments/Mark5/data_labeled/machine_noise/machine_noise_train_098.wav,machine_noise
/content/drive/MyDrive/AImodels/codes/experiments/Mark5/data_labeled/machine_noise/machine_noise_train_099.wav,machine_noise
/content/drive/MyDrive/AImodels/codes/experiments/Mark5/data_labeled/machine_noise/machine_noise_train_100.wav,machine_noise
/content/drive/MyDrive/AImodels/codes/experiments/Mark5/data_labeled/machine_noise/machine_noise_train_101.wav,machine_noise
/content/drive/MyDrive/AImodels/codes/experiments/Mark5/data_labeled/machine_noise/machine_noise_train_102.wav,machine_noise
/content/drive/MyDrive/AImodels/codes/experiments/Mark5/data_labeled/machine_noise/machine_noise_train_103.wav,machine_noise
/content/drive/MyDrive/AImodels/codes/experiments/Mark5/data_labeled/machine_noise/machine_noise_train_104.wav,machine_noise
/content/drive/MyDrive/AImodels/codes/experiments/Mark5/data_labeled/machine_noise/machine_noise_train_105.wav,machine_noise
/content/drive/MyDrive/AImodels/codes/experiments/Mark5/data_labeled/machine_noise/machine_noise_train_106.wav,machine_noise
/content/drive/MyDrive/AImodels/codes/experiments/Mark5/data_labeled/machine_noise/machine_noise_train_107.wav,machine_noise
/content/drive/MyDrive/AImodels/codes/experiments/Mark5/data_labeled/machine_noise/machine_noise_train_108.wav,machine_noise
/content/drive/MyDrive/AImodels/codes/experiments/Mark5/data_labeled/machine_noise/machine_noise_train_109.wav,machine_noise
/content/drive/MyDrive/AImodels/codes/experiments/Mark5/data_labeled/machine_noise/machine_noise_train_110.wav,machine_noise
/content/drive/MyDrive/AImodels/codes/experiments/Mark5/data_labeled/machine_noise/machine_noise_train_111.wav,machine_noise
/content/drive/MyDrive/AImodels/codes/experiments/Mark5/data_labeled/machine_noise/machine_noise_train_112.wav,machine_noise
/content/drive/MyDrive/AImodels/codes/experiments/Mark5/data_labeled/machine_noise/machine_noise_train_113.wav,machine_noise
/content/drive/MyDrive/AImodels/codes/experiments/Mark5/data_labeled/machine_noise/machine_noise_train_114.wav,machine_noise
/content/drive/MyDrive/AImodels/codes/experiments/Mark5/data_labeled/machine_noise/machine_noise_train_115.wav,machine_noise
/content/drive/MyDrive/AImodels/codes/experiments/Mark5/data_labeled/machine_noise/machine_noise_train_116.wav,machine_noise
/content/drive/MyDrive/AImodels/codes/experiments/Mark5/data_labeled/machine_noise/machine_noise_train_117.wav,machine_noise
/content/drive/MyDrive/AImodels/codes/experiments/Mark5/data_labeled/machine_noise/machine_noise_train_118.wav,machine_noise
/content/drive/MyDrive/AImodels/codes/experiments/Mark5/data_labeled/machine_noise/machine_noise_train_119.wav,machine_noise
/content/drive/MyDrive/AImodels/codes/experiments/Mark5/data_labeled/machine_noise/machine_noise_train_120.wav,machine_noise
/content/drive/MyDrive/AImodels/codes/experiments/Mark5/data_labeled/machine_noise/machine_noise_train_121.wav,machine_noise
/content/drive/MyDrive/AImodels/codes/experiments/Mark5/data_labeled/machine_noise/machine_noise_train_122.wav,machine_noise
/content/drive/MyDrive/AImodels/codes/experiments/Mark5/data_labeled/machine_noise/machine_noise_train_123.wav,machine_noise
/content/drive/MyDrive/AImodels/codes/experiments/Mark5/data_labeled/machine_noise/machine_noise_train_124.wav,machine_noise
/content/drive/MyDrive/AImodels/codes/experiments/Mark5/data_labeled/machine_noise/machine_noise_train_125.wav,machine_noise
/content/drive/MyDrive/AImodels/codes/experiments/Mark5/data_labeled/machine_noise/machine_noise_train_126.wav,machine_noise
/content/drive/MyDrive/AImodels/codes/experiments/Mark5/data_labeled/machine_noise/machine_noise_train_127.wav,machine_noise
/content/drive/MyDrive/AImodels/codes/experiments/Mark5/data_labeled/machine_noise/machine_noise_train_128.wav,machine_noise
/content/drive/MyDrive/AImodels/codes/experiments/Mark5/data_labeled/machine_noise/machine_noise_train_129.wav,machine_noise
/content/drive/MyDrive/AImodels/codes/experiments/Mark5/data_labeled/machine_noise/machine_noise_train_130.wav,machine_noise
/content/drive/MyDrive/AImodels/codes/experiments/Mark5/data_labeled/machine_noise/machine_noise_train_131.wav,machine_noise
/content/drive/MyDrive/AImodels/codes/experiments/Mark5/data_labeled/machine_noise/machine_noise_train_132.wav,machine_noise
/content/drive/MyDrive/AImodels/codes/experiments/Mark5/data_labeled/machine_noise/machine_noise_train_133.wav,machine_noise
/content/drive/MyDrive/AImodels/codes/experiments/Mark5/data_labeled/machine_noise/machine_noise_train_134.wav,machine_noise
/content/drive/MyDrive/AImodels/codes/experiments/Mark5/data_labeled/machine_noise/machine_noise_train_135.wav,machine_noise
/content/drive/MyDrive/AImodels/codes/experiments/Mark5/data_labeled/machine_noise/machine_noise_train_136.wav,machine_noise
/content/drive/MyDrive/AImodels/codes/experiments/Mark5/data_labeled/machine_noise/machine_noise_train_137.wav,machine_noise
/content/drive/MyDrive/AImodels/codes/experiments/Mark5/data_labeled/machine_noise/machine_noise_train_138.wav,machine_noise
/content/drive/MyDrive/AImodels/codes/experiments/Mark5/data_labeled/machine_noise/machine_noise_train_139.wav,machine_noise
/content/drive/MyDrive/AImodels/codes/experiments/Mark5/data_labeled/machine_noise/machine_noise_train_140.wav,machine_noise
/content/drive/MyDrive/AImodels/codes/experiments/Mark5/data_labeled/machine_noise/machine_noise_train_141.wav,machine_noise
/content/drive/MyDrive/AImodels/codes/experiments/Mark5/data_labeled/machine_noise/machine_noise_train_142.wav,machine_noise
/content/drive/MyDrive/AImodels/codes/experiments/Mark5/data_labeled/machine_noise/machine_noise_train_143.wav,machine_noise
/content/drive/MyDrive/AImodels/codes/experiments/Mark5/data_labeled/machine_noise/machine_noise_train_144.wav,machine_noise
/content/drive/MyDrive/AImodels/codes/experiments/Mark5/data_labeled/machine_noise/machine_noise_train_145.wav,machine_noise
/content/drive/MyDrive/AImodels/codes/experiments/Mark5/data_labeled/machine_noise/machine_noise_train_146.wav,machine_noise
/content/drive/MyDrive/AImodels/codes/experiments/Mark5/data_labeled/machine_noise/machine_noise_train_147.wav,machine_noise
/content/drive/MyDrive/AImodels/codes/experiments/Mark5/data_labeled/machine_noise/machine_noise_train_148.wav,machine_noise
/content/drive/MyDrive/AImodels/codes/experiments/Mark5/data_labeled/machine_noise/machine_noise_train_149.wav,machine_noise
/content/drive/MyDrive/AImodels/codes/experiments/Mark5/data_labeled/machine_noise/machine_noise_train_150.wav,machine_noise
/content/drive/MyDrive/AImodels/codes/experiments/Mark5/data_labeled/machine_noise/machine_noise_train_151.wav,machine_noise
/content/drive/MyDrive/AImodels/codes/experiments/Mark5/data_labeled/machine_noise/machine_noise_train_152.wav,machine_noise
/content/drive/MyDrive/AImodels/codes/experiments/Mark5/data_labeled/machine_noise/machine_noise_train_153.wav,machine_noise
/content/drive/MyDrive/AImodels/codes/experiments/Mark5/data_labeled/machine_noise/machine_noise_train_154.wav,machine_noise
/content/drive/MyDrive/AImodels/codes/experiments/Mark5/data_labeled/machine_noise/machine_noise_train_155.wav,machine_noise
/content/drive/MyDrive/AImodels/codes/experiments/Mark5/data_labeled/machine_noise/machine_noise_train_156.wav,machine_noise
/content/drive/MyDrive/AImodels/codes/experiments/Mark5/data_labeled/machine_noise/machine_noise_train_157.wav,machine_noise
/content/drive/MyDrive/AImodels/codes/experiments/Mark5/data_labeled/machine_noise/machine_noise_train_158.wav,machine_noise
/content/drive/MyDrive/AImodels/codes/experiments/Mark5/data_labeled/machine_noise/machine_noise_train_159.wav,machine_noise
/content/drive/MyDrive/AImodels/codes/experiments/Mark5/data_labeled/machine_noise/machine_noise_train_160.wav,machine_noise
/content/drive/MyDrive/AImodels/codes/experiments/Mark5/data_labeled/machine_noise/machine_noise_train_161.wav,machine_noise
/content/drive/MyDrive/AImodels/codes/experiments/Mark5/data_labeled/machine_noise/machine_noise_train_162.wav,machine_noise
/content/drive/MyDrive/AImodels/codes/experiments/Mark5/data_labeled/machine_noise/machine_noise_train_163.wav,machine_noise
/content/drive/MyDrive/AImodels/codes/experiments/Mark5/data_labeled/machine_noise/machine_noise_train_164.wav,machine_noise
/content/drive/MyDrive/AImodels/codes/experiments/Mark5/data_labeled/machine_noise/machine_noise_train_165.wav,machine_noise
/content/drive/MyDrive/AImodels/codes/experiments/Mark5/data_labeled/machine_noise/machine_noise_train_166.wav,machine_noise
/content/drive/MyDrive/AImodels/codes/experiments/Mark5/data_labeled/machine_noise/machine_noise_train_167.wav,machine_noise
/content/drive/MyDrive/AImodels/codes/experiments/Mark5/data_labeled/machine_noise/machine_noise_train_168.wav,machine_noise
/content/drive/MyDrive/AImodels/codes/experiments/Mark5/data_labeled/machine_noise/machine_noise_train_169.wav,machine_noise
/content/drive/MyDrive/AImodels/codes/experiments/Mark5/data_labeled/machine_noise/machine_noise_train_170.wav,machine_noise
/content/drive/MyDrive/AImodels/codes/experiments/Mark5/data_labeled/machine_noise/machine_noise_train_171.wav,machine_noise
/content/drive/MyDrive/AImodels/codes/experiments/Mark5/data_labeled/machine_noise/machine_noise_train_172.wav,machine_noise
/content/drive/MyDrive/AImodels/codes/experiments/Mark5/data_labeled/machine_noise/machine_noise_train_173.wav,machine_noise
/content/drive/MyDrive/AImodels/codes/experiments/Mark5/data_labeled/machine_noise/machine_noise_train_174.wav,machine_noise
/content/drive/MyDrive/AImodels/codes/experiments/Mark5/data_labeled/machine_noise/machine_noise_train_175.wav,machine_noise
/content/drive/MyDrive/AImodels/codes/experiments/Mark5/data_labeled/machine_noise/machine_noise_train_176.wav,machine_noise
/content/drive/MyDrive/AImodels/codes/experiments/Mark5/data_labeled/machine_noise/machine_noise_train_177.wav,machine_noise
/content/drive/MyDrive/AImodels/codes/experiments/Mark5/data_labeled/machine_noise/machine_noise_train_178.wav,machine_noise
/content/drive/MyDrive/AImodels/codes/experiments/Mark5/data_labeled/machine_noise/machine_noise_train_179.wav,machine_noise
/content/drive/MyDrive/AImodels/codes/experiments/Mark5/data_labeled/machine_noise/machine_noise_train_180.wav,machine_noise
/content/drive/MyDrive/AImodels/codes/experiments/Mark5/data_labeled/machine_noise/machine_noise_train_181.wav,machine_noise
/content/drive/MyDrive/AImodels/codes/experiments/Mark5/data_labeled/machine_noise/machine_noise_train_182.wav,machine_noise
/content/drive/MyDrive/AImodels/codes/experiments/Mark5/data_labeled/machine_noise/machine_noise_train_183.wav,machine_noise
/content/drive/MyDrive/AImodels/codes/experiments/Mark5/data_labeled/machine_noise/machine_noise_train_184.wav,machine_noise
/content/drive/MyDrive/AImodels/codes/experiments/Mark5/data_labeled/machine_noise/machine_noise_train_185.wav,machine_noise
/content/drive/MyDrive/AImodels/codes/experiments/Mark5/data_labeled/machine_noise/machine_noise_train_186.wav,machine_noise
/content/drive/MyDrive/AImodels/codes/experiments/Mark5/data_labeled/machine_noise/machine_noise_train_187.wav,machine_noise
/content/drive/MyDrive/AImodels/codes/experiments/Mark5/data_labeled/machine_noise/machine_noise_train_188.wav,machine_noise
/content/drive/MyDrive/AImodels/codes/experiments/Mark5/data_labeled/machine_noise/machine_noise_train_189.wav,machine_noise
/content/drive/MyDrive/AImodels/codes/experiments/Mark5/data_labeled/machine_noise/machine_noise_train_190.wav,machine_noise
/content/drive/MyDrive/AImodels/codes/experiments/Mark5/data_labeled/machine_noise/machine_noise_train_191.wav,machine_noise
/content/drive/MyDrive/AImodels/codes/experiments/Mark5/data_labeled/machine_noise/machine_noise_train_192.wav,machine_noise
/content/drive/MyDrive/AImodels/codes/experiments/Mark5/data_labeled/machine_noise/machine_noise_train_193.wav,machine_noise
/content/drive/MyDrive/AImodels/codes/experiments/Mark5/data_labeled/machine_noise/machine_noise_train_194.wav,machine_noise
/content/drive/MyDrive/AImodels/codes/experiments/Mark5/data_labeled/machine_noise/machine_noise_train_195.wav,machine_noise
/content/drive/MyDrive/AImodels/codes/experiments/Mark5/data_labeled/machine_noise/machine_noise_train_196.wav,machine_noise
/content/drive/MyDrive/AImodels/codes/experiments/Mark5/data_labeled/machine_noise/machine_noise_train_197.wav,machine_noise
/content/drive/MyDrive/AImodels/codes/experiments/Mark5/data_labeled/machine_noise/machine_noise_train_198.wav,machine_noise
/content/drive/MyDrive/AImodels/codes/experiments/Mark5/data_labeled/machine_noise/machine_noise_train_199.wav,machine_noise
/content/drive/MyDrive/AImodels/codes/experiments/Mark5/data_labeled/machine_noise/machine_noise_train_200.wav,machine_noise
/content/drive/MyDrive/AImodels/codes/experiments/Mark5/data_labeled/machine_noise/machine_noise_train_201.wav,machine_noise
/content/drive/MyDrive/AImodels/codes/experiments/Mark5/data_labeled/machine_noise/machine_noise_train_202.wav,machine_noise
/content/drive/MyDrive/AImodels/codes/experiments/Mark5/data_labeled/machine_noise/machine_noise_train_203.wav,machine_noise
/content/drive/MyDrive/AImodels/codes/experiments/Mark5/data_labeled/machine_noise/machine_noise_train_204.wav,machine_noise
/content/drive/MyDrive/AImodels/codes/experiments/Mark5/data_labeled/machine_noise/machine_noise_train_205.wav,machine_noise
/content/drive/MyDrive/AImodels/codes/experiments/Mark5/data_labeled/machine_noise/machine_noise_train_206.wav,machine_noise
/content/drive/MyDrive/AImodels/codes/experiments/Mark5/data_labeled/machine_noise/machine_noise_train_207.wav,machine_noise
/content/drive/MyDrive/AImodels/codes/experiments/Mark5/data_labeled/machine_noise/machine_noise_train_208.wav,machine_noise
/content/drive/MyDrive/AImodels/codes/experiments/Mark5/data_labeled/machine_noise/machine_noise_train_209.wav,machine_noise
/content/drive/MyDrive/AImodels/codes/experiments/Mark5/data_labeled/machine_noise/machine_noise_train_210.wav,machine_noise
/content/drive/MyDrive/AImodels/codes/experiments/Mark5/data_labeled/machine_noise/machine_noise_train_211.wav,machine_noise
/content/drive/MyDrive/AImodels/codes/experiments/Mark5/data_labeled/machine_noise/machine_noise_train_212.wav,machine_noise
/content/drive/MyDrive/AImodels/codes/experiments/Mark5/data_labeled/machine_noise/machine_noise_train_213.wav,machine_noise
/content/drive/MyDrive/AImodels/codes/experiments/Mark5/data_labeled/machine_noise/machine_noise_train_214.wav,machine_noise
/content/drive/MyDrive/AImodels/codes/experiments/Mark5/data_labeled/machine_noise/machine_noise_train_215.wav,machine_noise
/content/drive/MyDrive/AImodels/codes/experiments/Mark5/data_labeled/machine_noise/machine_noise_train_216.wav,machine_noise
/content/drive/MyDrive/AImodels/codes/experiments/Mark5/data_labeled/machine_noise/machine_noise_train_217.wav,machine_noise
/content/drive/MyDrive/AImodels/codes/experiments/Mark5/data_labeled/machine_noise/machine_noise_train_218.wav,machine_noise
/content/drive/MyDrive/AImodels/codes/experiments/Mark5/data_labeled/machine_noise/machine_noise_train_219.wav,machine_noise
/content/drive/MyDrive/AImodels/codes/experiments/Mark5/data_labeled/machine_noise/machine_noise_train_220.wav,machine_noise
/content/drive/MyDrive/AImodels/codes/experiments/Mark5/data_labeled/machine_noise/machine_noise_train_221.wav,machine_noise
/content/drive/MyDrive/AImodels/codes/experiments/Mark5/data_labeled/machine_noise/machine_noise_train_222.wav,machine_noise
/content/drive/MyDrive/AImodels/codes/experiments/Mark5/data_labeled/media_talking/media_talking_train_001.wav,media_talking
/content/drive/MyDrive/AImodels/codes/experiments/Mark5/data_labeled/media_talking/media_talking_train_002.wav,media_talking
/content/drive/MyDrive/AImodels/codes/experiments/Mark5/data_labeled/media_talking/media_talking_train_003.wav,media_talking
/content/drive/MyDrive/AImodels/codes/experiments/Mark5/data_labeled/media_talking/media_talking_train_004.wav,media_talking
/content/drive/MyDrive/AImodels/codes/experiments/Mark5/data_labeled/media_talking/media_talking_train_005.wav,media_talking
/content/drive/MyDrive/AImodels/codes/experiments/Mark5/data_labeled/media_talking/media_talking_train_006.wav,media_talking
/content/drive/MyDrive/AImodels/codes/experiments/Mark5/data_labeled/media_talking/media_talking_train_007.wav,media_talking
/content/drive/MyDrive/AImodels/codes/experiments/Mark5/data_labeled/media_talking/media_talking_train_008.wav,media_talking
/content/drive/MyDrive/AImodels/codes/experiments/Mark5/data_labeled/media_talking/media_talking_train_009.wav,media_talking
/content/drive/MyDrive/AImodels/codes/experiments/Mark5/data_labeled/media_talking/media_talking_train_010.wav,media_talking
/content/drive/MyDrive/AImodels/codes/experiments/Mark5/data_labeled/media_talking/media_talking_train_011.wav,media_talking
/content/drive/MyDrive/AImodels/codes/experiments/Mark5/data_labeled/media_talking/media_talking_train_012.wav,media_talking
/content/drive/MyDrive/AImodels/codes/experiments/Mark5/data_labeled/media_talking/media_talking_train_013.wav,media_talking
/content/drive/MyDrive/AImodels/codes/experiments/Mark5/data_labeled/media_talking/media_talking_train_014.wav,media_talking
/content/drive/MyDrive/AImodels/codes/experiments/Mark5/data_labeled/media_talking/media_talking_train_015.wav,media_talking
/content/drive/MyDrive/AImodels/codes/experiments/Mark5/data_labeled/media_talking/media_talking_train_016.wav,media_talking
/content/drive/MyDrive/AImodels/codes/experiments/Mark5/data_labeled/media_talking/media_talking_train_017.wav,media_talking
/content/drive/MyDrive/AImodels/codes/experiments/Mark5/data_labeled/media_talking/media_talking_train_018.wav,media_talking
/content/drive/MyDrive/AImodels/codes/experiments/Mark5/data_labeled/media_talking/media_talking_train_019.wav,media_talking
/content/drive/MyDrive/AImodels/codes/experiments/Mark5/data_labeled/media_talking/media_talking_train_020.wav,media_talking
/content/drive/MyDrive/AImodels/codes/experiments/Mark5/data_labeled/media_talking/media_talking_train_021.wav,media_talking
/content/drive/MyDrive/AImodels/codes/experiments/Mark5/data_labeled/media_talking/media_talking_train_022.wav,media_talking
/content/drive/MyDrive/AImodels/codes/experiments/Mark5/data_labeled/media_talking/media_talking_train_023.wav,media_talking
/content/drive/MyDrive/AImodels/codes/experiments/Mark5/data_labeled/media_talking/media_talking_train_024.wav,media_talking
/content/drive/MyDrive/AImodels/codes/experiments/Mark5/data_labeled/media_talking/media_talking_train_025.wav,media_talking
/content/drive/MyDrive/AImodels/codes/experiments/Mark5/data_labeled/media_talking/media_talking_train_026.wav,media_talking
/content/drive/MyDrive/AImodels/codes/experiments/Mark5/data_labeled/media_talking/media_talking_train_027.wav,media_talking
/content/drive/MyDrive/AImodels/codes/experiments/Mark5/data_labeled/media_talking/media_talking_train_028.wav,media_talking
/content/drive/MyDrive/AImodels/codes/experiments/Mark5/data_labeled/media_talking/media_talking_train_029.wav,media_talking
/content/drive/MyDrive/AImodels/codes/experiments/Mark5/data_labeled/media_talking/media_talking_train_030.wav,media_talking
/content/drive/MyDrive/AImodels/codes/experiments/Mark5/data_labeled/media_talking/media_talking_train_031.wav,media_talking
/content/drive/MyDrive/AImodels/codes/experiments/Mark5/data_labeled/media_talking/media_talking_train_032.wav,media_talking
/content/drive/MyDrive/AImodels/codes/experiments/Mark5/data_labeled/media_talking/media_talking_train_033.wav,media_talking
/content/drive/MyDrive/AImodels/codes/experiments/Mark5/data_labeled/media_talking/media_talking_train_034.wav,media_talking
/content/drive/MyDrive/AImodels/codes/experiments/Mark5/data_labeled/media_talking/media_talking_train_035.wav,media_talking
/content/drive/MyDrive/AImodels/codes/experiments/Mark5/data_labeled/media_talking/media_talking_train_036.wav,media_talking
/content/drive/MyDrive/AImodels/codes/experiments/Mark5/data_labeled/media_talking/media_talking_train_037.wav,media_talking
/content/drive/MyDrive/AImodels/codes/experiments/Mark5/data_labeled/media_talking/media_talking_train_038.wav,media_talking
/content/drive/MyDrive/AImodels/codes/experiments/Mark5/data_labeled/media_talking/media_talking_train_039.wav,media_talking
/content/drive/MyDrive/AImodels/codes/experiments/Mark5/data_labeled/media_talking/media_talking_train_040.wav,media_talking
/content/drive/MyDrive/AImodels/codes/experiments/Mark5/data_labeled/media_talking/media_talking_train_041.wav,media_talking
/content/drive/MyDrive/AImodels/codes/experiments/Mark5/data_labeled/media_talking/media_talking_train_042.wav,media_talking
/content/drive/MyDrive/AImodels/codes/experiments/Mark5/data_labeled/media_talking/media_talking_train_043.wav,media_talking
/content/drive/MyDrive/AImodels/codes/experiments/Mark5/data_labeled/media_talking/media_talking_train_044.wav,media_talking
/content/drive/MyDrive/AImodels/codes/experiments/Mark5/data_labeled/media_talking/media_talking_train_045.wav,media_talking
/content/drive/MyDrive/AImodels/codes/experiments/Mark5/data_labeled/media_talking/media_talking_train_046.wav,media_talking
/content/drive/MyDrive/AImodels/codes/experiments/Mark5/data_labeled/media_talking/media_talking_train_047.wav,media_talking
/content/drive/MyDrive/AImodels/codes/experiments/Mark5/data_labeled/media_talking/media_talking_train_048.wav,media_talking
/content/drive/MyDrive/AImodels/codes/experiments/Mark5/data_labeled/media_talking/media_talking_train_049.wav,media_talking
/content/drive/MyDrive/AImodels/codes/experiments/Mark5/data_labeled/media_talking/media_talking_train_050.wav,media_talking
/content/drive/MyDrive/AImodels/codes/experiments/Mark5/data_labeled/media_talking/media_talking_train_051.wav,media_talking
/content/drive/MyDrive/AImodels/codes/experiments/Mark5/data_labeled/media_talking/media_talking_train_052.wav,media_talking
/content/drive/MyDrive/AImodels/codes/experiments/Mark5/data_labeled/media_talking/media_talking_train_053.wav,media_talking
/content/drive/MyDrive/AImodels/codes/experiments/Mark5/data_labeled/media_talking/media_talking_train_054.wav,media_talking
/content/drive/MyDrive/AImodels/codes/experiments/Mark5/data_labeled/media_talking/media_talking_train_055.wav,media_talking
/content/drive/MyDrive/AImodels/codes/experiments/Mark5/data_labeled/media_talking/media_talking_train_056.wav,media_talking
/content/drive/MyDrive/AImodels/codes/experiments/Mark5/data_labeled/media_talking/media_talking_train_057.wav,media_talking
/content/drive/MyDrive/AImodels/codes/experiments/Mark5/data_labeled/media_talking/media_talking_train_058.wav,media_talking
/content/drive/MyDrive/AImodels/codes/experiments/Mark5/data_labeled/media_talking/media_talking_train_059.wav,media_talking
/content/drive/MyDrive/AImodels/codes/experiments/Mark5/data_labeled/media_talking/media_talking_train_060.wav,media_talking
/content/drive/MyDrive/AImodels/codes/experiments/Mark5/data_labeled/media_talking/media_talking_train_061.wav,media_talking
/content/drive/MyDrive/AImodels/codes/experiments/Mark5/data_labeled/media_talking/media_talking_train_062.wav,media_talking
/content/drive/MyDrive/AImodels/codes/experiments/Mark5/data_labeled/media_talking/media_talking_train_063.wav,media_talking
/content/drive/MyDrive/AImodels/codes/experiments/Mark5/data_labeled/media_talking/media_talking_train_064.wav,media_talking
/content/drive/MyDrive/AImodels/codes/experiments/Mark5/data_labeled/media_talking/media_talking_train_065.wav,media_talking
/content/drive/MyDrive/AImodels/codes/experiments/Mark5/data_labeled/media_talking/media_talking_train_066.wav,media_talking
/content/drive/MyDrive/AImodels/codes/experiments/Mark5/data_labeled/media_talking/media_talking_train_067.wav,media_talking
/content/drive/MyDrive/AImodels/codes/experiments/Mark5/data_labeled/media_talking/media_talking_train_068.wav,media_talking
/content/drive/MyDrive/AImodels/codes/experiments/Mark5/data_labeled/media_talking/media_talking_train_069.wav,media_talking
/content/drive/MyDrive/AImodels/codes/experiments/Mark5/data_labeled/media_talking/media_talking_train_070.wav,media_talking
/content/drive/MyDrive/AImodels/codes/experiments/Mark5/data_labeled/media_talking/media_talking_train_071.wav,media_talking
/content/drive/MyDrive/AImodels/codes/experiments/Mark5/data_labeled/media_talking/media_talking_train_072.wav,media_talking
/content/drive/MyDrive/AImodels/codes/experiments/Mark5/data_labeled/media_talking/media_talking_train_073.wav,media_talking
/content/drive/MyDrive/AImodels/codes/experiments/Mark5/data_labeled/media_talking/media_talking_train_074.wav,media_talking
/content/drive/MyDrive/AImodels/codes/experiments/Mark5/data_labeled/media_talking/media_talking_train_075.wav,media_talking
/content/drive/MyDrive/AImodels/codes/experiments/Mark5/data_labeled/media_talking/media_talking_train_076.wav,media_talking
/content/drive/MyDrive/AImodels/codes/experiments/Mark5/data_labeled/media_talking/media_talking_train_077.wav,media_talking
/content/drive/MyDrive/AImodels/codes/experiments/Mark5/data_labeled/media_talking/media_talking_train_078.wav,media_talking
/content/drive/MyDrive/AImodels/codes/experiments/Mark5/data_labeled/media_talking/media_talking_train_079.wav,media_talking
/content/drive/MyDrive/AImodels/codes/experiments/Mark5/data_labeled/media_talking/media_talking_train_080.wav,media_talking
/content/drive/MyDrive/AImodels/codes/experiments/Mark5/data_labeled/media_talking/media_talking_train_081.wav,media_talking
/content/drive/MyDrive/AImodels/codes/experiments/Mark5/data_labeled/media_talking/media_talking_train_082.wav,media_talking
/content/drive/MyDrive/AImodels/codes/experiments/Mark5/data_labeled/media_talking/media_talking_train_083.wav,media_talking
/content/drive/MyDrive/AImodels/codes/experiments/Mark5/data_labeled/media_talking/media_talking_train_084.wav,media_talking
/content/drive/MyDrive/AImodels/codes/experiments/Mark5/data_labeled/media_talking/media_talking_train_085.wav,media_talking
/content/drive/MyDrive/AImodels/codes/experiments/Mark5/data_labeled/media_talking/media_talking_train_086.wav,media_talking
/content/drive/MyDrive/AImodels/codes/experiments/Mark5/data_labeled/media_talking/media_talking_train_087.wav,media_talking
/content/drive/MyDrive/AImodels/codes/experiments/Mark5/data_labeled/media_talking/media_talking_train_088.wav,media_talking
/content/drive/MyDrive/AImodels/codes/experiments/Mark5/data_labeled/media_talking/media_talking_train_089.wav,media_talking
/content/drive/MyDrive/AImodels/codes/experiments/Mark5/data_labeled/media_talking/media_talking_train_090.wav,media_talking
/content/drive/MyDrive/AImodels/codes/experiments/Mark5/data_labeled/media_talking/media_talking_train_091.wav,media_talking
/content/drive/MyDrive/AImodels/codes/experiments/Mark5/data_labeled/media_talking/media_talking_train_092.wav,media_talking
/content/drive/MyDrive/AImodels/codes/experiments/Mark5/data_labeled/media_talking/media_talking_train_093.wav,media_talking
/content/drive/MyDrive/AImodels/codes/experiments/Mark5/data_labeled/media_talking/media_talking_train_094.wav,media_talking
/content/drive/MyDrive/AImodels/codes/experiments/Mark5/data_labeled/media_talking/media_talking_train_095.wav,media_talking
/content/drive/MyDrive/AImodels/codes/experiments/Mark5/data_labeled/media_talking/media_talking_train_096.wav,media_talking
/content/drive/MyDrive/AImodels/codes/experiments/Mark5/data_labeled/media_talking/media_talking_train_097.wav,media_talking
/content/drive/MyDrive/AImodels/codes/experiments/Mark5/data_labeled/media_talking/media_talking_train_098.wav,media_talking
/content/drive/MyDrive/AImodels/codes/experiments/Mark5/data_labeled/media_talking/media_talking_train_099.wav,media_talking
/content/drive/MyDrive/AImodels/codes/experiments/Mark5/data_labeled/media_talking/media_talking_train_100.wav,media_talking
/content/drive/MyDrive/AImodels/codes/experiments/Mark5/data_labeled/media_talking/media_talking_train_101.wav,media_talking
/content/drive/MyDrive/AImodels/codes/experiments/Mark5/data_labeled/media_talking/media_talking_train_102.wav,media_talking
/content/drive/MyDrive/AImodels/codes/experiments/Mark5/data_labeled/media_talking/media_talking_train_103.wav,media_talking
/content/drive/MyDrive/AImodels/codes/experiments/Mark5/data_labeled/media_talking/media_talking_train_104.wav,media_talking
/content/drive/MyDrive/AImodels/codes/experiments/Mark5/data_labeled/media_talking/media_talking_train_105.wav,media_talking
/content/drive/MyDrive/AImodels/codes/experiments/Mark5/data_labeled/media_talking/media_talking_train_106.wav,media_talking
/content/drive/MyDrive/AImodels/codes/experiments/Mark5/data_labeled/media_talking/media_talking_train_107.wav,media_talking
/content/drive/MyDrive/AImodels/codes/experiments/Mark5/data_labeled/media_talking/media_talking_train_108.wav,media_talking
/content/drive/MyDrive/AImodels/codes/experiments/Mark5/data_labeled/media_talking/media_talking_train_109.wav,media_talking
/content/drive/MyDrive/AImodels/codes/experiments/Mark5/data_labeled/media_talking/media_talking_train_110.wav,media_talking
/content/drive/MyDrive/AImodels/codes/experiments/Mark5/data_labeled/media_talking/media_talking_train_111.wav,media_talking
/content/drive/MyDrive/AImodels/codes/experiments/Mark5/data_labeled/media_talking/media_talking_train_112.wav,media_talking
/content/drive/MyDrive/AImodels/codes/experiments/Mark5/data_labeled/media_talking/media_talking_train_113.wav,media_talking
/content/drive/MyDrive/AImodels/codes/experiments/Mark5/data_labeled/media_talking/media_talking_train_114.wav,media_talking
/content/drive/MyDrive/AImodels/codes/experiments/Mark5/data_labeled/media_talking/media_talking_train_115.wav,media_talking
/content/drive/MyDrive/AImodels/codes/experiments/Mark5/data_labeled/media_talking/media_talking_train_116.wav,media_talking
/content/drive/MyDrive/AImodels/codes/experiments/Mark5/data_labeled/media_talking/media_talking_train_117.wav,media_talking
/content/drive/MyDrive/AImodels/codes/experiments/Mark5/data_labeled/media_talking/media_talking_train_118.wav,media_talking
/content/drive/MyDrive/AImodels/codes/experiments/Mark5/data_labeled/media_talking/media_talking_train_119.wav,media_talking
/content/drive/MyDrive/AImodels/codes/experiments/Mark5/data_labeled/media_talking/media_talking_train_120.wav,media_talking
/content/drive/MyDrive/AImodels/codes/experiments/Mark5/data_labeled/media_talking/media_talking_train_121.wav,media_talking
/content/drive/MyDrive/AImodels/codes/experiments/Mark5/data_labeled/media_talking/media_talking_train_122.wav,media_talking
/content/drive/MyDrive/AImodels/codes/experiments/Mark5/data_labeled/media_talking/media_talking_train_123.wav,media_talking
/content/drive/MyDrive/AImodels/codes/experiments/Mark5/data_labeled/media_talking/media_talking_train_124.wav,media_talking
/content/drive/MyDrive/AImodels/codes/experiments/Mark5/data_labeled/media_talking/media_talking_train_125.wav,media_talking
/content/drive/MyDrive/AImodels/codes/experiments/Mark5/data_labeled/media_talking/media_talking_train_126.wav,media_talking
/content/drive/MyDrive/AImodels/codes/experiments/Mark5/data_labeled/media_talking/media_talking_train_127.wav,media_talking
/content/drive/MyDrive/AImodels/codes/experiments/Mark5/data_labeled/media_talking/media_talking_train_128.wav,media_talking
/content/drive/MyDrive/AImodels/codes/experiments/Mark5/data_labeled/media_talking/media_talking_train_129.wav,media_talking
/content/drive/MyDrive/AImodels/codes/experiments/Mark5/data_labeled/media_talking/media_talking_train_130.wav,media_talking
/content/drive/MyDrive/AImodels/codes/experiments/Mark5/data_labeled/media_talking/media_talking_train_131.wav,media_talking
/content/drive/MyDrive/AImodels/codes/experiments/Mark5/data_labeled/media_talking/media_talking_train_132.wav,media_talking
/content/drive/MyDrive/AImodels/codes/experiments/Mark5/data_labeled/media_talking/media_talking_train_133.wav,media_talking
/content/drive/MyDrive/AImodels/codes/experiments/Mark5/data_labeled/media_talking/media_talking_train_134.wav,media_talking
/content/drive/MyDrive/AImodels/codes/experiments/Mark5/data_labeled/media_talking/media_talking_train_135.wav,media_talking
/content/drive/MyDrive/AImodels/codes/experiments/Mark5/data_labeled/media_talking/media_talking_train_136.wav,media_talking
/content/drive/MyDrive/AImodels/codes/experiments/Mark5/data_labeled/media_talking/media_talking_train_137.wav,media_talking
/content/drive/MyDrive/AImodels/codes/experiments/Mark5/data_labeled/media_talking/media_talking_train_138.wav,media_talking
/content/drive/MyDrive/AImodels/codes/experiments/Mark5/data_labeled/media_talking/media_talking_train_139.wav,media_talking
/content/drive/MyDrive/AImodels/codes/experiments/Mark5/data_labeled/media_talking/media_talking_train_140.wav,media_talking
/content/drive/MyDrive/AImodels/codes/experiments/Mark5/data_labeled/media_talking/media_talking_train_141.wav,media_talking
/content/drive/MyDrive/AImodels/codes/experiments/Mark5/data_labeled/media_talking/media_talking_train_142.wav,media_talking
/content/drive/MyDrive/AImodels/codes/experiments/Mark5/data_labeled/media_talking/media_talking_train_143.wav,media_talking
/content/drive/MyDrive/AImodels/codes/experiments/Mark5/data_labeled/media_talking/media_talking_train_144.wav,media_talking
/content/drive/MyDrive/AImodels/codes/experiments/Mark5/data_labeled/media_talking/media_talking_train_145.wav,media_talking
/content/drive/MyDrive/AImodels/codes/experiments/Mark5/data_labeled/media_talking/media_talking_train_146.wav,media_talking
/content/drive/MyDrive/AImodels/codes/experiments/Mark5/data_labeled/media_talking/media_talking_train_147.wav,media_talking
/content/drive/MyDrive/AImodels/codes/experiments/Mark5/data_labeled/media_talking/media_talking_train_148.wav,media_talking
/content/drive/MyDrive/AImodels/codes/experiments/Mark5/data_labeled/media_talking/media_talking_train_149.wav,media_talking
/content/drive/MyDrive/AImodels/codes/experiments/Mark5/data_labeled/media_talking/media_talking_train_150.wav,media_talking
/content/drive/MyDrive/AImodels/codes/experiments/Mark5/data_labeled/media_talking/media_talking_train_151.wav,media_talking
/content/drive/MyDrive/AImodels/codes/experiments/Mark5/data_labeled/media_talking/media_talking_train_152.wav,media_talking
/content/drive/MyDrive/AImodels/codes/experiments/Mark5/data_labeled/media_talking/media_talking_train_153.wav,media_talking
/content/drive/MyDrive/AImodels/codes/experiments/Mark5/data_labeled/media_talking/media_talking_train_154.wav,media_talking
/content/drive/MyDrive/AImodels/codes/experiments/Mark5/data_labeled/media_talking/media_talking_train_155.wav,media_talking
/content/drive/MyDrive/AImodels/codes/experiments/Mark5/data_labeled/media_talking/media_talking_train_156.wav,media_talking
/content/drive/MyDrive/AImodels/codes/experiments/Mark5/data_labeled/media_talking/media_talking_train_157.wav,media_talking
/content/drive/MyDrive/AImodels/codes/experiments/Mark5/data_labeled/media_talking/media_talking_train_158.wav,media_talking
/content/drive/MyDrive/AImodels/codes/experiments/Mark5/data_labeled/media_talking/media_talking_train_159.wav,media_talking
/content/drive/MyDrive/AImodels/codes/experiments/Mark5/data_labeled/media_talking/media_talking_train_160.wav,media_talking
/content/drive/MyDrive/AImodels/codes/experiments/Mark5/data_labeled/media_talking/media_talking_train_161.wav,media_talking
/content/drive/MyDrive/AImodels/codes/experiments/Mark5/data_labeled/media_talking/media_talking_train_162.wav,media_talking
/content/drive/MyDrive/AImodels/codes/experiments/Mark5/data_labeled/media_talking/media_talking_train_163.wav,media_talking
/content/drive/MyDrive/AImodels/codes/experiments/Mark5/data_labeled/media_talking/media_talking_train_164.wav,media_talking
/content/drive/MyDrive/AImodels/codes/experiments/Mark5/data_labeled/media_talking/media_talking_train_165.wav,media_talking
/content/drive/MyDrive/AImodels/codes/experiments/Mark5/data_labeled/media_talking/media_talking_train_166.wav,media_talking
/content/drive/MyDrive/AImodels/codes/experiments/Mark5/data_labeled/media_talking/media_talking_train_167.wav,media_talking
/content/drive/MyDrive/AImodels/codes/experiments/Mark5/data_labeled/media_talking/media_talking_train_168.wav,media_talking
/content/drive/MyDrive/AImodels/codes/experiments/Mark5/data_labeled/media_talking/media_talking_train_169.wav,media_talking
/content/drive/MyDrive/AImodels/codes/experiments/Mark5/data_labeled/media_talking/media_talking_train_170.wav,media_talking
/content/drive/MyDrive/AImodels/codes/experiments/Mark5/data_labeled/media_talking/media_talking_train_171.wav,media_talking
/content/drive/MyDrive/AImodels/codes/experiments/Mark5/data_labeled/media_talking/media_talking_train_172.wav,media_talking
/content/drive/MyDrive/AImodels/codes/experiments/Mark5/data_labeled/media_talking/media_talking_train_173.wav,media_talking
/content/drive/MyDrive/AImodels/codes/experiments/Mark5/data_labeled/media_talking/media_talking_train_174.wav,media_talking
/content/drive/MyDrive/AImodels/codes/experiments/Mark5/data_labeled/media_talking/media_talking_train_175.wav,media_talking
/content/drive/MyDrive/AImodels/codes/experiments/Mark5/data_labeled/media_talking/media_talking_train_176.wav,media_talking
/content/drive/MyDrive/AImodels/codes/experiments/Mark5/data_labeled/media_talking/media_talking_train_177.wav,media_talking
/content/drive/MyDrive/AImodels/codes/experiments/Mark5/data_labeled/media_talking/media_talking_train_178.wav,media_talking
/content/drive/MyDrive/AImodels/codes/experiments/Mark5/data_labeled/media_talking/media_talking_train_179.wav,media_talking
/content/drive/MyDrive/AImodels/codes/experiments/Mark5/data_labeled/media_talking/media_talking_train_180.wav,media_talking
/content/drive/MyDrive/AImodels/codes/experiments/Mark5/data_labeled/media_talking/media_talking_train_181.wav,media_talking
/content/drive/MyDrive/AImodels/codes/experiments/Mark5/data_labeled/media_talking/media_talking_train_182.wav,media_talking
/content/drive/MyDrive/AImodels/codes/experiments/Mark5/data_labeled/media_talking/media_talking_train_183.wav,media_talking
/content/drive/MyDrive/AImodels/codes/experiments/Mark5/data_labeled/media_talking/media_talking_train_184.wav,media_talking
/content/drive/MyDrive/AImodels/codes/experiments/Mark5/data_labeled/media_talking/media_talking_train_185.wav,media_talking
/content/drive/MyDrive/AImodels/codes/experiments/Mark5/data_labeled/media_talking/media_talking_train_186.wav,media_talking
/content/drive/MyDrive/AImodels/codes/experiments/Mark5/data_labeled/media_talking/media_talking_train_187.wav,media_talking
/content/drive/MyDrive/AImodels/codes/experiments/Mark5/data_labeled/media_talking/media_talking_train_188.wav,media_talking
/content/drive/MyDrive/AImodels/codes/experiments/Mark5/data_labeled/media_talking/media_talking_train_189.wav,media_talking
/content/drive/MyDrive/AImodels/codes/experiments/Mark5/data_labeled/media_talking/media_talking_train_190.wav,media_talking
/content/drive/MyDrive/AImodels/codes/experiments/Mark5/data_labeled/media_talking/media_talking_train_191.wav,media_talking
/content/drive/MyDrive/AImodels/codes/experiments/Mark5/data_labeled/media_talking/media_talking_train_192.wav,media_talking
/content/drive/MyDrive/AImodels/codes/experiments/Mark5/data_labeled/media_talking/media_talking_train_193.wav,media_talking
/content/drive/MyDrive/AImodels/codes/experiments/Mark5/data_labeled/media_talking/media_talking_train_194.wav,media_talking
/content/drive/MyDrive/AImodels/codes/experiments/Mark5/data_labeled/media_talking/media_talking_train_195.wav,media_talking
/content/drive/MyDrive/AImodels/codes/experiments/Mark5/data_labeled/media_talking/media_talking_train_196.wav,media_talking
/content/drive/MyDrive/AImodels/codes/experiments/Mark5/data_labeled/media_talking/media_talking_train_197.wav,media_talking
/content/drive/MyDrive/AImodels/codes/experiments/Mark5/data_labeled/media_talking/media_talking_train_198.wav,media_talking
/content/drive/MyDrive/AImodels/codes/experiments/Mark5/data_labeled/media_talking/media_talking_train_199.wav,media_talking
/content/drive/MyDrive/AImodels/codes/experiments/Mark5/data_labeled/media_talking/media_talking_train_200.wav,media_talking
/content/drive/MyDrive/AImodels/codes/experiments/Mark5/data_labeled/media_talking/media_talking_train_201.wav,media_talking
/content/drive/MyDrive/AImodels/codes/experiments/Mark5/data_labeled/media_talking/media_talking_train_202.wav,media_talking
/content/drive/MyDrive/AImodels/codes/experiments/Mark5/data_labeled/media_talking/media_talking_train_203.wav,media_talking
/content/drive/MyDrive/AImodels/codes/experiments/Mark5/data_labeled/media_talking/media_talking_train_204.wav,media_talking
/content/drive/MyDrive/AImodels/codes/experiments/Mark5/data_labeled/media_talking/media_talking_train_205.wav,media_talking
/content/drive/MyDrive/AImodels/codes/experiments/Mark5/data_labeled/media_talking/media_talking_train_206.wav,media_talking
/content/drive/MyDrive/AImodels/codes/experiments/Mark5/data_labeled/media_talking/media_talking_train_207.wav,media_talking
/content/drive/MyDrive/AImodels/codes/experiments/Mark5/data_labeled/media_talking/media_talking_train_208.wav,media_talking
/content/drive/MyDrive/AImodels/codes/experiments/Mark5/data_labeled/media_talking/media_talking_train_209.wav,media_talking
/content/drive/MyDrive/AImodels/codes/experiments/Mark5/data_labeled/media_talking/media_talking_train_210.wav,media_talking
/content/drive/MyDrive/AImodels/codes/experiments/Mark5/data_labeled/media_talking/media_talking_train_211.wav,media_talking
/content/drive/MyDrive/AImodels/codes/experiments/Mark5/data_labeled/media_talking/media_talking_train_212.wav,media_talking
/content/drive/MyDrive/AImodels/codes/experiments/Mark5/data_labeled/media_talking/media_talking_train_213.wav,media_talking
/content/drive/MyDrive/AImodels/codes/experiments/Mark5/data_labeled/media_talking/media_talking_train_214.wav,media_talking
/content/drive/MyDrive/AImodels/codes/experiments/Mark5/data_labeled/media_talking/media_talking_train_215.wav,media_talking
/content/drive/MyDrive/AImodels/codes/experiments/Mark5/data_labeled/media_talking/media_talking_train_216.wav,media_talking
/content/drive/MyDrive/AImodels/codes/experiments/Mark5/data_labeled/media_talking/media_talking_train_217.wav,media_talking
/content/drive/MyDrive/AImodels/codes/experiments/Mark5/data_labeled/media_talking/media_talking_train_218.wav,media_talking
/content/drive/MyDrive/AImodels/codes/experiments/Mark5/data_labeled/media_talking/media_talking_train_219.wav,media_talking
/content/drive/MyDrive/AImodels/codes/experiments/Mark5/data_labeled/media_talking/media_talking_train_220.wav,media_talking
/content/drive/MyDrive/AImodels/codes/experiments/Mark5/data_labeled/media_talking/media_talking_train_221.wav,media_talking
/content/drive/MyDrive/AImodels/codes/experiments/Mark5/data_labeled/media_talking/media_talking_train_222.wav,media_talking
/content/drive/MyDrive/AImodels/codes/experiments/Mark5/data_labeled/others/others_train_001.wav,others
/content/drive/MyDrive/AImodels/codes/experiments/Mark5/data_labeled/others/others_train_002.wav,others
/content/drive/MyDrive/AImodels/codes/experiments/Mark5/data_labeled/others/others_train_003.wav,others
/content/drive/MyDrive/AImodels/codes/experiments/Mark5/data_labeled/others/others_train_004.wav,others
/content/drive/MyDrive/AImodels/codes/experiments/Mark5/data_labeled/others/others_train_005.wav,others
/content/drive/MyDrive/AImodels/codes/experiments/Mark5/data_labeled/others/others_train_006.wav,others
/content/drive/MyDrive/AImodels/codes/experiments/Mark5/data_labeled/others/others_train_007.wav,others
/content/drive/MyDrive/AImodels/codes/experiments/Mark5/data_labeled/others/others_train_008.wav,others
/content/drive/MyDrive/AImodels/codes/experiments/Mark5/data_labeled/others/others_train_009.wav,others
/content/drive/MyDrive/AImodels/codes/experiments/Mark5/data_labeled/others/others_train_010.wav,others
/content/drive/MyDrive/AImodels/codes/experiments/Mark5/data_labeled/others/others_train_011.wav,others
/content/drive/MyDrive/AImodels/codes/experiments/Mark5/data_labeled/others/others_train_012.wav,others
/content/drive/MyDrive/AImodels/codes/experiments/Mark5/data_labeled/others/others_train_013.wav,others
/content/drive/MyDrive/AImodels/codes/experiments/Mark5/data_labeled/others/others_train_014.wav,others
/content/drive/MyDrive/AImodels/codes/experiments/Mark5/data_labeled/others/others_train_015.wav,others
/content/drive/MyDrive/AImodels/codes/experiments/Mark5/data_labeled/others/others_train_016.wav,others
/content/drive/MyDrive/AImodels/codes/experiments/Mark5/data_labeled/others/others_train_017.wav,others
/content/drive/MyDrive/AImodels/codes/experiments/Mark5/data_labeled/others/others_train_018.wav,others
/content/drive/MyDrive/AImodels/codes/experiments/Mark5/data_labeled/others/others_train_019.wav,others
/content/drive/MyDrive/AImodels/codes/experiments/Mark5/data_labeled/others/others_train_020.wav,others
/content/drive/MyDrive/AImodels/codes/experiments/Mark5/data_labeled/others/others_train_021.wav,others
/content/drive/MyDrive/AImodels/codes/experiments/Mark5/data_labeled/others/others_train_022.wav,others
/content/drive/MyDrive/AImodels/codes/experiments/Mark5/data_labeled/others/others_train_023.wav,others
/content/drive/MyDrive/AImodels/codes/experiments/Mark5/data_labeled/others/others_train_024.wav,others
/content/drive/MyDrive/AImodels/codes/experiments/Mark5/data_labeled/others/others_train_025.wav,others
/content/drive/MyDrive/AImodels/codes/experiments/Mark5/data_labeled/others/others_train_026.wav,others
/content/drive/MyDrive/AImodels/codes/experiments/Mark5/data_labeled/others/others_train_027.wav,others
/content/drive/MyDrive/AImodels/codes/experiments/Mark5/data_labeled/others/others_train_028.wav,others
/content/drive/MyDrive/AImodels/codes/experiments/Mark5/data_labeled/others/others_train_029.wav,others
/content/drive/MyDrive/AImodels/codes/experiments/Mark5/data_labeled/others/others_train_030.wav,others
/content/drive/MyDrive/AImodels/codes/experiments/Mark5/data_labeled/others/others_train_031.wav,others
/content/drive/MyDrive/AImodels/codes/experiments/Mark5/data_labeled/others/others_train_032.wav,others
/content/drive/MyDrive/AImodels/codes/experiments/Mark5/data_labeled/others/others_train_033.wav,others
/content/drive/MyDrive/AImodels/codes/experiments/Mark5/data_labeled/others/others_train_034.wav,others
/content/drive/MyDrive/AImodels/codes/experiments/Mark5/data_labeled/others/others_train_035.wav,others
/content/drive/MyDrive/AImodels/codes/experiments/Mark5/data_labeled/others/others_train_036.wav,others
/content/drive/MyDrive/AImodels/codes/experiments/Mark5/data_labeled/others/others_train_037.wav,others
/content/drive/MyDrive/AImodels/codes/experiments/Mark5/data_labeled/others/others_train_038.wav,others
/content/drive/MyDrive/AImodels/codes/experiments/Mark5/data_labeled/others/others_train_039.wav,others
/content/drive/MyDrive/AImodels/codes/experiments/Mark5/data_labeled/others/others_train_040.wav,others
/content/drive/MyDrive/AImodels/codes/experiments/Mark5/data_labeled/others/others_train_041.wav,others
/content/drive/MyDrive/AImodels/codes/experiments/Mark5/data_labeled/others/others_train_042.wav,others
/content/drive/MyDrive/AImodels/codes/experiments/Mark5/data_labeled/others/others_train_043.wav,others
/content/drive/MyDrive/AImodels/codes/experiments/Mark5/data_labeled/others/others_train_044.wav,others
/content/drive/MyDrive/AImodels/codes/experiments/Mark5/data_labeled/others/others_train_045.wav,others
/content/drive/MyDrive/AImodels/codes/experiments/Mark5/data_labeled/others/others_train_046.wav,others
/content/drive/MyDrive/AImodels/codes/experiments/Mark5/data_labeled/others/others_train_047.wav,others
/content/drive/MyDrive/AImodels/codes/experiments/Mark5/data_labeled/others/others_train_048.wav,others
/content/drive/MyDrive/AImodels/codes/experiments/Mark5/data_labeled/others/others_train_049.wav,others
/content/drive/MyDrive/AImodels/codes/experiments/Mark5/data_labeled/others/others_train_050.wav,others
/content/drive/MyDrive/AImodels/codes/experiments/Mark5/data_labeled/others/others_train_051.wav,others
/content/drive/MyDrive/AImodels/codes/experiments/Mark5/data_labeled/others/others_train_052.wav,others
/content/drive/MyDrive/AImodels/codes/experiments/Mark5/data_labeled/others/others_train_053.wav,others
/content/drive/MyDrive/AImodels/codes/experiments/Mark5/data_labeled/others/others_train_054.wav,others
/content/drive/MyDrive/AImodels/codes/experiments/Mark5/data_labeled/others/others_train_055.wav,others
/content/drive/MyDrive/AImodels/codes/experiments/Mark5/data_labeled/others/others_train_056.wav,others
/content/drive/MyDrive/AImodels/codes/experiments/Mark5/data_labeled/others/others_train_057.wav,others
/content/drive/MyDrive/AImodels/codes/experiments/Mark5/data_labeled/others/others_train_058.wav,others
/content/drive/MyDrive/AImodels/codes/experiments/Mark5/data_labeled/others/others_train_059.wav,others
/content/drive/MyDrive/AImodels/codes/experiments/Mark5/data_labeled/others/others_train_060.wav,others
/content/drive/MyDrive/AImodels/codes/experiments/Mark5/data_labeled/others/others_train_061.wav,others
/content/drive/MyDrive/AImodels/codes/experiments/Mark5/data_labeled/others/others_train_062.wav,others
/content/drive/MyDrive/AImodels/codes/experiments/Mark5/data_labeled/others/others_train_063.wav,others
/content/drive/MyDrive/AImodels/codes/experiments/Mark5/data_labeled/others/others_train_064.wav,others
/content/drive/MyDrive/AImodels/codes/experiments/Mark5/data_labeled/others/others_train_065.wav,others
/content/drive/MyDrive/AImodels/codes/experiments/Mark5/data_labeled/others/others_train_066.wav,others
/content/drive/MyDrive/AImodels/codes/experiments/Mark5/data_labeled/others/others_train_067.wav,others
/content/drive/MyDrive/AImodels/codes/experiments/Mark5/data_labeled/others/others_train_068.wav,others
/content/drive/MyDrive/AImodels/codes/experiments/Mark5/data_labeled/others/others_train_069.wav,others
/content/drive/MyDrive/AImodels/codes/experiments/Mark5/data_labeled/others/others_train_070.wav,others
/content/drive/MyDrive/AImodels/codes/experiments/Mark5/data_labeled/others/others_train_071.wav,others
/content/drive/MyDrive/AImodels/codes/experiments/Mark5/data_labeled/others/others_train_072.wav,others
/content/drive/MyDrive/AImodels/codes/experiments/Mark5/data_labeled/others/others_train_073.wav,others
/content/drive/MyDrive/AImodels/codes/experiments/Mark5/data_labeled/others/others_train_074.wav,others
/content/drive/MyDrive/AImodels/codes/experiments/Mark5/data_labeled/others/others_train_075.wav,others
/content/drive/MyDrive/AImodels/codes/experiments/Mark5/data_labeled/others/others_train_076.wav,others
/content/drive/MyDrive/AImodels/codes/experiments/Mark5/data_labeled/others/others_train_077.wav,others
/content/drive/MyDrive/AImodels/codes/experiments/Mark5/data_labeled/others/others_train_078.wav,others
/content/drive/MyDrive/AImodels/codes/experiments/Mark5/data_labeled/others/others_train_079.wav,others
/content/drive/MyDrive/AImodels/codes/experiments/Mark5/data_labeled/others/others_train_080.wav,others
/content/drive/MyDrive/AImodels/codes/experiments/Mark5/data_labeled/others/others_train_081.wav,others
/content/drive/MyDrive/AImodels/codes/experiments/Mark5/data_labeled/others/others_train_082.wav,others
/content/drive/MyDrive/AImodels/codes/experiments/Mark5/data_labeled/others/others_train_083.wav,others
/content/drive/MyDrive/AImodels/codes/experiments/Mark5/data_labeled/others/others_train_084.wav,others
/content/drive/MyDrive/AImodels/codes/experiments/Mark5/data_labeled/others/others_train_085.wav,others
/content/drive/MyDrive/AImodels/codes/experiments/Mark5/data_labeled/others/others_train_086.wav,others
/content/drive/MyDrive/AImodels/codes/experiments/Mark5/data_labeled/others/others_train_087.wav,others
/content/drive/MyDrive/AImodels/codes/experiments/Mark5/data_labeled/others/others_train_088.wav,others
/content/drive/MyDrive/AImodels/codes/experiments/Mark5/data_labeled/others/others_train_089.wav,others
/content/drive/MyDrive/AImodels/codes/experiments/Mark5/data_labeled/others/others_train_090.wav,others
/content/drive/MyDrive/AImodels/codes/experiments/Mark5/data_labeled/others/others_train_091.wav,others
/content/drive/MyDrive/AImodels/codes/experiments/Mark5/data_labeled/others/others_train_092.wav,others
/content/drive/MyDrive/AImodels/codes/experiments/Mark5/data_labeled/others/others_train_093.wav,others
/content/drive/MyDrive/AImodels/codes/experiments/Mark5/data_labeled/others/others_train_094.wav,others
/content/drive/MyDrive/AImodels/codes/experiments/Mark5/data_labeled/others/others_train_095.wav,others
/content/drive/MyDrive/AImodels/codes/experiments/Mark5/data_labeled/others/others_train_096.wav,others
/content/drive/MyDrive/AImodels/codes/experiments/Mark5/data_labeled/others/others_train_097.wav,others
/content/drive/MyDrive/AImodels/codes/experiments/Mark5/data_labeled/others/others_train_098.wav,others
/content/drive/MyDrive/AImodels/codes/experiments/Mark5/data_labeled/others/others_train_099.wav,others
/content/drive/MyDrive/AImodels/codes/experiments/Mark5/data_labeled/others/others_train_100.wav,others
/content/drive/MyDrive/AImodels/codes/experiments/Mark5/data_labeled/others/others_train_101.wav,others
/content/drive/MyDrive/AImodels/codes/experiments/Mark5/data_labeled/others/others_train_102.wav,others
/content/drive/MyDrive/AImodels/codes/experiments/Mark5/data_labeled/others/others_train_103.wav,others
/content/drive/MyDrive/AImodels/codes/experiments/Mark5/data_labeled/others/others_train_104.wav,others
/content/drive/MyDrive/AImodels/codes/experiments/Mark5/data_labeled/others/others_train_105.wav,others
/content/drive/MyDrive/AImodels/codes/experiments/Mark5/data_labeled/others/others_train_106.wav,others
/content/drive/MyDrive/AImodels/codes/experiments/Mark5/data_labeled/others/others_train_107.wav,others
/content/drive/MyDrive/AImodels/codes/experiments/Mark5/data_labeled/others/others_train_108.wav,others
/content/drive/MyDrive/AImodels/codes/experiments/Mark5/data_labeled/others/others_train_109.wav,others
/content/drive/MyDrive/AImodels/codes/experiments/Mark5/data_labeled/others/others_train_110.wav,others
/content/drive/MyDrive/AImodels/codes/experiments/Mark5/data_labeled/others/others_train_111.wav,others
/content/drive/MyDrive/AImodels/codes/experiments/Mark5/data_labeled/others/others_train_112.wav,others
/content/drive/MyDrive/AImodels/codes/experiments/Mark5/data_labeled/others/others_train_113.wav,others
/content/drive/MyDrive/AImodels/codes/experiments/Mark5/data_labeled/others/others_train_114.wav,others
/content/drive/MyDrive/AImodels/codes/experiments/Mark5/data_labeled/others/others_train_115.wav,others
/content/drive/MyDrive/AImodels/codes/experiments/Mark5/data_labeled/others/others_train_116.wav,others
/content/drive/MyDrive/AImodels/codes/experiments/Mark5/data_labeled/others/others_train_117.wav,others
/content/drive/MyDrive/AImodels/codes/experiments/Mark5/data_labeled/others/others_train_118.wav,others
/content/drive/MyDrive/AImodels/codes/experiments/Mark5/data_labeled/others/others_train_119.wav,others
/content/drive/MyDrive/AImodels/codes/experiments/Mark5/data_labeled/others/others_train_120.wav,others
/content/drive/MyDrive/AImodels/codes/experiments/Mark5/data_labeled/others/others_train_121.wav,others
/content/drive/MyDrive/AImodels/codes/experiments/Mark5/data_labeled/others/others_train_122.wav,others
/content/drive/MyDrive/AImodels/codes/experiments/Mark5/data_labeled/others/others_train_123.wav,others
/content/drive/MyDrive/AImodels/codes/experiments/Mark5/data_labeled/others/others_train_124.wav,others
/content/drive/MyDrive/AImodels/codes/experiments/Mark5/data_labeled/others/others_train_125.wav,others
/content/drive/MyDrive/AImodels/codes/experiments/Mark5/data_labeled/others/others_train_126.wav,others
/content/drive/MyDrive/AImodels/codes/experiments/Mark5/data_labeled/others/others_train_127.wav,others
/content/drive/MyDrive/AImodels/codes/experiments/Mark5/data_labeled/others/others_train_128.wav,others
/content/drive/MyDrive/AImodels/codes/experiments/Mark5/data_labeled/others/others_train_129.wav,others
/content/drive/MyDrive/AImodels/codes/experiments/Mark5/data_labeled/others/others_train_130.wav,others
/content/drive/MyDrive/AImodels/codes/experiments/Mark5/data_labeled/others/others_train_131.wav,others
/content/drive/MyDrive/AImodels/codes/experiments/Mark5/data_labeled/others/others_train_132.wav,others
/content/drive/MyDrive/AImodels/codes/experiments/Mark5/data_labeled/others/others_train_133.wav,others
/content/drive/MyDrive/AImodels/codes/experiments/Mark5/data_labeled/others/others_train_134.wav,others
/content/drive/MyDrive/AImodels/codes/experiments/Mark5/data_labeled/others/others_train_135.wav,others
/content/drive/MyDrive/AImodels/codes/experiments/Mark5/data_labeled/others/others_train_136.wav,others
/content/drive/MyDrive/AImodels/codes/experiments/Mark5/data_labeled/others/others_train_137.wav,others
/content/drive/MyDrive/AImodels/codes/experiments/Mark5/data_labeled/others/others_train_138.wav,others
/content/drive/MyDrive/AImodels/codes/experiments/Mark5/data_labeled/others/others_train_139.wav,others
/content/drive/MyDrive/AImodels/codes/experiments/Mark5/data_labeled/others/others_train_140.wav,others
/content/drive/MyDrive/AImodels/codes/experiments/Mark5/data_labeled/others/others_train_141.wav,others
/content/drive/MyDrive/AImodels/codes/experiments/Mark5/data_labeled/others/others_train_142.wav,others
/content/drive/MyDrive/AImodels/codes/experiments/Mark5/data_labeled/others/others_train_143.wav,others
/content/drive/MyDrive/AImodels/codes/experiments/Mark5/data_labeled/others/others_train_144.wav,others
/content/drive/MyDrive/AImodels/codes/experiments/Mark5/data_labeled/others/others_train_145.wav,others
/content/drive/MyDrive/AImodels/codes/experiments/Mark5/data_labeled/others/others_train_146.wav,others
/content/drive/MyDrive/AImodels/codes/experiments/Mark5/data_labeled/others/others_train_147.wav,others
/content/drive/MyDrive/AImodels/codes/experiments/Mark5/data_labeled/others/others_train_148.wav,others
/content/drive/MyDrive/AImodels/codes/experiments/Mark5/data_labeled/others/others_train_149.wav,others
/content/drive/MyDrive/AImodels/codes/experiments/Mark5/data_labeled/others/others_train_150.wav,others
/content/drive/MyDrive/AImodels/codes/experiments/Mark5/data_labeled/others/others_train_151.wav,others
/content/drive/MyDrive/AImodels/codes/experiments/Mark5/data_labeled/others/others_train_152.wav,others
/content/drive/MyDrive/AImodels/codes/experiments/Mark5/data_labeled/others/others_train_153.wav,others
/content/drive/MyDrive/AImodels/codes/experiments/Mark5/data_labeled/others/others_train_154.wav,others
/content/drive/MyDrive/AImodels/codes/experiments/Mark5/data_labeled/others/others_train_155.wav,others
/content/drive/MyDrive/AImodels/codes/experiments/Mark5/data_labeled/others/others_train_156.wav,others
/content/drive/MyDrive/AImodels/codes/experiments/Mark5/data_labeled/others/others_train_157.wav,others
/content/drive/MyDrive/AImodels/codes/experiments/Mark5/data_labeled/others/others_train_158.wav,others
/content/drive/MyDrive/AImodels/codes/experiments/Mark5/data_labeled/others/others_train_159.wav,others
/content/drive/MyDrive/AImodels/codes/experiments/Mark5/data_labeled/others/others_train_160.wav,others
/content/drive/MyDrive/AImodels/codes/experiments/Mark5/data_labeled/others/others_train_161.wav,others
/content/drive/MyDrive/AImodels/codes/experiments/Mark5/data_labeled/others/others_train_162.wav,others
/content/drive/MyDrive/AImodels/codes/experiments/Mark5/data_labeled/others/others_train_163.wav,others
/content/drive/MyDrive/AImodels/codes/experiments/Mark5/data_labeled/others/others_train_164.wav,others
/content/drive/MyDrive/AImodels/codes/experiments/Mark5/data_labeled/others/others_train_165.wav,others
/content/drive/MyDrive/AImodels/codes/experiments/Mark5/data_labeled/others/others_train_166.wav,others
/content/drive/MyDrive/AImodels/codes/experiments/Mark5/data_labeled/others/others_train_167.wav,others
/content/drive/MyDrive/AImodels/codes/experiments/Mark5/data_labeled/others/others_train_168.wav,others
/content/drive/MyDrive/AImodels/codes/experiments/Mark5/data_labeled/others/others_train_169.wav,others
/content/drive/MyDrive/AImodels/codes/experiments/Mark5/data_labeled/others/others_train_170.wav,others
/content/drive/MyDrive/AImodels/codes/experiments/Mark5/data_labeled/others/others_train_171.wav,others
/content/drive/MyDrive/AImodels/codes/experiments/Mark5/data_labeled/others/others_train_172.wav,others
/content/drive/MyDrive/AImodels/codes/experiments/Mark5/data_labeled/others/others_train_173.wav,others
/content/drive/MyDrive/AImodels/codes/experiments/Mark5/data_labeled/others/others_train_174.wav,others
/content/drive/MyDrive/AImodels/codes/experiments/Mark5/data_labeled/others/others_train_175.wav,others
/content/drive/MyDrive/AImodels/codes/experiments/Mark5/data_labeled/others/others_train_176.wav,others
/content/drive/MyDrive/AImodels/codes/experiments/Mark5/data_labeled/others/others_train_177.wav,others
/content/drive/MyDrive/AImodels/codes/experiments/Mark5/data_labeled/others/others_train_178.wav,others
/content/drive/MyDrive/AImodels/codes/experiments/Mark5/data_labeled/others/others_train_179.wav,others
/content/drive/MyDrive/AImodels/codes/experiments/Mark5/data_labeled/others/others_train_180.wav,others
/content/drive/MyDrive/AImodels/codes/experiments/Mark5/data_labeled/others/others_train_181.wav,others
/content/drive/MyDrive/AImodels/codes/experiments/Mark5/data_labeled/others/others_train_182.wav,others
/content/drive/MyDrive/AImodels/codes/experiments/Mark5/data_labeled/others/others_train_183.wav,others
/content/drive/MyDrive/AImodels/codes/experiments/Mark5/data_labeled/others/others_train_184.wav,others
/content/drive/MyDrive/AImodels/codes/experiments/Mark5/data_labeled/others/others_train_185.wav,others
/content/drive/MyDrive/AImodels/codes/experiments/Mark5/data_labeled/others/others_train_186.wav,others
/content/drive/MyDrive/AImodels/codes/experiments/Mark5/data_labeled/others/others_train_187.wav,others
/content/drive/MyDrive/AImodels/codes/experiments/Mark5/data_labeled/others/others_train_188.wav,others
/content/drive/MyDrive/AImodels/codes/experiments/Mark5/data_labeled/others/others_train_189.wav,others
/content/drive/MyDrive/AImodels/codes/experiments/Mark5/data_labeled/others/others_train_190.wav,others
/content/drive/MyDrive/AImodels/codes/experiments/Mark5/data_labeled/others/others_train_191.wav,others
/content/drive/MyDrive/AImodels/codes/experiments/Mark5/data_labeled/others/others_train_192.wav,others
/content/drive/MyDrive/AImodels/codes/experiments/Mark5/data_labeled/others/others_train_193.wav,others
/content/drive/MyDrive/AImodels/codes/experiments/Mark5/data_labeled/others/others_train_194.wav,others
/content/drive/MyDrive/AImodels/codes/experiments/Mark5/data_labeled/others/others_train_195.wav,others
/content/drive/MyDrive/AImodels/codes/experiments/Mark5/data_labeled/others/others_train_196.wav,others
/content/drive/MyDrive/AImodels/codes/experiments/Mark5/data_labeled/others/others_train_197.wav,others
/content/drive/MyDrive/AImodels/codes/experiments/Mark5/data_labeled/others/others_train_198.wav,others
/content/drive/MyDrive/AImodels/codes/experiments/Mark5/data_labeled/others/others_train_199.wav,others
/content/drive/MyDrive/AImodels/codes/experiments/Mark5/data_labeled/others/others_train_200.wav,others
/content/drive/MyDrive/AImodels/codes/experiments/Mark5/data_labeled/others/others_train_201.wav,others
/content/drive/MyDrive/AImodels/codes/experiments/Mark5/data_labeled/others/others_train_202.wav,others
/content/drive/MyDrive/AImodels/codes/experiments/Mark5/data_labeled/others/others_train_203.wav,others
/content/drive/MyDrive/AImodels/codes/experiments/Mark5/data_labeled/others/others_train_204.wav,others
/content/drive/MyDrive/AImodels/codes/experiments/Mark5/data_labeled/others/others_train_205.wav,others
/content/drive/MyDrive/AImodels/codes/experiments/Mark5/data_labeled/others/others_train_206.wav,others
/content/drive/MyDrive/AImodels/codes/experiments/Mark5/data_labeled/others/others_train_207.wav,others
/content/drive/MyDrive/AImodels/codes/experiments/Mark5/data_labeled/others/others_train_208.wav,others
/content/drive/MyDrive/AImodels/codes/experiments/Mark5/data_labeled/others/others_train_209.wav,others
/content/drive/MyDrive/AImodels/codes/experiments/Mark5/data_labeled/others/others_train_210.wav,others
/content/drive/MyDrive/AImodels/codes/experiments/Mark5/data_labeled/others/others_train_211.wav,others
/content/drive/MyDrive/AImodels/codes/experiments/Mark5/data_labeled/others/others_train_212.wav,others
/content/drive/MyDrive/AImodels/codes/experiments/Mark5/data_labeled/others/others_train_213.wav,others
/content/drive/MyDrive/AImodels/codes/experiments/Mark5/data_labeled/others/others_train_214.wav,others
/content/drive/MyDrive/AImodels/codes/experiments/Mark5/data_labeled/others/others_train_215.wav,others
/content/drive/MyDrive/AImodels/codes/experiments/Mark5/data_labeled/others/others_train_216.wav,others
/content/drive/MyDrive/AImodels/codes/experiments/Mark5/data_labeled/others/others_train_217.wav,others
/content/drive/MyDrive/AImodels/codes/experiments/Mark5/data_labeled/others/others_train_218.wav,others
/content/drive/MyDrive/AImodels/codes/experiments/Mark5/data_labeled/others/others_train_219.wav,others
/content/drive/MyDrive/AImodels/codes/experiments/Mark5/data_labeled/others/others_train_220.wav,others
/content/drive/MyDrive/AImodels/codes/experiments/Mark5/data_labeled/others/others_train_221.wav,others
/content/drive/MyDrive/AImodels/codes/experiments/Mark5/data_labeled/others/others_train_222.wav,others
/content/drive/MyDrive/AImodels/codes/experiments/Mark5/data_labeled/water_shower/water_shower_train_001.wav,water_shower
/content/drive/MyDrive/AImodels/codes/experiments/Mark5/data_labeled/water_shower/water_shower_train_002.wav,water_shower
/content/drive/MyDrive/AImodels/codes/experiments/Mark5/data_labeled/water_shower/water_shower_train_003.wav,water_shower
/content/drive/MyDrive/AImodels/codes/experiments/Mark5/data_labeled/water_shower/water_shower_train_004.wav,water_shower
/content/drive/MyDrive/AImodels/codes/experiments/Mark5/data_labeled/water_shower/water_shower_train_005.wav,water_shower
/content/drive/MyDrive/AImodels/codes/experiments/Mark5/data_labeled/water_shower/water_shower_train_006.wav,water_shower
/content/drive/MyDrive/AImodels/codes/experiments/Mark5/data_labeled/water_shower/water_shower_train_007.wav,water_shower
/content/drive/MyDrive/AImodels/codes/experiments/Mark5/data_labeled/water_shower/water_shower_train_008.wav,water_shower
/content/drive/MyDrive/AImodels/codes/experiments/Mark5/data_labeled/water_shower/water_shower_train_009.wav,water_shower
/content/drive/MyDrive/AImodels/codes/experiments/Mark5/data_labeled/water_shower/water_shower_train_010.wav,water_shower
/content/drive/MyDrive/AImodels/codes/experiments/Mark5/data_labeled/water_shower/water_shower_train_011.wav,water_shower
/content/drive/MyDrive/AImodels/codes/experiments/Mark5/data_labeled/water_shower/water_shower_train_012.wav,water_shower
/content/drive/MyDrive/AImodels/codes/experiments/Mark5/data_labeled/water_shower/water_shower_train_013.wav,water_shower
/content/drive/MyDrive/AImodels/codes/experiments/Mark5/data_labeled/water_shower/water_shower_train_014.wav,water_shower
/content/drive/MyDrive/AImodels/codes/experiments/Mark5/data_labeled/water_shower/water_shower_train_015.wav,water_shower
/content/drive/MyDrive/AImodels/codes/experiments/Mark5/data_labeled/water_shower/water_shower_train_016.wav,water_shower
/content/drive/MyDrive/AImodels/codes/experiments/Mark5/data_labeled/water_shower/water_shower_train_017.wav,water_shower
/content/drive/MyDrive/AImodels/codes/experiments/Mark5/data_labeled/water_shower/water_shower_train_018.wav,water_shower
/content/drive/MyDrive/AImodels/codes/experiments/Mark5/data_labeled/water_shower/water_shower_train_019.wav,water_shower
/content/drive/MyDrive/AImodels/codes/experiments/Mark5/data_labeled/water_shower/water_shower_train_020.wav,water_shower
/content/drive/MyDrive/AImodels/codes/experiments/Mark5/data_labeled/water_shower/water_shower_train_021.wav,water_shower
/content/drive/MyDrive/AImodels/codes/experiments/Mark5/data_labeled/water_shower/water_shower_train_022.wav,water_shower
/content/drive/MyDrive/AImodels/codes/experiments/Mark5/data_labeled/water_shower/water_shower_train_023.wav,water_shower
/content/drive/MyDrive/AImodels/codes/experiments/Mark5/data_labeled/water_shower/water_shower_train_024.wav,water_shower
/content/drive/MyDrive/AImodels/codes/experiments/Mark5/data_labeled/water_shower/water_shower_train_025.wav,water_shower
/content/drive/MyDrive/AImodels/codes/experiments/Mark5/data_labeled/water_shower/water_shower_train_026.wav,water_shower
/content/drive/MyDrive/AImodels/codes/experiments/Mark5/data_labeled/water_shower/water_shower_train_027.wav,water_shower
/content/drive/MyDrive/AImodels/codes/experiments/Mark5/data_labeled/water_shower/water_shower_train_028.wav,water_shower
/content/drive/MyDrive/AImodels/codes/experiments/Mark5/data_labeled/water_shower/water_shower_train_029.wav,water_shower
/content/drive/MyDrive/AImodels/codes/experiments/Mark5/data_labeled/water_shower/water_shower_train_030.wav,water_shower
/content/drive/MyDrive/AImodels/codes/experiments/Mark5/data_labeled/water_shower/water_shower_train_031.wav,water_shower
/content/drive/MyDrive/AImodels/codes/experiments/Mark5/data_labeled/water_shower/water_shower_train_032.wav,water_shower
/content/drive/MyDrive/AImodels/codes/experiments/Mark5/data_labeled/water_shower/water_shower_train_033.wav,water_shower
/content/drive/MyDrive/AImodels/codes/experiments/Mark5/data_labeled/water_shower/water_shower_train_034.wav,water_shower
/content/drive/MyDrive/AImodels/codes/experiments/Mark5/data_labeled/water_shower/water_shower_train_035.wav,water_shower
/content/drive/MyDrive/AImodels/codes/experiments/Mark5/data_labeled/water_shower/water_shower_train_036.wav,water_shower
/content/drive/MyDrive/AImodels/codes/experiments/Mark5/data_labeled/water_shower/water_shower_train_037.wav,water_shower
/content/drive/MyDrive/AImodels/codes/experiments/Mark5/data_labeled/water_shower/water_shower_train_038.wav,water_shower
/content/drive/MyDrive/AImodels/codes/experiments/Mark5/data_labeled/water_shower/water_shower_train_039.wav,water_shower
/content/drive/MyDrive/AImodels/codes/experiments/Mark5/data_labeled/water_shower/water_shower_train_040.wav,water_shower
/content/drive/MyDrive/AImodels/codes/experiments/Mark5/data_labeled/water_shower/water_shower_train_041.wav,water_shower
/content/drive/MyDrive/AImodels/codes/experiments/Mark5/data_labeled/water_shower/water_shower_train_042.wav,water_shower
/content/drive/MyDrive/AImodels/codes/experiments/Mark5/data_labeled/water_shower/water_shower_train_043.wav,water_shower
/content/drive/MyDrive/AImodels/codes/experiments/Mark5/data_labeled/water_shower/water_shower_train_044.wav,water_shower
/content/drive/MyDrive/AImodels/codes/experiments/Mark5/data_labeled/water_shower/water_shower_train_045.wav,water_shower
/content/drive/MyDrive/AImodels/codes/experiments/Mark5/data_labeled/water_shower/water_shower_train_046.wav,water_shower
/content/drive/MyDrive/AImodels/codes/experiments/Mark5/data_labeled/water_shower/water_shower_train_047.wav,water_shower
/content/drive/MyDrive/AImodels/codes/experiments/Mark5/data_labeled/water_shower/water_shower_train_048.wav,water_shower
/content/drive/MyDrive/AImodels/codes/experiments/Mark5/data_labeled/water_shower/water_shower_train_049.wav,water_shower
/content/drive/MyDrive/AImodels/codes/experiments/Mark5/data_labeled/water_shower/water_shower_train_050.wav,water_shower
/content/drive/MyDrive/AImodels/codes/experiments/Mark5/data_labeled/water_shower/water_shower_train_051.wav,water_shower
/content/drive/MyDrive/AImodels/codes/experiments/Mark5/data_labeled/water_shower/water_shower_train_052.wav,water_shower
/content/drive/MyDrive/AImodels/codes/experiments/Mark5/data_labeled/water_shower/water_shower_train_053.wav,water_shower
/content/drive/MyDrive/AImodels/codes/experiments/Mark5/data_labeled/water_shower/water_shower_train_054.wav,water_shower
/content/drive/MyDrive/AImodels/codes/experiments/Mark5/data_labeled/water_shower/water_shower_train_055.wav,water_shower
/content/drive/MyDrive/AImodels/codes/experiments/Mark5/data_labeled/water_shower/water_shower_train_056.wav,water_shower
/content/drive/MyDrive/AImodels/codes/experiments/Mark5/data_labeled/water_shower/water_shower_train_057.wav,water_shower
/content/drive/MyDrive/AImodels/codes/experiments/Mark5/data_labeled/water_shower/water_shower_train_058.wav,water_shower
/content/drive/MyDrive/AImodels/codes/experiments/Mark5/data_labeled/water_shower/water_shower_train_059.wav,water_shower
/content/drive/MyDrive/AImodels/codes/experiments/Mark5/data_labeled/water_shower/water_shower_train_060.wav,water_shower
/content/drive/MyDrive/AImodels/codes/experiments/Mark5/data_labeled/water_shower/water_shower_train_061.wav,water_shower
/content/drive/MyDrive/AImodels/codes/experiments/Mark5/data_labeled/water_shower/water_shower_train_062.wav,water_shower
/content/drive/MyDrive/AImodels/codes/experiments/Mark5/data_labeled/water_shower/water_shower_train_063.wav,water_shower
/content/drive/MyDrive/AImodels/codes/experiments/Mark5/data_labeled/water_shower/water_shower_train_064.wav,water_shower
/content/drive/MyDrive/AImodels/codes/experiments/Mark5/data_labeled/water_shower/water_shower_train_065.wav,water_shower
/content/drive/MyDrive/AImodels/codes/experiments/Mark5/data_labeled/water_shower/water_shower_train_066.wav,water_shower
/content/drive/MyDrive/AImodels/codes/experiments/Mark5/data_labeled/water_shower/water_shower_train_067.wav,water_shower
/content/drive/MyDrive/AImodels/codes/experiments/Mark5/data_labeled/water_shower/water_shower_train_068.wav,water_shower
/content/drive/MyDrive/AImodels/codes/experiments/Mark5/data_labeled/water_shower/water_shower_train_069.wav,water_shower
/content/drive/MyDrive/AImodels/codes/experiments/Mark5/data_labeled/water_shower/water_shower_train_070.wav,water_shower
/content/drive/MyDrive/AImodels/codes/experiments/Mark5/data_labeled/water_shower/water_shower_train_071.wav,water_shower
/content/drive/MyDrive/AImodels/codes/experiments/Mark5/data_labeled/water_shower/water_shower_train_072.wav,water_shower
/content/drive/MyDrive/AImodels/codes/experiments/Mark5/data_labeled/water_shower/water_shower_train_073.wav,water_shower
/content/drive/MyDrive/AImodels/codes/experiments/Mark5/data_labeled/water_shower/water_shower_train_074.wav,water_shower
/content/drive/MyDrive/AImodels/codes/experiments/Mark5/data_labeled/water_shower/water_shower_train_075.wav,water_shower
/content/drive/MyDrive/AImodels/codes/experiments/Mark5/data_labeled/water_shower/water_shower_train_076.wav,water_shower
/content/drive/MyDrive/AImodels/codes/experiments/Mark5/data_labeled/water_shower/water_shower_train_077.wav,water_shower
/content/drive/MyDrive/AImodels/codes/experiments/Mark5/data_labeled/water_shower/water_shower_train_078.wav,water_shower
/content/drive/MyDrive/AImodels/codes/experiments/Mark5/data_labeled/water_shower/water_shower_train_079.wav,water_shower
/content/drive/MyDrive/AImodels/codes/experiments/Mark5/data_labeled/water_shower/water_shower_train_080.wav,water_shower
/content/drive/MyDrive/AImodels/codes/experiments/Mark5/data_labeled/water_shower/water_shower_train_081.wav,water_shower
/content/drive/MyDrive/AImodels/codes/experiments/Mark5/data_labeled/water_shower/water_shower_train_082.wav,water_shower
/content/drive/MyDrive/AImodels/codes/experiments/Mark5/data_labeled/water_shower/water_shower_train_083.wav,water_shower
/content/drive/MyDrive/AImodels/codes/experiments/Mark5/data_labeled/water_shower/water_shower_train_084.wav,water_shower
/content/drive/MyDrive/AImodels/codes/experiments/Mark5/data_labeled/water_shower/water_shower_train_085.wav,water_shower
/content/drive/MyDrive/AImodels/codes/experiments/Mark5/data_labeled/water_shower/water_shower_train_086.wav,water_shower
/content/drive/MyDrive/AImodels/codes/experiments/Mark5/data_labeled/water_shower/water_shower_train_087.wav,water_shower
/content/drive/MyDrive/AImodels/codes/experiments/Mark5/data_labeled/water_shower/water_shower_train_088.wav,water_shower
/content/drive/MyDrive/AImodels/codes/experiments/Mark5/data_labeled/water_shower/water_shower_train_089.wav,water_shower
/content/drive/MyDrive/AImodels/codes/experiments/Mark5/data_labeled/water_shower/water_shower_train_090.wav,water_shower
/content/drive/MyDrive/AImodels/codes/experiments/Mark5/data_labeled/water_shower/water_shower_train_091.wav,water_shower
/content/drive/MyDrive/AImodels/codes/experiments/Mark5/data_labeled/water_shower/water_shower_train_092.wav,water_shower
/content/drive/MyDrive/AImodels/codes/experiments/Mark5/data_labeled/water_shower/water_shower_train_093.wav,water_shower
/content/drive/MyDrive/AImodels/codes/experiments/Mark5/data_labeled/water_shower/water_shower_train_094.wav,water_shower
/content/drive/MyDrive/AImodels/codes/experiments/Mark5/data_labeled/water_shower/water_shower_train_095.wav,water_shower
/content/drive/MyDrive/AImodels/codes/experiments/Mark5/data_labeled/water_shower/water_shower_train_096.wav,water_shower
/content/drive/MyDrive/AImodels/codes/experiments/Mark5/data_labeled/water_shower/water_shower_train_097.wav,water_shower
/content/drive/MyDrive/AImodels/codes/experiments/Mark5/data_labeled/water_shower/water_shower_train_098.wav,water_shower
/content/drive/MyDrive/AImodels/codes/experiments/Mark5/data_labeled/water_shower/water_shower_train_099.wav,water_shower
/content/drive/MyDrive/AImodels/codes/experiments/Mark5/data_labeled/water_shower/water_shower_train_100.wav,water_shower
/content/drive/MyDrive/AImodels/codes/experiments/Mark5/data_labeled/water_shower/water_shower_train_101.wav,water_shower
/content/drive/MyDrive/AImodels/codes/experiments/Mark5/data_labeled/water_shower/water_shower_train_102.wav,water_shower
/content/drive/MyDrive/AImodels/codes/experiments/Mark5/data_labeled/water_shower/water_shower_train_103.wav,water_shower
/content/drive/MyDrive/AImodels/codes/experiments/Mark5/data_labeled/water_shower/water_shower_train_104.wav,water_shower
/content/drive/MyDrive/AImodels/codes/experiments/Mark5/data_labeled/water_shower/water_shower_train_105.wav,water_shower
/content/drive/MyDrive/AImodels/codes/experiments/Mark5/data_labeled/water_shower/water_shower_train_106.wav,water_shower
/content/drive/MyDrive/AImodels/codes/experiments/Mark5/data_labeled/water_shower/water_shower_train_107.wav,water_shower
/content/drive/MyDrive/AImodels/codes/experiments/Mark5/data_labeled/water_shower/water_shower_train_108.wav,water_shower
/content/drive/MyDrive/AImodels/codes/experiments/Mark5/data_labeled/water_shower/water_shower_train_109.wav,water_shower
/content/drive/MyDrive/AImodels/codes/experiments/Mark5/data_labeled/water_shower/water_shower_train_110.wav,water_shower
/content/drive/MyDrive/AImodels/codes/experiments/Mark5/data_labeled/water_shower/water_shower_train_111.wav,water_shower
/content/drive/MyDrive/AImodels/codes/experiments/Mark5/data_labeled/water_shower/water_shower_train_112.wav,water_shower
/content/drive/MyDrive/AImodels/codes/experiments/Mark5/data_labeled/water_shower/water_shower_train_113.wav,water_shower
/content/drive/MyDrive/AImodels/codes/experiments/Mark5/data_labeled/water_shower/water_shower_train_114.wav,water_shower
/content/drive/MyDrive/AImodels/codes/experiments/Mark5/data_labeled/water_shower/water_shower_train_115.wav,water_shower
/content/drive/MyDrive/AImodels/codes/experiments/Mark5/data_labeled/water_shower/water_shower_train_116.wav,water_shower
/content/drive/MyDrive/AImodels/codes/experiments/Mark5/data_labeled/water_shower/water_shower_train_117.wav,water_shower
/content/drive/MyDrive/AImodels/codes/experiments/Mark5/data_labeled/water_shower/water_shower_train_118.wav,water_shower
/content/drive/MyDrive/AImodels/codes/experiments/Mark5/data_labeled/water_shower/water_shower_train_119.wav,water_shower
/content/drive/MyDrive/AImodels/codes/experiments/Mark5/data_labeled/water_shower/water_shower_train_120.wav,water_shower
/content/drive/MyDrive/AImodels/codes/experiments/Mark5/data_labeled/water_shower/water_shower_train_121.wav,water_shower
/content/drive/MyDrive/AImodels/codes/experiments/Mark5/data_labeled/water_shower/water_shower_train_122.wav,water_shower
/content/drive/MyDrive/AImodels/codes/experiments/Mark5/data_labeled/water_shower/water_shower_train_123.wav,water_shower
/content/drive/MyDrive/AImodels/codes/experiments/Mark5/data_labeled/water_shower/water_shower_train_124.wav,water_shower
/content/drive/MyDrive/AImodels/codes/experiments/Mark5/data_labeled/water_shower/water_shower_train_125.wav,water_shower
/content/drive/MyDrive/AImodels/codes/experiments/Mark5/data_labeled/water_shower/water_shower_train_126.wav,water_shower
/content/drive/MyDrive/AImodels/codes/experiments/Mark5/data_labeled/water_shower/water_shower_train_127.wav,water_shower
/content/drive/MyDrive/AImodels/codes/experiments/Mark5/data_labeled/water_shower/water_shower_train_128.wav,water_shower
/content/drive/MyDrive/AImodels/codes/experiments/Mark5/data_labeled/water_shower/water_shower_train_129.wav,water_shower
/content/drive/MyDrive/AImodels/codes/experiments/Mark5/data_labeled/water_shower/water_shower_train_130.wav,water_shower
/content/drive/MyDrive/AImodels/codes/experiments/Mark5/data_labeled/water_shower/water_shower_train_131.wav,water_shower
/content/drive/MyDrive/AImodels/codes/experiments/Mark5/data_labeled/water_shower/water_shower_train_132.wav,water_shower
/content/drive/MyDrive/AImodels/codes/experiments/Mark5/data_labeled/water_shower/water_shower_train_133.wav,water_shower
/content/drive/MyDrive/AImodels/codes/experiments/Mark5/data_labeled/water_shower/water_shower_train_134.wav,water_shower
/content/drive/MyDrive/AImodels/codes/experiments/Mark5/data_labeled/water_shower/water_shower_train_135.wav,water_shower
/content/drive/MyDrive/AImodels/codes/experiments/Mark5/data_labeled/water_shower/water_shower_train_136.wav,water_shower
/content/drive/MyDrive/AImodels/codes/experiments/Mark5/data_labeled/water_shower/water_shower_train_137.wav,water_shower
/content/drive/MyDrive/AImodels/codes/experiments/Mark5/data_labeled/water_shower/water_shower_train_138.wav,water_shower
/content/drive/MyDrive/AImodels/codes/experiments/Mark5/data_labeled/water_shower/water_shower_train_139.wav,water_shower
/content/drive/MyDrive/AImodels/codes/experiments/Mark5/data_labeled/water_shower/water_shower_train_140.wav,water_shower
/content/drive/MyDrive/AImodels/codes/experiments/Mark5/data_labeled/water_shower/water_shower_train_141.wav,water_shower
/content/drive/MyDrive/AImodels/codes/experiments/Mark5/data_labeled/water_shower/water_shower_train_142.wav,water_shower
/content/drive/MyDrive/AImodels/codes/experiments/Mark5/data_labeled/water_shower/water_shower_train_143.wav,water_shower
/content/drive/MyDrive/AImodels/codes/experiments/Mark5/data_labeled/water_shower/water_shower_train_144.wav,water_shower
/content/drive/MyDrive/AImodels/codes/experiments/Mark5/data_labeled/water_shower/water_shower_train_145.wav,water_shower
/content/drive/MyDrive/AImodels/codes/experiments/Mark5/data_labeled/water_shower/water_shower_train_146.wav,water_shower
/content/drive/MyDrive/AImodels/codes/experiments/Mark5/data_labeled/water_shower/water_shower_train_147.wav,water_shower
/content/drive/MyDrive/AImodels/codes/experiments/Mark5/data_labeled/water_shower/water_shower_train_148.wav,water_shower
/content/drive/MyDrive/AImodels/codes/experiments/Mark5/data_labeled/water_shower/water_shower_train_149.wav,water_shower
/content/drive/MyDrive/AImodels/codes/experiments/Mark5/data_labeled/water_shower/water_shower_train_150.wav,water_shower
/content/drive/MyDrive/AImodels/codes/experiments/Mark5/data_labeled/water_shower/water_shower_train_151.wav,water_shower
/content/drive/MyDrive/AImodels/codes/experiments/Mark5/data_labeled/water_shower/water_shower_train_152.wav,water_shower
/content/drive/MyDrive/AImodels/codes/experiments/Mark5/data_labeled/water_shower/water_shower_train_153.wav,water_shower
/content/drive/MyDrive/AImodels/codes/experiments/Mark5/data_labeled/water_shower/water_shower_train_154.wav,water_shower
/content/drive/MyDrive/AImodels/codes/experiments/Mark5/data_labeled/water_shower/water_shower_train_155.wav,water_shower
/content/drive/MyDrive/AImodels/codes/experiments/Mark5/data_labeled/water_shower/water_shower_train_156.wav,water_shower
/content/drive/MyDrive/AImodels/codes/experiments/Mark5/data_labeled/water_shower/water_shower_train_157.wav,water_shower
/content/drive/MyDrive/AImodels/codes/experiments/Mark5/data_labeled/water_shower/water_shower_train_158.wav,water_shower
/content/drive/MyDrive/AImodels/codes/experiments/Mark5/data_labeled/water_shower/water_shower_train_159.wav,water_shower
/content/drive/MyDrive/AImodels/codes/experiments/Mark5/data_labeled/water_shower/water_shower_train_160.wav,water_shower
/content/drive/MyDrive/AImodels/codes/experiments/Mark5/data_labeled/water_shower/water_shower_train_161.wav,water_shower
/content/drive/MyDrive/AImodels/codes/experiments/Mark5/data_labeled/water_shower/water_shower_train_162.wav,water_shower
/content/drive/MyDrive/AImodels/codes/experiments/Mark5/data_labeled/water_shower/water_shower_train_163.wav,water_shower
/content/drive/MyDrive/AImodels/codes/experiments/Mark5/data_labeled/water_shower/water_shower_train_164.wav,water_shower
/content/drive/MyDrive/AImodels/codes/experiments/Mark5/data_labeled/water_shower/water_shower_train_165.wav,water_shower
/content/drive/MyDrive/AImodels/codes/experiments/Mark5/data_labeled/water_shower/water_shower_train_166.wav,water_shower
/content/drive/MyDrive/AImodels/codes/experiments/Mark5/data_labeled/water_shower/water_shower_train_167.wav,water_shower
/content/drive/MyDrive/AImodels/codes/experiments/Mark5/data_labeled/water_shower/water_shower_train_168.wav,water_shower
/content/drive/MyDrive/AImodels/codes/experiments/Mark5/data_labeled/water_shower/water_shower_train_169.wav,water_shower
/content/drive/MyDrive/AImodels/codes/experiments/Mark5/data_labeled/water_shower/water_shower_train_170.wav,water_shower
/content/drive/MyDrive/AImodels/codes/experiments/Mark5/data_labeled/water_shower/water_shower_train_171.wav,water_shower
/content/drive/MyDrive/AImodels/codes/experiments/Mark5/data_labeled/water_shower/water_shower_train_172.wav,water_shower
/content/drive/MyDrive/AImodels/codes/experiments/Mark5/data_labeled/water_shower/water_shower_train_173.wav,water_shower
/content/drive/MyDrive/AImodels/codes/experiments/Mark5/data_labeled/water_shower/water_shower_train_174.wav,water_shower
/content/drive/MyDrive/AImodels/codes/experiments/Mark5/data_labeled/water_shower/water_shower_train_175.wav,water_shower
/content/drive/MyDrive/AImodels/codes/experiments/Mark5/data_labeled/water_shower/water_shower_train_176.wav,water_shower
/content/drive/MyDrive/AImodels/codes/experiments/Mark5/data_labeled/water_shower/water_shower_train_177.wav,water_shower
/content/drive/MyDrive/AImodels/codes/experiments/Mark5/data_labeled/water_shower/water_shower_train_178.wav,water_shower
/content/drive/MyDrive/AImodels/codes/experiments/Mark5/data_labeled/water_shower/water_shower_train_179.wav,water_shower
/content/drive/MyDrive/AImodels/codes/experiments/Mark5/data_labeled/water_shower/water_shower_train_180.wav,water_shower
/content/drive/MyDrive/AImodels/codes/experiments/Mark5/data_labeled/water_shower/water_shower_train_181.wav,water_shower
/content/drive/MyDrive/AImodels/codes/experiments/Mark5/data_labeled/water_shower/water_shower_train_182.wav,water_shower
/content/drive/MyDrive/AImodels/codes/experiments/Mark5/data_labeled/water_shower/water_shower_train_183.wav,water_shower
/content/drive/MyDrive/AImodels/codes/experiments/Mark5/data_labeled/water_shower/water_shower_train_184.wav,water_shower
/content/drive/MyDrive/AImodels/codes/experiments/Mark5/data_labeled/water_shower/water_shower_train_185.wav,water_shower
/content/drive/MyDrive/AImodels/codes/experiments/Mark5/data_labeled/water_shower/water_shower_train_186.wav,water_shower
/content/drive/MyDrive/AImodels/codes/experiments/Mark5/data_labeled/water_shower/water_shower_train_187.wav,water_shower
/content/drive/MyDrive/AImodels/codes/experiments/Mark5/data_labeled/water_shower/water_shower_train_188.wav,water_shower
/content/drive/MyDrive/AImodels/codes/experiments/Mark5/data_labeled/water_shower/water_shower_train_189.wav,water_shower
/content/drive/MyDrive/AImodels/codes/experiments/Mark5/data_labeled/water_shower/water_shower_train_190.wav,water_shower
/content/drive/MyDrive/AImodels/codes/experiments/Mark5/data_labeled/water_shower/water_shower_train_191.wav,water_shower
/content/drive/MyDrive/AImodels/codes/experiments/Mark5/data_labeled/water_shower/water_shower_train_192.wav,water_shower
/content/drive/MyDrive/AImodels/codes/experiments/Mark5/data_labeled/water_shower/water_shower_train_193.wav,water_shower
/content/drive/MyDrive/AImodels/codes/experiments/Mark5/data_labeled/water_shower/water_shower_train_194.wav,water_shower
/content/drive/MyDrive/AImodels/codes/experiments/Mark5/data_labeled/water_shower/water_shower_train_195.wav,water_shower
/content/drive/MyDrive/AImodels/codes/experiments/Mark5/data_labeled/water_shower/water_shower_train_196.wav,water_shower
/content/drive/MyDrive/AImodels/codes/experiments/Mark5/data_labeled/water_shower/water_shower_train_197.wav,water_shower
/content/drive/MyDrive/AImodels/codes/experiments/Mark5/data_labeled/water_shower/water_shower_train_198.wav,water_shower
/content/drive/MyDrive/AImodels/codes/experiments/Mark5/data_labeled/water_shower/water_shower_train_199.wav,water_shower
/content/drive/MyDrive/AImodels/codes/experiments/Mark5/data_labeled/water_shower/water_shower_train_200.wav,water_shower
/content/drive/MyDrive/AImodels/codes/experiments/Mark5/data_labeled/water_shower/water_shower_train_201.wav,water_shower
/content/drive/MyDrive/AImodels/codes/experiments/Mark5/data_labeled/water_shower/water_shower_train_202.wav,water_shower
/content/drive/MyDrive/AImodels/codes/experiments/Mark5/data_labeled/water_shower/water_shower_train_203.wav,water_shower
/content/drive/MyDrive/AImodels/codes/experiments/Mark5/data_labeled/water_shower/water_shower_train_204.wav,water_shower
/content/drive/MyDrive/AImodels/codes/experiments/Mark5/data_labeled/water_shower/water_shower_train_205.wav,water_shower
/content/drive/MyDrive/AImodels/codes/experiments/Mark5/data_labeled/water_shower/water_shower_train_206.wav,water_shower
/content/drive/MyDrive/AImodels/codes/experiments/Mark5/data_labeled/water_shower/water_shower_train_207.wav,water_shower
/content/drive/MyDrive/AImodels/codes/experiments/Mark5/data_labeled/water_shower/water_shower_train_208.wav,water_shower
/content/drive/MyDrive/AImodels/codes/experiments/Mark5/data_labeled/water_shower/water_shower_train_209.wav,water_shower
/content/drive/MyDrive/AImodels/codes/experiments/Mark5/data_labeled/water_shower/water_shower_train_210.wav,water_shower
/content/drive/MyDrive/AImodels/codes/experiments/Mark5/data_labeled/water_shower/water_shower_train_211.wav,water_shower
/content/drive/MyDrive/AImodels/codes/experiments/Mark5/data_labeled/water_shower/water_shower_train_212.wav,water_shower
/content/drive/MyDrive/AImodels/codes/experiments/Mark5/data_labeled/water_shower/water_shower_train_213.wav,water_shower
/content/drive/MyDrive/AImodels/codes/experiments/Mark5/data_labeled/water_shower/water_shower_train_214.wav,water_shower
/content/drive/MyDrive/AImodels/codes/experiments/Mark5/data_labeled/water_shower/water_shower_train_215.wav,water_shower
/content/drive/MyDrive/AImodels/codes/experiments/Mark5/data_labeled/water_shower/water_shower_train_216.wav,water_shower
/content/drive/MyDrive/AImodels/codes/experiments/Mark5/data_labeled/water_shower/water_shower_train_217.wav,water_shower
/content/drive/MyDrive/AImodels/codes/experiments/Mark5/data_labeled/water_shower/water_shower_train_218.wav,water_shower
/content/drive/MyDrive/AImodels/codes/experiments/Mark5/data_labeled/water_shower/water_shower_train_219.wav,water_shower
/content/drive/MyDrive/AImodels/codes/experiments/Mark5/data_labeled/water_shower/water_shower_train_220.wav,water_shower
/content/drive/MyDrive/AImodels/codes/experiments/Mark5/data_labeled/water_shower/water_shower_train_221.wav,water_shower
/content/drive/MyDrive/AImodels/codes/experiments/Mark5/data_labeled/water_shower/water_shower_train_222.wav,water_shower
/content/drive/MyDrive/AImodels/codes/experiments/Mark5/data_labeled/water_toilet/water_toilet_train_001.wav,water_toilet
/content/drive/MyDrive/AImodels/codes/experiments/Mark5/data_labeled/water_toilet/water_toilet_train_002.wav,water_toilet
/content/drive/MyDrive/AImodels/codes/experiments/Mark5/data_labeled/water_toilet/water_toilet_train_003.wav,water_toilet
/content/drive/MyDrive/AImodels/codes/experiments/Mark5/data_labeled/water_toilet/water_toilet_train_004.wav,water_toilet
/content/drive/MyDrive/AImodels/codes/experiments/Mark5/data_labeled/water_toilet/water_toilet_train_005.wav,water_toilet
/content/drive/MyDrive/AImodels/codes/experiments/Mark5/data_labeled/water_toilet/water_toilet_train_006.wav,water_toilet
/content/drive/MyDrive/AImodels/codes/experiments/Mark5/data_labeled/water_toilet/water_toilet_train_007.wav,water_toilet
/content/drive/MyDrive/AImodels/codes/experiments/Mark5/data_labeled/water_toilet/water_toilet_train_008.wav,water_toilet
/content/drive/MyDrive/AImodels/codes/experiments/Mark5/data_labeled/water_toilet/water_toilet_train_009.wav,water_toilet
/content/drive/MyDrive/AImodels/codes/experiments/Mark5/data_labeled/water_toilet/water_toilet_train_010.wav,water_toilet
/content/drive/MyDrive/AImodels/codes/experiments/Mark5/data_labeled/water_toilet/water_toilet_train_011.wav,water_toilet
/content/drive/MyDrive/AImodels/codes/experiments/Mark5/data_labeled/water_toilet/water_toilet_train_012.wav,water_toilet
/content/drive/MyDrive/AImodels/codes/experiments/Mark5/data_labeled/water_toilet/water_toilet_train_013.wav,water_toilet
/content/drive/MyDrive/AImodels/codes/experiments/Mark5/data_labeled/water_toilet/water_toilet_train_014.wav,water_toilet
/content/drive/MyDrive/AImodels/codes/experiments/Mark5/data_labeled/water_toilet/water_toilet_train_015.wav,water_toilet
/content/drive/MyDrive/AImodels/codes/experiments/Mark5/data_labeled/water_toilet/water_toilet_train_016.wav,water_toilet
/content/drive/MyDrive/AImodels/codes/experiments/Mark5/data_labeled/water_toilet/water_toilet_train_017.wav,water_toilet
/content/drive/MyDrive/AImodels/codes/experiments/Mark5/data_labeled/water_toilet/water_toilet_train_018.wav,water_toilet
/content/drive/MyDrive/AImodels/codes/experiments/Mark5/data_labeled/water_toilet/water_toilet_train_019.wav,water_toilet
/content/drive/MyDrive/AImodels/codes/experiments/Mark5/data_labeled/water_toilet/water_toilet_train_020.wav,water_toilet
/content/drive/MyDrive/AImodels/codes/experiments/Mark5/data_labeled/water_toilet/water_toilet_train_021.wav,water_toilet
/content/drive/MyDrive/AImodels/codes/experiments/Mark5/data_labeled/water_toilet/water_toilet_train_022.wav,water_toilet
/content/drive/MyDrive/AImodels/codes/experiments/Mark5/data_labeled/water_toilet/water_toilet_train_023.wav,water_toilet
/content/drive/MyDrive/AImodels/codes/experiments/Mark5/data_labeled/water_toilet/water_toilet_train_024.wav,water_toilet
/content/drive/MyDrive/AImodels/codes/experiments/Mark5/data_labeled/water_toilet/water_toilet_train_025.wav,water_toilet
/content/drive/MyDrive/AImodels/codes/experiments/Mark5/data_labeled/water_toilet/water_toilet_train_026.wav,water_toilet
/content/drive/MyDrive/AImodels/codes/experiments/Mark5/data_labeled/water_toilet/water_toilet_train_027.wav,water_toilet
/content/drive/MyDrive/AImodels/codes/experiments/Mark5/data_labeled/water_toilet/water_toilet_train_028.wav,water_toilet
/content/drive/MyDrive/AImodels/codes/experiments/Mark5/data_labeled/water_toilet/water_toilet_train_029.wav,water_toilet
/content/drive/MyDrive/AImodels/codes/experiments/Mark5/data_labeled/water_toilet/water_toilet_train_030.wav,water_toilet
/content/drive/MyDrive/AImodels/codes/experiments/Mark5/data_labeled/water_toilet/water_toilet_train_031.wav,water_toilet
/content/drive/MyDrive/AImodels/codes/experiments/Mark5/data_labeled/water_toilet/water_toilet_train_032.wav,water_toilet
/content/drive/MyDrive/AImodels/codes/experiments/Mark5/data_labeled/water_toilet/water_toilet_train_033.wav,water_toilet
/content/drive/MyDrive/AImodels/codes/experiments/Mark5/data_labeled/water_toilet/water_toilet_train_034.wav,water_toilet
/content/drive/MyDrive/AImodels/codes/experiments/Mark5/data_labeled/water_toilet/water_toilet_train_035.wav,water_toilet
/content/drive/MyDrive/AImodels/codes/experiments/Mark5/data_labeled/water_toilet/water_toilet_train_036.wav,water_toilet
/content/drive/MyDrive/AImodels/codes/experiments/Mark5/data_labeled/water_toilet/water_toilet_train_037.wav,water_toilet
/content/drive/MyDrive/AImodels/codes/experiments/Mark5/data_labeled/water_toilet/water_toilet_train_038.wav,water_toilet
/content/drive/MyDrive/AImodels/codes/experiments/Mark5/data_labeled/water_toilet/water_toilet_train_039.wav,water_toilet
/content/drive/MyDrive/AImodels/codes/experiments/Mark5/data_labeled/water_toilet/water_toilet_train_040.wav,water_toilet
/content/drive/MyDrive/AImodels/codes/experiments/Mark5/data_labeled/water_toilet/water_toilet_train_041.wav,water_toilet
/content/drive/MyDrive/AImodels/codes/experiments/Mark5/data_labeled/water_toilet/water_toilet_train_042.wav,water_toilet
/content/drive/MyDrive/AImodels/codes/experiments/Mark5/data_labeled/water_toilet/water_toilet_train_043.wav,water_toilet
/content/drive/MyDrive/AImodels/codes/experiments/Mark5/data_labeled/water_toilet/water_toilet_train_044.wav,water_toilet
/content/drive/MyDrive/AImodels/codes/experiments/Mark5/data_labeled/water_toilet/water_toilet_train_045.wav,water_toilet
/content/drive/MyDrive/AImodels/codes/experiments/Mark5/data_labeled/water_toilet/water_toilet_train_046.wav,water_toilet
/content/drive/MyDrive/AImodels/codes/experiments/Mark5/data_labeled/water_toilet/water_toilet_train_047.wav,water_toilet
/content/drive/MyDrive/AImodels/codes/experiments/Mark5/data_labeled/water_toilet/water_toilet_train_048.wav,water_toilet
/content/drive/MyDrive/AImodels/codes/experiments/Mark5/data_labeled/water_toilet/water_toilet_train_049.wav,water_toilet
/content/drive/MyDrive/AImodels/codes/experiments/Mark5/data_labeled/water_toilet/water_toilet_train_050.wav,water_toilet
/content/drive/MyDrive/AImodels/codes/experiments/Mark5/data_labeled/water_toilet/water_toilet_train_051.wav,water_toilet
/content/drive/MyDrive/AImodels/codes/experiments/Mark5/data_labeled/water_toilet/water_toilet_train_052.wav,water_toilet
/content/drive/MyDrive/AImodels/codes/experiments/Mark5/data_labeled/water_toilet/water_toilet_train_053.wav,water_toilet
/content/drive/MyDrive/AImodels/codes/experiments/Mark5/data_labeled/water_toilet/water_toilet_train_054.wav,water_toilet
/content/drive/MyDrive/AImodels/codes/experiments/Mark5/data_labeled/water_toilet/water_toilet_train_055.wav,water_toilet
/content/drive/MyDrive/AImodels/codes/experiments/Mark5/data_labeled/water_toilet/water_toilet_train_056.wav,water_toilet
/content/drive/MyDrive/AImodels/codes/experiments/Mark5/data_labeled/water_toilet/water_toilet_train_057.wav,water_toilet
/content/drive/MyDrive/AImodels/codes/experiments/Mark5/data_labeled/water_toilet/water_toilet_train_058.wav,water_toilet
/content/drive/MyDrive/AImodels/codes/experiments/Mark5/data_labeled/water_toilet/water_toilet_train_059.wav,water_toilet
/content/drive/MyDrive/AImodels/codes/experiments/Mark5/data_labeled/water_toilet/water_toilet_train_060.wav,water_toilet
/content/drive/MyDrive/AImodels/codes/experiments/Mark5/data_labeled/water_toilet/water_toilet_train_061.wav,water_toilet
/content/drive/MyDrive/AImodels/codes/experiments/Mark5/data_labeled/water_toilet/water_toilet_train_062.wav,water_toilet
/content/drive/MyDrive/AImodels/codes/experiments/Mark5/data_labeled/water_toilet/water_toilet_train_063.wav,water_toilet
/content/drive/MyDrive/AImodels/codes/experiments/Mark5/data_labeled/water_toilet/water_toilet_train_064.wav,water_toilet
/content/drive/MyDrive/AImodels/codes/experiments/Mark5/data_labeled/water_toilet/water_toilet_train_065.wav,water_toilet
/content/drive/MyDrive/AImodels/codes/experiments/Mark5/data_labeled/water_toilet/water_toilet_train_066.wav,water_toilet
/content/drive/MyDrive/AImodels/codes/experiments/Mark5/data_labeled/water_toilet/water_toilet_train_067.wav,water_toilet
/content/drive/MyDrive/AImodels/codes/experiments/Mark5/data_labeled/water_toilet/water_toilet_train_068.wav,water_toilet
/content/drive/MyDrive/AImodels/codes/experiments/Mark5/data_labeled/water_toilet/water_toilet_train_069.wav,water_toilet
/content/drive/MyDrive/AImodels/codes/experiments/Mark5/data_labeled/water_toilet/water_toilet_train_070.wav,water_toilet
/content/drive/MyDrive/AImodels/codes/experiments/Mark5/data_labeled/water_toilet/water_toilet_train_071.wav,water_toilet
/content/drive/MyDrive/AImodels/codes/experiments/Mark5/data_labeled/water_toilet/water_toilet_train_072.wav,water_toilet
/content/drive/MyDrive/AImodels/codes/experiments/Mark5/data_labeled/water_toilet/water_toilet_train_073.wav,water_toilet
/content/drive/MyDrive/AImodels/codes/experiments/Mark5/data_labeled/water_toilet/water_toilet_train_074.wav,water_toilet
/content/drive/MyDrive/AImodels/codes/experiments/Mark5/data_labeled/water_toilet/water_toilet_train_075.wav,water_toilet
/content/drive/MyDrive/AImodels/codes/experiments/Mark5/data_labeled/water_toilet/water_toilet_train_076.wav,water_toilet
/content/drive/MyDrive/AImodels/codes/experiments/Mark5/data_labeled/water_toilet/water_toilet_train_077.wav,water_toilet
/content/drive/MyDrive/AImodels/codes/experiments/Mark5/data_labeled/water_toilet/water_toilet_train_078.wav,water_toilet
/content/drive/MyDrive/AImodels/codes/experiments/Mark5/data_labeled/water_toilet/water_toilet_train_079.wav,water_toilet
/content/drive/MyDrive/AImodels/codes/experiments/Mark5/data_labeled/water_toilet/water_toilet_train_080.wav,water_toilet
/content/drive/MyDrive/AImodels/codes/experiments/Mark5/data_labeled/water_toilet/water_toilet_train_081.wav,water_toilet
/content/drive/MyDrive/AImodels/codes/experiments/Mark5/data_labeled/water_toilet/water_toilet_train_082.wav,water_toilet
/content/drive/MyDrive/AImodels/codes/experiments/Mark5/data_labeled/water_toilet/water_toilet_train_083.wav,water_toilet
/content/drive/MyDrive/AImodels/codes/experiments/Mark5/data_labeled/water_toilet/water_toilet_train_084.wav,water_toilet
/content/drive/MyDrive/AImodels/codes/experiments/Mark5/data_labeled/water_toilet/water_toilet_train_085.wav,water_toilet
/content/drive/MyDrive/AImodels/codes/experiments/Mark5/data_labeled/water_toilet/water_toilet_train_086.wav,water_toilet
/content/drive/MyDrive/AImodels/codes/experiments/Mark5/data_labeled/water_toilet/water_toilet_train_087.wav,water_toilet
/content/drive/MyDrive/AImodels/codes/experiments/Mark5/data_labeled/water_toilet/water_toilet_train_088.wav,water_toilet
/content/drive/MyDrive/AImodels/codes/experiments/Mark5/data_labeled/water_toilet/water_toilet_train_089.wav,water_toilet
/content/drive/MyDrive/AImodels/codes/experiments/Mark5/data_labeled/water_toilet/water_toilet_train_090.wav,water_toilet
/content/drive/MyDrive/AImodels/codes/experiments/Mark5/data_labeled/water_toilet/water_toilet_train_091.wav,water_toilet
/content/drive/MyDrive/AImodels/codes/experiments/Mark5/data_labeled/water_toilet/water_toilet_train_092.wav,water_toilet
/content/drive/MyDrive/AImodels/codes/experiments/Mark5/data_labeled/water_toilet/water_toilet_train_093.wav,water_toilet
/content/drive/MyDrive/AImodels/codes/experiments/Mark5/data_labeled/water_toilet/water_toilet_train_094.wav,water_toilet
/content/drive/MyDrive/AImodels/codes/experiments/Mark5/data_labeled/water_toilet/water_toilet_train_095.wav,water_toilet
/content/drive/MyDrive/AImodels/codes/experiments/Mark5/data_labeled/water_toilet/water_toilet_train_096.wav,water_toilet
/content/drive/MyDrive/AImodels/codes/experiments/Mark5/data_labeled/water_toilet/water_toilet_train_097.wav,water_toilet
/content/drive/MyDrive/AImodels/codes/experiments/Mark5/data_labeled/water_toilet/water_toilet_train_098.wav,water_toilet
/content/drive/MyDrive/AImodels/codes/experiments/Mark5/data_labeled/water_toilet/water_toilet_train_099.wav,water_toilet
/content/drive/MyDrive/AImodels/codes/experiments/Mark5/data_labeled/water_toilet/water_toilet_train_100.wav,water_toilet
/content/drive/MyDrive/AImodels/codes/experiments/Mark5/data_labeled/water_toilet/water_toilet_train_101.wav,water_toilet
/content/drive/MyDrive/AImodels/codes/experiments/Mark5/data_labeled/water_toilet/water_toilet_train_102.wav,water_toilet
/content/drive/MyDrive/AImodels/codes/experiments/Mark5/data_labeled/water_toilet/water_toilet_train_103.wav,water_toilet
/content/drive/MyDrive/AImodels/codes/experiments/Mark5/data_labeled/water_toilet/water_toilet_train_104.wav,water_toilet
/content/drive/MyDrive/AImodels/codes/experiments/Mark5/data_labeled/water_toilet/water_toilet_train_105.wav,water_toilet
/content/drive/MyDrive/AImodels/codes/experiments/Mark5/data_labeled/water_toilet/water_toilet_train_106.wav,water_toilet
/content/drive/MyDrive/AImodels/codes/experiments/Mark5/data_labeled/water_toilet/water_toilet_train_107.wav,water_toilet
/content/drive/MyDrive/AImodels/codes/experiments/Mark5/data_labeled/water_toilet/water_toilet_train_108.wav,water_toilet
/content/drive/MyDrive/AImodels/codes/experiments/Mark5/data_labeled/water_toilet/water_toilet_train_109.wav,water_toilet
/content/drive/MyDrive/AImodels/codes/experiments/Mark5/data_labeled/water_toilet/water_toilet_train_110.wav,water_toilet
/content/drive/MyDrive/AImodels/codes/experiments/Mark5/data_labeled/water_toilet/water_toilet_train_111.wav,water_toilet
/content/drive/MyDrive/AImodels/codes/experiments/Mark5/data_labeled/water_toilet/water_toilet_train_112.wav,water_toilet
/content/drive/MyDrive/AImodels/codes/experiments/Mark5/data_labeled/water_toilet/water_toilet_train_113.wav,water_toilet
/content/drive/MyDrive/AImodels/codes/experiments/Mark5/data_labeled/water_toilet/water_toilet_train_114.wav,water_toilet
/content/drive/MyDrive/AImodels/codes/experiments/Mark5/data_labeled/water_toilet/water_toilet_train_115.wav,water_toilet
/content/drive/MyDrive/AImodels/codes/experiments/Mark5/data_labeled/water_toilet/water_toilet_train_116.wav,water_toilet
/content/drive/MyDrive/AImodels/codes/experiments/Mark5/data_labeled/water_toilet/water_toilet_train_117.wav,water_toilet
/content/drive/MyDrive/AImodels/codes/experiments/Mark5/data_labeled/water_toilet/water_toilet_train_118.wav,water_toilet
/content/drive/MyDrive/AImodels/codes/experiments/Mark5/data_labeled/water_toilet/water_toilet_train_119.wav,water_toilet
/content/drive/MyDrive/AImodels/codes/experiments/Mark5/data_labeled/water_toilet/water_toilet_train_120.wav,water_toilet
/content/drive/MyDrive/AImodels/codes/experiments/Mark5/data_labeled/water_toilet/water_toilet_train_121.wav,water_toilet
/content/drive/MyDrive/AImodels/codes/experiments/Mark5/data_labeled/water_toilet/water_toilet_train_122.wav,water_toilet
/content/drive/MyDrive/AImodels/codes/experiments/Mark5/data_labeled/water_toilet/water_toilet_train_123.wav,water_toilet
/content/drive/MyDrive/AImodels/codes/experiments/Mark5/data_labeled/water_toilet/water_toilet_train_124.wav,water_toilet
/content/drive/MyDrive/AImodels/codes/experiments/Mark5/data_labeled/water_toilet/water_toilet_train_125.wav,water_toilet
/content/drive/MyDrive/AImodels/codes/experiments/Mark5/data_labeled/water_toilet/water_toilet_train_126.wav,water_toilet
/content/drive/MyDrive/AImodels/codes/experiments/Mark5/data_labeled/water_toilet/water_toilet_train_127.wav,water_toilet
/content/drive/MyDrive/AImodels/codes/experiments/Mark5/data_labeled/water_toilet/water_toilet_train_128.wav,water_toilet
/content/drive/MyDrive/AImodels/codes/experiments/Mark5/data_labeled/water_toilet/water_toilet_train_129.wav,water_toilet
/content/drive/MyDrive/AImodels/codes/experiments/Mark5/data_labeled/water_toilet/water_toilet_train_130.wav,water_toilet
/content/drive/MyDrive/AImodels/codes/experiments/Mark5/data_labeled/water_toilet/water_toilet_train_131.wav,water_toilet
/content/drive/MyDrive/AImodels/codes/experiments/Mark5/data_labeled/water_toilet/water_toilet_train_132.wav,water_toilet
/content/drive/MyDrive/AImodels/codes/experiments/Mark5/data_labeled/water_toilet/water_toilet_train_133.wav,water_toilet
/content/drive/MyDrive/AImodels/codes/experiments/Mark5/data_labeled/water_toilet/water_toilet_train_134.wav,water_toilet
/content/drive/MyDrive/AImodels/codes/experiments/Mark5/data_labeled/water_toilet/water_toilet_train_135.wav,water_toilet
/content/drive/MyDrive/AImodels/codes/experiments/Mark5/data_labeled/water_toilet/water_toilet_train_136.wav,water_toilet
/content/drive/MyDrive/AImodels/codes/experiments/Mark5/data_labeled/water_toilet/water_toilet_train_137.wav,water_toilet
/content/drive/MyDrive/AImodels/codes/experiments/Mark5/data_labeled/water_toilet/water_toilet_train_138.wav,water_toilet
/content/drive/MyDrive/AImodels/codes/experiments/Mark5/data_labeled/water_toilet/water_toilet_train_139.wav,water_toilet
/content/drive/MyDrive/AImodels/codes/experiments/Mark5/data_labeled/water_toilet/water_toilet_train_140.wav,water_toilet
/content/drive/MyDrive/AImodels/codes/experiments/Mark5/data_labeled/water_toilet/water_toilet_train_141.wav,water_toilet
/content/drive/MyDrive/AImodels/codes/experiments/Mark5/data_labeled/water_toilet/water_toilet_train_142.wav,water_toilet
/content/drive/MyDrive/AImodels/codes/experiments/Mark5/data_labeled/water_toilet/water_toilet_train_143.wav,water_toilet
/content/drive/MyDrive/AImodels/codes/experiments/Mark5/data_labeled/water_toilet/water_toilet_train_144.wav,water_toilet
/content/drive/MyDrive/AImodels/codes/experiments/Mark5/data_labeled/water_toilet/water_toilet_train_145.wav,water_toilet
/content/drive/MyDrive/AImodels/codes/experiments/Mark5/data_labeled/water_toilet/water_toilet_train_146.wav,water_toilet
/content/drive/MyDrive/AImodels/codes/experiments/Mark5/data_labeled/water_toilet/water_toilet_train_147.wav,water_toilet
/content/drive/MyDrive/AImodels/codes/experiments/Mark5/data_labeled/water_toilet/water_toilet_train_148.wav,water_toilet
/content/drive/MyDrive/AImodels/codes/experiments/Mark5/data_labeled/water_toilet/water_toilet_train_149.wav,water_toilet
/content/drive/MyDrive/AImodels/codes/experiments/Mark5/data_labeled/water_toilet/water_toilet_train_150.wav,water_toilet
/content/drive/MyDrive/AImodels/codes/experiments/Mark5/data_labeled/water_toilet/water_toilet_train_151.wav,water_toilet
/content/drive/MyDrive/AImodels/codes/experiments/Mark5/data_labeled/water_toilet/water_toilet_train_152.wav,water_toilet
/content/drive/MyDrive/AImodels/codes/experiments/Mark5/data_labeled/water_toilet/water_toilet_train_153.wav,water_toilet
/content/drive/MyDrive/AImodels/codes/experiments/Mark5/data_labeled/water_toilet/water_toilet_train_154.wav,water_toilet
/content/drive/MyDrive/AImodels/codes/experiments/Mark5/data_labeled/water_toilet/water_toilet_train_155.wav,water_toilet
/content/drive/MyDrive/AImodels/codes/experiments/Mark5/data_labeled/water_toilet/water_toilet_train_156.wav,water_toilet
/content/drive/MyDrive/AImodels/codes/experiments/Mark5/data_labeled/water_toilet/water_toilet_train_157.wav,water_toilet
/content/drive/MyDrive/AImodels/codes/experiments/Mark5/data_labeled/water_toilet/water_toilet_train_158.wav,water_toilet
/content/drive/MyDrive/AImodels/codes/experiments/Mark5/data_labeled/water_toilet/water_toilet_train_159.wav,water_toilet
/content/drive/MyDrive/AImodels/codes/experiments/Mark5/data_labeled/water_toilet/water_toilet_train_160.wav,water_toilet
/content/drive/MyDrive/AImodels/codes/experiments/Mark5/data_labeled/water_toilet/water_toilet_train_161.wav,water_toilet
/content/drive/MyDrive/AImodels/codes/experiments/Mark5/data_labeled/water_toilet/water_toilet_train_162.wav,water_toilet
/content/drive/MyDrive/AImodels/codes/experiments/Mark5/data_labeled/water_toilet/water_toilet_train_163.wav,water_toilet
/content/drive/MyDrive/AImodels/codes/experiments/Mark5/data_labeled/water_toilet/water_toilet_train_164.wav,water_toilet
/content/drive/MyDrive/AImodels/codes/experiments/Mark5/data_labeled/water_toilet/water_toilet_train_165.wav,water_toilet
/content/drive/MyDrive/AImodels/codes/experiments/Mark5/data_labeled/water_toilet/water_toilet_train_166.wav,water_toilet
/content/drive/MyDrive/AImodels/codes/experiments/Mark5/data_labeled/water_toilet/water_toilet_train_167.wav,water_toilet
/content/drive/MyDrive/AImodels/codes/experiments/Mark5/data_labeled/water_toilet/water_toilet_train_168.wav,water_toilet
/content/drive/MyDrive/AImodels/codes/experiments/Mark5/data_labeled/water_toilet/water_toilet_train_169.wav,water_toilet
/content/drive/MyDrive/AImodels/codes/experiments/Mark5/data_labeled/water_toilet/water_toilet_train_170.wav,water_toilet
/content/drive/MyDrive/AImodels/codes/experiments/Mark5/data_labeled/water_toilet/water_toilet_train_171.wav,water_toilet
/content/drive/MyDrive/AImodels/codes/experiments/Mark5/data_labeled/water_toilet/water_toilet_train_172.wav,water_toilet
/content/drive/MyDrive/AImodels/codes/experiments/Mark5/data_labeled/water_toilet/water_toilet_train_173.wav,water_toilet
/content/drive/MyDrive/AImodels/codes/experiments/Mark5/data_labeled/water_toilet/water_toilet_train_174.wav,water_toilet
/content/drive/MyDrive/AImodels/codes/experiments/Mark5/data_labeled/water_toilet/water_toilet_train_175.wav,water_toilet
/content/drive/MyDrive/AImodels/codes/experiments/Mark5/data_labeled/water_toilet/water_toilet_train_176.wav,water_toilet
/content/drive/MyDrive/AImodels/codes/experiments/Mark5/data_labeled/water_toilet/water_toilet_train_177.wav,water_toilet
/content/drive/MyDrive/AImodels/codes/experiments/Mark5/data_labeled/water_toilet/water_toilet_train_178.wav,water_toilet
/content/drive/MyDrive/AImodels/codes/experiments/Mark5/data_labeled/water_toilet/water_toilet_train_179.wav,water_toilet
/content/drive/MyDrive/AImodels/codes/experiments/Mark5/data_labeled/water_toilet/water_toilet_train_180.wav,water_toilet
/content/drive/MyDrive/AImodels/codes/experiments/Mark5/data_labeled/water_toilet/water_toilet_train_181.wav,water_toilet
/content/drive/MyDrive/AImodels/codes/experiments/Mark5/data_labeled/water_toilet/water_toilet_train_182.wav,water_toilet
/content/drive/MyDrive/AImodels/codes/experiments/Mark5/data_labeled/water_toilet/water_toilet_train_183.wav,water_toilet
/content/drive/MyDrive/AImodels/codes/experiments/Mark5/data_labeled/water_toilet/water_toilet_train_184.wav,water_toilet
/content/drive/MyDrive/AImodels/codes/experiments/Mark5/data_labeled/water_toilet/water_toilet_train_185.wav,water_toilet
/content/drive/MyDrive/AImodels/codes/experiments/Mark5/data_labeled/water_toilet/water_toilet_train_186.wav,water_toilet
/content/drive/MyDrive/AImodels/codes/experiments/Mark5/data_labeled/water_toilet/water_toilet_train_187.wav,water_toilet
/content/drive/MyDrive/AImodels/codes/experiments/Mark5/data_labeled/water_toilet/water_toilet_train_188.wav,water_toilet
/content/drive/MyDrive/AImodels/codes/experiments/Mark5/data_labeled/water_toilet/water_toilet_train_189.wav,water_toilet
/content/drive/MyDrive/AImodels/codes/experiments/Mark5/data_labeled/water_toilet/water_toilet_train_190.wav,water_toilet
/content/drive/MyDrive/AImodels/codes/experiments/Mark5/data_labeled/water_toilet/water_toilet_train_191.wav,water_toilet
/content/drive/MyDrive/AImodels/codes/experiments/Mark5/data_labeled/water_toilet/water_toilet_train_192.wav,water_toilet
/content/drive/MyDrive/AImodels/codes/experiments/Mark5/data_labeled/water_toilet/water_toilet_train_193.wav,water_toilet
/content/drive/MyDrive/AImodels/codes/experiments/Mark5/data_labeled/water_toilet/water_toilet_train_194.wav,water_toilet
/content/drive/MyDrive/AImodels/codes/experiments/Mark5/data_labeled/water_toilet/water_toilet_train_195.wav,water_toilet
/content/drive/MyDrive/AImodels/codes/experiments/Mark5/data_labeled/water_toilet/water_toilet_train_196.wav,water_toilet
/content/drive/MyDrive/AImodels/codes/experiments/Mark5/data_labeled/water_toilet/water_toilet_train_197.wav,water_toilet
/content/drive/MyDrive/AImodels/codes/experiments/Mark5/data_labeled/water_toilet/water_toilet_train_198.wav,water_toilet
/content/drive/MyDrive/AImodels/codes/experiments/Mark5/data_labeled/water_toilet/water_toilet_train_199.wav,water_toilet
/content/drive/MyDrive/AImodels/codes/experiments/Mark5/data_labeled/water_toilet/water_toilet_train_200.wav,water_toilet
/content/drive/MyDrive/AImodels/codes/experiments/Mark5/data_labeled/water_toilet/water_toilet_train_201.wav,water_toilet
/content/drive/MyDrive/AImodels/codes/experiments/Mark5/data_labeled/water_toilet/water_toilet_train_202.wav,water_toilet
/content/drive/MyDrive/AImodels/codes/experiments/Mark5/data_labeled/water_toilet/water_toilet_train_203.wav,water_toilet
/content/drive/MyDrive/AImodels/codes/experiments/Mark5/data_labeled/water_toilet/water_toilet_train_204.wav,water_toilet
/content/drive/MyDrive/AImodels/codes/experiments/Mark5/data_labeled/water_toilet/water_toilet_train_205.wav,water_toilet
/content/drive/MyDrive/AImodels/codes/experiments/Mark5/data_labeled/water_toilet/water_toilet_train_206.wav,water_toilet
/content/drive/MyDrive/AImodels/codes/experiments/Mark5/data_labeled/water_toilet/water_toilet_train_207.wav,water_toilet
/content/drive/MyDrive/AImodels/codes/experiments/Mark5/data_labeled/water_toilet/water_toilet_train_208.wav,water_toilet
/content/drive/MyDrive/AImodels/codes/experiments/Mark5/data_labeled/water_toilet/water_toilet_train_209.wav,water_toilet
/content/drive/MyDrive/AImodels/codes/experiments/Mark5/data_labeled/water_toilet/water_toilet_train_210.wav,water_toilet
/content/drive/MyDrive/AImodels/codes/experiments/Mark5/data_labeled/water_toilet/water_toilet_train_211.wav,water_toilet
/content/drive/MyDrive/AImodels/codes/experiments/Mark5/data_labeled/water_toilet/water_toilet_train_212.wav,water_toilet
/content/drive/MyDrive/AImodels/codes/experiments/Mark5/data_labeled/water_toilet/water_toilet_train_213.wav,water_toilet
/content/drive/MyDrive/AImodels/codes/experiments/Mark5/data_labeled/water_toilet/water_toilet_train_214.wav,water_toilet
/content/drive/MyDrive/AImodels/codes/experiments/Mark5/data_labeled/water_toilet/water_toilet_train_215.wav,water_toilet
/content/drive/MyDrive/AImodels/codes/experiments/Mark5/data_labeled/water_toilet/water_toilet_train_216.wav,water_toilet
/content/drive/MyDrive/AImodels/codes/experiments/Mark5/data_labeled/water_toilet/water_toilet_train_217.wav,water_toilet
/content/drive/MyDrive/AImodels/codes/experiments/Mark5/data_labeled/water_toilet/water_toilet_train_218.wav,water_toilet
/content/drive/MyDrive/AImodels/codes/experiments/Mark5/data_labeled/water_toilet/water_toilet_train_219.wav,water_toilet
/content/drive/MyDrive/AImodels/codes/experiments/Mark5/data_labeled/water_toilet/water_toilet_train_220.wav,water_toilet
/content/drive/MyDrive/AImodels/codes/experiments/Mark5/data_labeled/water_toilet/water_toilet_train_221.wav,water_toilet
/content/drive/MyDrive/AImodels/codes/experiments/Mark5/data_labeled/water_toilet/water_toilet_train_222.wav,water_toilet
