Filename,True Label,Raw Predicted Label,Predicted Label,Forced To Others,Abstained,Raw Top Confidence,Raw Margin,Entropy,Prob Others (raw),Prob_heavy_impact,Prob_dragging,Prob_construction,Prob_machine_noise,Prob_media_talking,Prob_water_toilet,Prob_water_shower,Prob_dog_bark,Prob_others
construction_test_001.wav,construction,construction,construction,False,False,0.9337828755378723,0.9139515534043312,0.16559682999205977,0.007711230777204037,0.012233218178153038,0.006051574368029833,0.9337828755378723,0.013427257537841797,0.019831322133541107,0.002663722727447748,0.00144095323048532,0.002857857383787632,0.007711230777204037
construction_test_002.wav,construction,dragging,dragging,False,False,0.40411972999572754,0.12395083904266357,0.620667302304998,0.033122263848781586,0.014299019239842892,0.40411972999572754,0.28016889095306396,0.2401229292154312,0.02058665081858635,0.001869122264906764,0.0021309093572199345,0.0035804815124720335,0.033122263848781586
construction_test_003.wav,construction,construction,construction,False,False,0.8946108818054199,0.8623467646539211,0.23697192910148504,0.018163373693823814,0.007237677928060293,0.032264117151498795,0.8946108818054199,0.027300771325826645,0.00925111211836338,0.007094493601471186,0.0013884222134947777,0.002689195331186056,0.018163373693823814
construction_test_004.wav,construction,dragging,dragging,False,False,0.42695939540863037,0.19024887681007385,0.6811936608774886,0.0685051903128624,0.16185449063777924,0.42695939540863037,0.23671051859855652,0.08590690046548843,0.010206266306340694,0.0036957249976694584,0.0025494492147117853,0.003612019121646881,0.0685051903128624
construction_test_005.wav,construction,construction,construction,False,False,0.8405632376670837,0.7820044234395027,0.3123132617018027,0.014709396287798882,0.012519079260528088,0.05373971909284592,0.8405632376670837,0.011796346865594387,0.058558814227581024,0.00376894255168736,0.0020302962511777878,0.002314169891178608,0.014709396287798882
construction_test_006.wav,construction,construction,construction,False,False,0.9488743543624878,0.9330097865313292,0.13506509100128408,0.009571039117872715,0.008827809244394302,0.005251484923064709,0.9488743543624878,0.004293537233024836,0.015864567831158638,0.002530875615775585,0.0024763247929513454,0.00231003831140697,0.009571039117872715
construction_test_007.wav,construction,construction,construction,False,False,0.9372282028198242,0.921832419000566,0.1594346461898809,0.007784620393067598,0.008216534741222858,0.01206553541123867,0.9372282028198242,0.013174302875995636,0.015395783819258213,0.0021362919360399246,0.0012635316234081984,0.0027352068573236465,0.007784620393067598
construction_test_008.wav,construction,construction,construction,False,False,0.9540264010429382,0.9437327841296792,0.12528104049297661,0.006280348636209965,0.01029361691325903,0.007051014341413975,0.9540264010429382,0.005241726525127888,0.009924350306391716,0.002809341298416257,0.0017002217937260866,0.00267291278578341,0.006280348636209965
construction_test_009.wav,construction,construction,construction,False,False,0.890801191329956,0.8588029555976391,0.2479404228521217,0.012269810773432255,0.016792526468634605,0.03199823573231697,0.890801191329956,0.01972520351409912,0.013362077996134758,0.01141259353607893,0.001407125499099493,0.0022312472574412823,0.012269810773432255
construction_test_010.wav,construction,construction,construction,False,False,0.9049279093742371,0.8681454285979271,0.22052031425610968,0.007170049007982016,0.006687702611088753,0.005348988343030214,0.9049279093742371,0.008052160032093525,0.014180188067257404,0.03678248077630997,0.013915997929871082,0.002934591146185994,0.007170049007982016
construction_test_011.wav,construction,construction,construction,False,False,0.9511888027191162,0.9333086926490068,0.1298875582976095,0.005379741545766592,0.0056717004626989365,0.0024118528235703707,0.9511888027191162,0.017880110070109367,0.004298418294638395,0.003739908104762435,0.002602306893095374,0.006827205885201693,0.005379741545766592
construction_test_012.wav,construction,construction,construction,False,False,0.9552514553070068,0.9434095239266753,0.12283503125680512,0.006700270809233189,0.005070521961897612,0.007418248802423477,0.9552514553070068,0.011841931380331516,0.005714046768844128,0.0028525847010314465,0.0023846114054322243,0.0027663237415254116,0.006700270809233189
construction_test_013.wav,construction,construction,construction,False,False,0.9178655743598938,0.8939086236059666,0.19358578330768295,0.015112597495317459,0.01475704088807106,0.01860351860523224,0.9178655743598938,0.02395695075392723,0.004254746250808239,0.0016316463006660342,0.0017628007335588336,0.002055133692920208,0.015112597495317459
construction_test_014.wav,construction,construction,construction,False,False,0.9422366619110107,0.9207566492259502,0.14692940769360838,0.008594944141805172,0.009560824371874332,0.007415450643748045,0.9422366619110107,0.0214800126850605,0.004088269546627998,0.00335835968144238,0.0016372865065932274,0.001628152676858008,0.008594944141805172
construction_test_015.wav,construction,construction,construction,False,False,0.9428179264068604,0.9262568093836308,0.14891258547535102,0.0165611170232296,0.008307400159537792,0.007253148127347231,0.9428179264068604,0.008494875393807888,0.00891217403113842,0.0029027340933680534,0.0023323986679315567,0.002418279880657792,0.0165611170232296
construction_test_016.wav,construction,construction,construction,False,False,0.9584299921989441,0.9473416488617659,0.11448975545646572,0.01108834333717823,0.005904447287321091,0.004421058110892773,0.9584299921989441,0.009451434016227722,0.004541391972452402,0.0022659979294985533,0.001911757281050086,0.0019855638965964317,0.01108834333717823
construction_test_017.wav,construction,construction,construction,False,False,0.9337816834449768,0.9158671125769615,0.16438706346850038,0.017598582431674004,0.0032329848036170006,0.007918386720120907,0.9337816834449768,0.01791457086801529,0.012637208215892315,0.0024546654894948006,0.0024277684278786182,0.002034149831160903,0.017598582431674004
construction_test_018.wav,construction,construction,construction,False,False,0.5276512503623962,0.2357030212879181,0.5665032587690472,0.05819845199584961,0.008170690387487411,0.08530347049236298,0.5276512503623962,0.29194822907447815,0.01763014867901802,0.0039968229830265045,0.004223797004669905,0.0028771120123565197,0.05819845199584961
construction_test_019.wav,construction,construction,construction,False,False,0.9479467868804932,0.934195976704359,0.13768353455683413,0.01375081017613411,0.007710899692028761,0.010206356644630432,0.9479467868804932,0.007180770393460989,0.006789259146898985,0.002881645457819104,0.0017807366093620658,0.0017526716692373157,0.01375081017613411
construction_test_020.wav,construction,construction,construction,False,False,0.9339770674705505,0.9145990572869778,0.16719112518346954,0.013943403959274292,0.005087279714643955,0.01937801018357277,0.9339770674705505,0.00864347442984581,0.008521283976733685,0.0034075842704623938,0.004144022241234779,0.002897930331528187,0.013943403959274292
construction_test_021.wav,construction,construction,construction,False,False,0.9466879367828369,0.9282738566398621,0.13849972547704206,0.009499425999820232,0.018414080142974854,0.0021088733337819576,0.9466879367828369,0.007484720554202795,0.004708104766905308,0.001636745873838663,0.002266412368044257,0.007193691562861204,0.009499425999820232
construction_test_022.wav,construction,construction,construction,False,False,0.8541582226753235,0.7644210010766983,0.27752970717069586,0.01672160066664219,0.011683656834065914,0.012011885643005371,0.8541582226753235,0.08973722159862518,0.0031933309510350227,0.006808252073824406,0.0018334349151700735,0.0038523944094777107,0.01672160066664219
construction_test_023.wav,construction,construction,construction,False,False,0.45955705642700195,0.0159570574760437,0.505807788964431,0.01901298016309738,0.02187640592455864,0.024437911808490753,0.45955705642700195,0.44359999895095825,0.002584338653832674,0.01844482496380806,0.006442263722419739,0.0040442729368805885,0.01901298016309738
construction_test_024.wav,construction,construction,construction,False,False,0.9367489218711853,0.9212042726576328,0.16299889463212844,0.011314270086586475,0.010295421816408634,0.015544649213552475,0.9367489218711853,0.006196055561304092,0.008073443546891212,0.004498011898249388,0.0014499312965199351,0.005879316944628954,0.011314270086586475
construction_test_025.wav,construction,construction,construction,False,False,0.924176037311554,0.8940548300743103,0.18070620242326219,0.009155848063528538,0.010794178582727909,0.030121207237243652,0.924176037311554,0.010309348814189434,0.010349882766604424,0.0020104185678064823,0.0011640063021332026,0.0019190640887245536,0.009155848063528538
construction_test_026.wav,construction,construction,construction,False,False,0.9589166045188904,0.948372202925384,0.11289731169938265,0.006294094957411289,0.009050922468304634,0.006196893751621246,0.9589166045188904,0.010544401593506336,0.00409668916836381,0.0015733630862087011,0.0012213782174512744,0.00210560648702085,0.006294094957411289
construction_test_027.wav,construction,construction,construction,False,False,0.9456770420074463,0.929139195010066,0.1414048768626105,0.007499502506107092,0.00863852072507143,0.016537846997380257,0.9456770420074463,0.010274580679833889,0.004893867298960686,0.003182133659720421,0.0010848066303879023,0.0022117120679467916,0.007499502506107092
construction_test_028.wav,construction,construction,construction,False,False,0.9230652451515198,0.8942510690540075,0.18304579148560815,0.011843247339129448,0.008501989766955376,0.028814176097512245,0.9230652451515198,0.015988659113645554,0.004951978102326393,0.0039642974734306335,0.0010557920904830098,0.0018147139344364405,0.011843247339129448
construction_test_029.wav,construction,construction,construction,False,False,0.9643715023994446,0.9560397230088711,0.10159506469775977,0.008331779390573502,0.005226995330303907,0.0019551212899386883,0.9643715023994446,0.0068368809297680855,0.0057718404568731785,0.0020938320085406303,0.0023159023839980364,0.003096070373430848,0.008331779390573502
construction_test_030.wav,construction,construction,construction,False,False,0.954026997089386,0.9422552902251482,0.12532132444865618,0.00838495884090662,0.004370342940092087,0.0016382497269660234,0.954026997089386,0.011771706864237785,0.0075126769952476025,0.005294280592352152,0.004442336969077587,0.002558524487540126,0.00838495884090662
construction_test_031.wav,construction,construction,construction,False,False,0.9613022804260254,0.9523940179497004,0.10922186190675166,0.008908262476325035,0.005275115370750427,0.002793878549709916,0.9613022804260254,0.006789643317461014,0.006777487695217133,0.002678255084902048,0.0029525936115533113,0.002522519323974848,0.008908262476325035
construction_test_032.wav,construction,construction,construction,False,False,0.9421703815460205,0.9266446745023131,0.14959929806528385,0.01552570704370737,0.004131227266043425,0.0022395984269678593,0.9421703815460205,0.013173789717257023,0.00741703063249588,0.0029824604280292988,0.009637795388698578,0.002721967175602913,0.01552570704370737
construction_test_033.wav,construction,construction,construction,False,False,0.9290300607681274,0.8970752209424973,0.16848451143321228,0.01271179411560297,0.004456600174307823,0.003380324924364686,0.9290300607681274,0.03195483982563019,0.011854220181703568,0.00240135844796896,0.0016835544956848025,0.002527267672121525,0.01271179411560297
construction_test_034.wav,construction,construction,construction,False,False,0.8318978548049927,0.748530238866806,0.315077093715578,0.08336761593818665,0.004351501353085041,0.012874867767095566,0.8318978548049927,0.046288762241601944,0.008261846378445625,0.004468234721571207,0.003805827582255006,0.004683462902903557,0.08336761593818665
construction_test_035.wav,construction,construction,construction,False,False,0.8276733756065369,0.758432075381279,0.32007840784949204,0.06523815542459488,0.0046059563755989075,0.01169212069362402,0.8276733756065369,0.06924130022525787,0.01268825400620699,0.003367877099663019,0.0026370487175881863,0.00285600614733994,0.06523815542459488
construction_test_036.wav,construction,construction,construction,False,False,0.932245671749115,0.9109335485845804,0.16605811519364436,0.02131212316453457,0.006954926531761885,0.009765840135514736,0.932245671749115,0.01913887821137905,0.004561222158372402,0.0022054545115679502,0.0019461179617792368,0.0018697632476687431,0.02131212316453457
construction_test_037.wav,construction,construction,construction,False,False,0.9170650243759155,0.885892478749156,0.1917392047574719,0.012536773458123207,0.008169752545654774,0.021151091903448105,0.9170650243759155,0.03117254562675953,0.004819571040570736,0.0021662998478859663,0.0013270712224766612,0.0015918511198833585,0.012536773458123207
construction_test_038.wav,construction,construction,construction,False,False,0.942484974861145,0.922520624473691,0.14551177867146672,0.015418894588947296,0.005359320901334286,0.006195984315127134,0.942484974861145,0.019964350387454033,0.004501198884099722,0.002482848707586527,0.001996871316805482,0.0015955707058310509,0.015418894588947296
construction_test_039.wav,construction,construction,construction,False,False,0.9468299746513367,0.930762866511941,0.13811412528309788,0.016067108139395714,0.009832845069468021,0.0043913028202950954,0.9468299746513367,0.011738001368939877,0.005043184384703636,0.0017025761771947145,0.0011445117415860295,0.0032504682894796133,0.016067108139395714
construction_test_040.wav,construction,construction,construction,False,False,0.6983861923217773,0.5647018849849701,0.47990561237111634,0.08953523635864258,0.012762615457177162,0.026314791291952133,0.6983861923217773,0.13368430733680725,0.005564570892602205,0.025745024904608727,0.004182507749646902,0.003824789309874177,0.08953523635864258
construction_test_041.wav,construction,construction,construction,False,False,0.9552991986274719,0.9435879029333591,0.12093090226082019,0.011711295694112778,0.004865103401243687,0.00217817397788167,0.9552991986274719,0.009469959884881973,0.009248077869415283,0.0015400552656501532,0.0033063010778278112,0.0023817908950150013,0.011711295694112778
construction_test_042.wav,construction,construction,construction,False,False,0.9503744840621948,0.9350212691351771,0.1313686921953376,0.015353214927017689,0.007306861225515604,0.0038670252542942762,0.9503744840621948,0.00782101321965456,0.009174397215247154,0.002152759116142988,0.0023487426806241274,0.0016015147557482123,0.015353214927017689
construction_test_043.wav,construction,construction,construction,False,False,0.6725007891654968,0.5364582687616348,0.519068724629285,0.136042520403862,0.05910373106598854,0.05545976385474205,0.6725007891654968,0.05322530120611191,0.011065046302974224,0.0032545607537031174,0.004473883658647537,0.004874401725828648,0.136042520403862
construction_test_044.wav,construction,construction,construction,False,False,0.9565138220787048,0.9464589571580291,0.11784403903880765,0.009534171782433987,0.005983882118016481,0.002451427048072219,0.9565138220787048,0.010054864920675755,0.00995026808232069,0.0017076426884159446,0.0013570025330409408,0.002446915255859494,0.009534171782433987
construction_test_045.wav,construction,construction,construction,False,False,0.9329726696014404,0.8948635943233967,0.1566188383787439,0.008263446390628815,0.005986878648400307,0.0027509131468832493,0.9329726696014404,0.03810907527804375,0.004344700835645199,0.0016505050007253885,0.0038804030045866966,0.0020414115861058235,0.008263446390628815
construction_test_046.wav,construction,construction,construction,False,False,0.959058403968811,0.9483012408018112,0.1129655638424734,0.008708222769200802,0.007688271813094616,0.001626436598598957,0.959058403968811,0.010757163166999817,0.00416853791102767,0.0026493908371776342,0.0029894993640482426,0.0023540800902992487,0.008708222769200802
construction_test_047.wav,construction,construction,construction,False,False,0.9467589259147644,0.926686491817236,0.13626781800531565,0.012547692283987999,0.006211651489138603,0.005268489941954613,0.9467589259147644,0.020072434097528458,0.0034214151091873646,0.0012839845148846507,0.0025718766264617443,0.001863489393144846,0.012547692283987999
construction_test_048.wav,construction,construction,construction,False,False,0.9350355863571167,0.9016277827322483,0.15419336446543397,0.011846487410366535,0.0061299679800868034,0.004378295037895441,0.9350355863571167,0.03340780362486839,0.004193332977592945,0.002044708700850606,0.0012320757377892733,0.001731696305796504,0.011846487410366535
dog_bark_test_001.wav,dog_bark,dog_bark,dog_bark,False,False,0.9808372259140015,0.97738051507622,0.060797902273738005,0.0029731744434684515,0.0034567108377814293,0.001233398448675871,0.0018772829789668322,0.0014173728413879871,0.0024425829760730267,0.003131645265966654,0.0026306360960006714,0.9808372259140015,0.0029731744434684515
dog_bark_test_002.wav,dog_bark,dog_bark,dog_bark,False,False,0.9850870966911316,0.9813815613742918,0.04853522201969361,0.0012725817505270243,0.0033083532471209764,0.001011099200695753,0.0013373305555433035,0.0014098724350333214,0.0018725059926509857,0.000995622598566115,0.003705535316839814,0.9850870966911316,0.0012725817505270243
dog_bark_test_003.wav,dog_bark,dog_bark,dog_bark,False,False,0.9859813451766968,0.983447777107358,0.046365269779803986,0.0013561247615143657,0.002464830642566085,0.0009184122318401933,0.0009856009855866432,0.0011916375951841474,0.002257073065266013,0.0025335680693387985,0.0023114129435271025,0.9859813451766968,0.0013561247615143657
dog_bark_test_004.wav,dog_bark,dog_bark,dog_bark,False,False,0.6544359922409058,0.3974028527736664,0.44480230902816104,0.017929263412952423,0.2570331394672394,0.003952697850763798,0.0077253845520317554,0.004406650085002184,0.042720284312963486,0.0054774717427790165,0.006319119594991207,0.6544359922409058,0.017929263412952423
dog_bark_test_005.wav,dog_bark,dog_bark,dog_bark,False,False,0.9766003489494324,0.9698195932433009,0.07058196634566691,0.0014666011556982994,0.005694946739822626,0.0021667873952537775,0.0014840944204479456,0.00136190140619874,0.0022166052367538214,0.002228011144325137,0.006780755706131458,0.9766003489494324,0.0014666011556982994
dog_bark_test_006.wav,dog_bark,dog_bark,dog_bark,False,False,0.5821872353553772,0.2225739061832428,0.43114564114414655,0.006198578048497438,0.3596133291721344,0.003166638547554612,0.00822937861084938,0.003424879629164934,0.023832237347960472,0.0065484740771353245,0.0067993090488016605,0.5821872353553772,0.006198578048497438
dog_bark_test_007.wav,dog_bark,dog_bark,dog_bark,False,False,0.9693931341171265,0.955004763789475,0.08531663017094218,0.0020709168165922165,0.0143883703276515,0.0010692911455407739,0.0014747227542102337,0.0010709158377721906,0.004662161227315664,0.002771428320556879,0.003099083434790373,0.9693931341171265,0.0020709168165922165
dog_bark_test_008.wav,dog_bark,dog_bark,dog_bark,False,False,0.9876226186752319,0.9840920695569366,0.04122663415151664,0.0012369431788101792,0.0016707578906789422,0.0007596756331622601,0.0008668829104863107,0.0008446903666481376,0.003530549118295312,0.0011385020334273577,0.002329419134184718,0.9876226186752319,0.0012369431788101792
dog_bark_test_009.wav,dog_bark,dog_bark,dog_bark,False,False,0.768156886100769,0.5957756340503693,0.34630961077172084,0.0069587621837854385,0.17238125205039978,0.002860001055523753,0.007776128128170967,0.0034915136639028788,0.032155364751815796,0.0028793548699468374,0.0033407900482416153,0.768156886100769,0.0069587621837854385
dog_bark_test_010.wav,dog_bark,dog_bark,dog_bark,False,False,0.9861006140708923,0.9830823945812881,0.04596977153311328,0.0014869495062157512,0.0030182194896042347,0.0008409733418375254,0.001311604049988091,0.0009352845372632146,0.002362809143960476,0.001730994088575244,0.002212578896433115,0.9861006140708923,0.0014869495062157512
dog_bark_test_011.wav,dog_bark,dog_bark,dog_bark,False,False,0.9879288673400879,0.9854935882613063,0.040651400966206806,0.001137990620918572,0.002239757450297475,0.0007206161390058696,0.0009865647880360484,0.001012439955957234,0.0024352790787816048,0.0012418018886819482,0.0022967143449932337,0.9879288673400879,0.001137990620918572
dog_bark_test_012.wav,dog_bark,dog_bark,dog_bark,False,False,0.885525107383728,0.8379930891096592,0.24604384879327937,0.04753201827406883,0.026075642555952072,0.015444958582520485,0.005330872721970081,0.0059930263087153435,0.010757267475128174,0.0019169861916452646,0.0014241506578400731,0.885525107383728,0.04753201827406883
dog_bark_test_013.wav,dog_bark,dog_bark,dog_bark,False,False,0.9872249364852905,0.9844393206294626,0.04272554656604842,0.0014328851830214262,0.002768229693174362,0.0012787486193701625,0.0010771782835945487,0.000987968291155994,0.0027856158558279276,0.0011765246745198965,0.0012679258361458778,0.9872249364852905,0.0014328851830214262
dog_bark_test_014.wav,dog_bark,dog_bark,dog_bark,False,False,0.9837331175804138,0.9812946845777333,0.053164458890240046,0.00243843300268054,0.002009917050600052,0.0019645022694021463,0.0015298420330509543,0.001932843355461955,0.001902819494716823,0.0021160361357033253,0.002372480696067214,0.9837331175804138,0.00243843300268054
dog_bark_test_015.wav,dog_bark,dog_bark,dog_bark,False,False,0.9771820306777954,0.9710682961158454,0.0696795921748233,0.006113734561949968,0.0034178425557911396,0.0013374658301472664,0.0028647815342992544,0.0019212556071579456,0.004140211269259453,0.0013551132287830114,0.0016675953520461917,0.9771820306777954,0.006113734561949968
dog_bark_test_016.wav,dog_bark,dog_bark,dog_bark,False,False,0.9846492409706116,0.9819751791656017,0.050304301427896554,0.0017511495389044285,0.0015596100129187107,0.002674061805009842,0.001311353873461485,0.0010083364322781563,0.0025239589158445597,0.0019340732833370566,0.0025882874615490437,0.9846492409706116,0.0017511495389044285
dog_bark_test_017.wav,dog_bark,dog_bark,dog_bark,False,False,0.9615695476531982,0.9509744681417942,0.107903776302365,0.0033950358629226685,0.002203986281529069,0.0061844633892178535,0.010595079511404037,0.0018193810246884823,0.0038738285657018423,0.006808759178966284,0.0035498784855008125,0.9615695476531982,0.0033950358629226685
dog_bark_test_018.wav,dog_bark,dog_bark,dog_bark,False,False,0.9621309638023376,0.9539387626573443,0.1073630150609473,0.003588635940104723,0.008192201144993305,0.0038036638870835304,0.0011056136572733521,0.004424658138304949,0.006158636882901192,0.003883213270455599,0.006712352856993675,0.9621309638023376,0.003588635940104723
dog_bark_test_019.wav,dog_bark,dog_bark,dog_bark,False,False,0.9721201062202454,0.9638331877067685,0.08245203401348215,0.008286918513476849,0.0037997132167220116,0.0016385371563956141,0.0040638986974954605,0.001962941372767091,0.0038804898504167795,0.0019109937129542232,0.0023364692460745573,0.9721201062202454,0.008286918513476849
dog_bark_test_020.wav,dog_bark,dog_bark,dog_bark,False,False,0.985424280166626,0.9820320103317499,0.04768425397411112,0.0012299357913434505,0.0021484880708158016,0.0019459372851997614,0.0010100372601300478,0.0006743122357875109,0.002770889550447464,0.0014038311783224344,0.0033922698348760605,0.985424280166626,0.0012299357913434505
dog_bark_test_021.wav,dog_bark,dog_bark,dog_bark,False,False,0.9751057624816895,0.9689134284853935,0.07496213443569355,0.006192333996295929,0.002159303519874811,0.0015073936665430665,0.0053498647175729275,0.0014992918586358428,0.003705267794430256,0.002933833748102188,0.0015469209756702185,0.9751057624816895,0.006192333996295929
dog_bark_test_022.wav,dog_bark,dog_bark,dog_bark,False,False,0.981702446937561,0.9765891674906015,0.05727643349351518,0.0015866421163082123,0.0009182535577565432,0.001070445403456688,0.0007346839411184192,0.0020835960749536753,0.0051132794469594955,0.003415079787373543,0.0033756026532500982,0.981702446937561,0.0015866421163082123
dog_bark_test_023.wav,dog_bark,dog_bark,dog_bark,False,False,0.9775328040122986,0.9709681966342032,0.06859768312877682,0.002133984351530671,0.006564607378095388,0.0015362745616585016,0.004206989426165819,0.0012023741146549582,0.0030347835272550583,0.0019533399026840925,0.0018348430749028921,0.9775328040122986,0.002133984351530671
dog_bark_test_024.wav,dog_bark,dog_bark,dog_bark,False,False,0.9428820013999939,0.9186978936195374,0.1434568764595444,0.012410122901201248,0.0035845893435180187,0.006015839520841837,0.003547611180692911,0.0025344230234622955,0.002296839840710163,0.024184107780456543,0.0025444068014621735,0.9428820013999939,0.012410122901201248
dog_bark_test_025.wav,dog_bark,dog_bark,dog_bark,False,False,0.9847936630249023,0.9819479503203183,0.049932770100291964,0.0022970326244831085,0.0028457127045840025,0.0011669264640659094,0.0017292503034695983,0.0011897759977728128,0.0024290529545396566,0.0018907522317022085,0.0016578782815486193,0.9847936630249023,0.0022970326244831085
dog_bark_test_026.wav,dog_bark,dog_bark,dog_bark,False,False,0.9050968289375305,0.8665962517261505,0.21731000851536322,0.038500577211380005,0.006130836438387632,0.01698555052280426,0.0070664482191205025,0.003833881113678217,0.0043430812656879425,0.01446802169084549,0.0035747322253882885,0.9050968289375305,0.038500577211380005
dog_bark_test_027.wav,dog_bark,dog_bark,dog_bark,False,False,0.9427666664123535,0.9115679487586021,0.13966805513709943,0.007591611705720425,0.003496933961287141,0.001948166755028069,0.0030982312746345997,0.003069399856030941,0.0024118374567478895,0.031198717653751373,0.004418385215103626,0.9427666664123535,0.007591611705720425
dog_bark_test_028.wav,dog_bark,dog_bark,dog_bark,False,False,0.9180217981338501,0.8828370422124863,0.1895411113939977,0.008548382669687271,0.019451364874839783,0.03518475592136383,0.007627797778695822,0.002768350765109062,0.002550777280703187,0.0027289199642837048,0.0031177191995084286,0.9180217981338501,0.008548382669687271
dog_bark_test_029.wav,dog_bark,dog_bark,dog_bark,False,False,0.9723318815231323,0.965010435320437,0.08216249138658262,0.005336584057658911,0.0019935204181820154,0.0031831436790525913,0.0025724226143211126,0.0012859012931585312,0.003164108144119382,0.00732144620269537,0.0028110016137361526,0.9723318815231323,0.005336584057658911
dog_bark_test_030.wav,dog_bark,dog_bark,dog_bark,False,False,0.8120637536048889,0.7361056953668594,0.3476982814620861,0.07595805823802948,0.061755768954753876,0.020016562193632126,0.00551943713799119,0.007546989247202873,0.012209367007017136,0.001983307534828782,0.0029467439744621515,0.8120637536048889,0.07595805823802948
dog_bark_test_031.wav,dog_bark,dog_bark,dog_bark,False,False,0.9588848352432251,0.9435112942010164,0.11038438633683231,0.015373541042208672,0.00992722436785698,0.005237896461039782,0.001513214549049735,0.0026616707909852266,0.0026564907748252153,0.0022714955266565084,0.0014736937591806054,0.9588848352432251,0.015373541042208672
dog_bark_test_032.wav,dog_bark,dog_bark,dog_bark,False,False,0.7211043834686279,0.5287745893001556,0.40460415681783507,0.01576518639922142,0.1923297941684723,0.0035843350924551487,0.010491185821592808,0.0036269293632358313,0.0449773445725441,0.0014246593927964568,0.006696214433759451,0.7211043834686279,0.01576518639922142
dog_bark_test_033.wav,dog_bark,dog_bark,dog_bark,False,False,0.9654009938240051,0.9504875168204308,0.09542839811869466,0.0030021914280951023,0.014913477003574371,0.002263713628053665,0.0042620087042450905,0.001466470886953175,0.005698657128959894,0.0015790172619745135,0.0014135525561869144,0.9654009938240051,0.0030021914280951023
dog_bark_test_034.wav,dog_bark,heavy_impact,heavy_impact,False,False,0.502990186214447,0.23814523220062256,0.6072946023994708,0.07408133894205093,0.502990186214447,0.011293522082269192,0.011985072866082191,0.007288776803761721,0.11754679679870605,0.0050913370214402676,0.004877985455095768,0.26484495401382446,0.07408133894205093
dog_bark_test_035.wav,dog_bark,dog_bark,dog_bark,False,False,0.9666982889175415,0.9521922087296844,0.09300866839906496,0.0033152650576084852,0.014506080187857151,0.002850987482815981,0.001307081081904471,0.0027261425275355577,0.004051918629556894,0.0029061774257570505,0.0016380682354792953,0.9666982889175415,0.0033152650576084852
dog_bark_test_036.wav,dog_bark,dog_bark,dog_bark,False,False,0.9658886790275574,0.9512820830568671,0.09471100461706244,0.005541957449167967,0.01460659597069025,0.0021305247209966183,0.002536573214456439,0.0019367057830095291,0.001886149519123137,0.0038169645704329014,0.0016558668576180935,0.9658886790275574,0.005541957449167967
dog_bark_test_037.wav,dog_bark,dog_bark,dog_bark,False,False,0.9617830514907837,0.9426918588578701,0.10075815534580079,0.0025985962711274624,0.01909119263291359,0.0010489588603377342,0.00759245315566659,0.002702876692637801,0.0022266607265919447,0.0009026535553857684,0.002053564414381981,0.9617830514907837,0.0025985962711274624
dog_bark_test_038.wav,dog_bark,dog_bark,dog_bark,False,False,0.8630150556564331,0.8194978833198547,0.2907701075126882,0.04351717233657837,0.01794995740056038,0.022179143503308296,0.0018894143868237734,0.005900876130908728,0.009786462411284447,0.03193427622318268,0.0038276156410574913,0.8630150556564331,0.04351717233657837
dog_bark_test_039.wav,dog_bark,dog_bark,dog_bark,False,False,0.9813283085823059,0.9740550955757499,0.05756476895810647,0.0016313513042405248,0.003272241447120905,0.007273213006556034,0.0010203723795711994,0.001502028200775385,0.0015431020874530077,0.0008513049106113613,0.00157806440256536,0.9813283085823059,0.0016313513042405248
dog_bark_test_040.wav,dog_bark,dog_bark,dog_bark,False,False,0.5062243938446045,0.10439842939376831,0.49030733663622234,0.013221456669270992,0.03606201708316803,0.4018259644508362,0.02226961962878704,0.0039967019110918045,0.00877424143254757,0.00150272564496845,0.006122863385826349,0.5062243938446045,0.013221456669270992
dog_bark_test_041.wav,dog_bark,dog_bark,dog_bark,False,False,0.9852294325828552,0.9824442674871534,0.048509932647517,0.00131819152738899,0.002261074259877205,0.0027851650957018137,0.0007150682504288852,0.0015756252687424421,0.0025568753480911255,0.0013274714583531022,0.0022310754284262657,0.9852294325828552,0.00131819152738899
dog_bark_test_042.wav,dog_bark,dog_bark,dog_bark,False,False,0.9837948083877563,0.9808395826257765,0.05267061082448116,0.002184393582865596,0.0012738342629745603,0.0026307629887014627,0.0016520848730579019,0.0014231667155399919,0.0029552257619798183,0.0013037120224907994,0.0027820721734315157,0.9837948083877563,0.002184393582865596
dog_bark_test_043.wav,dog_bark,dog_bark,dog_bark,False,False,0.96121746301651,0.9436642434448004,0.10524430957376686,0.003677681088447571,0.017553219571709633,0.0019363162573426962,0.0031347216572612524,0.0017133256187662482,0.003190279472619295,0.004026968497782946,0.003550028195604682,0.96121746301651,0.003677681088447571
dog_bark_test_044.wav,dog_bark,dog_bark,dog_bark,False,False,0.7313681840896606,0.566857784986496,0.41631566575100587,0.021150030195713043,0.05035146698355675,0.16451039910316467,0.00185492355376482,0.004946940578520298,0.005956260487437248,0.015297706238925457,0.004564115311950445,0.7313681840896606,0.021150030195713043
dog_bark_test_045.wav,dog_bark,dog_bark,dog_bark,False,False,0.9486101269721985,0.9291157275438309,0.13333655664847344,0.00508486945182085,0.019494399428367615,0.00246876897290349,0.0015241954242810607,0.004934430588036776,0.0034473484847694635,0.011215836741030216,0.0032200163695961237,0.9486101269721985,0.00508486945182085
dog_bark_test_046.wav,dog_bark,dog_bark,dog_bark,False,False,0.9805012941360474,0.9746113014407456,0.06069759929318233,0.002086776541545987,0.005889992695301771,0.0007896313327364624,0.003407476469874382,0.002653037430718541,0.0014597856206819415,0.0016390234231948853,0.0015730339800938964,0.9805012941360474,0.002086776541545987
dog_bark_test_047.wav,dog_bark,dog_bark,dog_bark,False,False,0.9859580993652344,0.983369478257373,0.04654779882443994,0.0020872631575912237,0.0025886211078613997,0.002296522492542863,0.0012460950529202819,0.001023838180117309,0.00217094412073493,0.0015904734609648585,0.0010382202453911304,0.9859580993652344,0.0020872631575912237
dragging_test_001.wav,dragging,dragging,dragging,False,False,0.7765589952468872,0.7214156873524189,0.43019892749481253,0.031606245785951614,0.05514330789446831,0.7765589952468872,0.03539969027042389,0.02986004389822483,0.01682584173977375,0.045612920075654984,0.0020599320996552706,0.00693297665566206,0.031606245785951614
dragging_test_002.wav,dragging,dragging,dragging,False,False,0.9109748005867004,0.8612958155572414,0.19545067274683925,0.011834308505058289,0.009219616651535034,0.9109748005867004,0.049678985029459,0.007972145453095436,0.003010702785104513,0.001862392295151949,0.0019494412699714303,0.0034976305905729532,0.011834308505058289
dragging_test_003.wav,dragging,dragging,others,True,False,0.3916277289390564,0.2057214379310608,0.739542569918338,0.1859062910079956,0.01698753423988819,0.3916277289390564,0.1469631791114807,0.06343221664428711,0.017112476751208305,0.1688636988401413,0.00484447693452239,0.0042623789049685,0.1859062910079956
dragging_test_004.wav,dragging,dragging,dragging,False,False,0.9501426219940186,0.9247582871466875,0.12538580590498635,0.0038217687979340553,0.00799969770014286,0.9501426219940186,0.002363506704568863,0.025384334847331047,0.0016737570986151695,0.002651201095432043,0.0008755163289606571,0.005087562836706638,0.0038217687979340553
dragging_test_005.wav,dragging,dragging,dragging,False,False,0.586508572101593,0.3702823370695114,0.5767134646994072,0.08948744088411331,0.015614818781614304,0.586508572101593,0.009003511629998684,0.02653658203780651,0.004873235244303942,0.2162262350320816,0.04253563657402992,0.009213998913764954,0.08948744088411331
dragging_test_006.wav,dragging,dragging,dragging,False,False,0.8016754388809204,0.6862892732024193,0.34989743278803265,0.00709607033059001,0.006220490671694279,0.8016754388809204,0.017565911635756493,0.03524221479892731,0.004070118069648743,0.11538616567850113,0.005955182947218418,0.0067884535528719425,0.00709607033059001
dragging_test_007.wav,dragging,dragging,dragging,False,False,0.7437040209770203,0.5889115035533905,0.403130930511407,0.005559951066970825,0.026700034737586975,0.7437040209770203,0.0014662211760878563,0.005477796774357557,0.008093575946986675,0.15479251742362976,0.04946868121623993,0.004737179726362228,0.005559951066970825
dragging_test_008.wav,dragging,water_toilet,water_toilet,False,False,0.6385573744773865,0.363164484500885,0.4586980221764505,0.005956145003437996,0.008299099281430244,0.27539288997650146,0.019214147701859474,0.014845173805952072,0.009113641455769539,0.6385573744773865,0.023745356127619743,0.004876166116446257,0.005956145003437996
dragging_test_009.wav,dragging,dragging,dragging,False,False,0.823523759841919,0.7412289530038834,0.3224523128740836,0.0061033135280013084,0.012531864456832409,0.823523759841919,0.005617315415292978,0.08229480683803558,0.0036277477629482746,0.058749862015247345,0.005741814151406288,0.001809547422453761,0.0061033135280013084
dragging_test_010.wav,dragging,dragging,dragging,False,False,0.9837883114814758,0.9763195277191699,0.050163572073636184,0.0013699106639251113,0.007468783762305975,0.9837883114814758,0.0014930926263332367,0.0018854825757443905,0.0006550237303599715,0.0005237899022176862,0.0008176016272045672,0.0019980536308139563,0.0013699106639251113
dragging_test_011.wav,dragging,dragging,dragging,False,False,0.9758186340332031,0.9605313558131456,0.06645403414176651,0.0012667657574638724,0.015287278220057487,0.9758186340332031,0.0008300313493236899,0.0026247063651680946,0.000897166901268065,0.0005504435976035893,0.0009479729924350977,0.0017770554404705763,0.0012667657574638724
dragging_test_012.wav,dragging,dragging,dragging,False,False,0.982816219329834,0.9730190820991993,0.05126119457512198,0.001252948073670268,0.00979713723063469,0.982816219329834,0.0008684620261192322,0.0014369681011885405,0.0005372631130740047,0.0008323437650687993,0.0009962547337636352,0.0014624461764469743,0.001252948073670268
dragging_test_013.wav,dragging,dragging,dragging,False,False,0.9816583395004272,0.9760939376428723,0.05749695763271254,0.003031722269952297,0.005564401857554913,0.9816583395004272,0.0015117505099624395,0.0020962399430572987,0.0008833864703774452,0.0010932991281151772,0.0011695728171616793,0.0029912651516497135,0.003031722269952297
dragging_test_014.wav,dragging,dragging,dragging,False,False,0.984537661075592,0.9763826578855515,0.04735919161356316,0.0009614037116989493,0.008155003190040588,0.984537661075592,0.0007782346801832318,0.0018541027093306184,0.0005830808659084141,0.0006306268624030054,0.000873554206918925,0.0016263729194179177,0.0009614037116989493
dragging_test_015.wav,dragging,dragging,dragging,False,False,0.9817761182785034,0.9731123708188534,0.055220334292000725,0.0017936346121132374,0.00866374745965004,0.9817761182785034,0.0012482007732614875,0.001966330921277404,0.0006969699752517045,0.0005516149685718119,0.0011223119217902422,0.0021810014732182026,0.0017936346121132374
dragging_test_016.wav,dragging,dragging,dragging,False,False,0.9778854250907898,0.964385598897934,0.06217834662769935,0.0015342739643529058,0.013499826192855835,0.9778854250907898,0.0011775399325415492,0.0015716321067884564,0.0010368599323555827,0.0004698423726949841,0.00048807839630171657,0.002336599864065647,0.0015342739643529058
dragging_test_017.wav,dragging,dragging,dragging,False,False,0.9789973497390747,0.9659007471054792,0.059271560825747305,0.0011213915422558784,0.013096602633595467,0.9789973497390747,0.0010523971868678927,0.0015736110508441925,0.0006106008659116924,0.000432804023148492,0.0008566553588025272,0.0022585690021514893,0.0011213915422558784
dragging_test_018.wav,dragging,machine_noise,machine_noise,False,False,0.3845147490501404,0.10555383563041687,0.682301917258184,0.11539579182863235,0.013393038883805275,0.17210055887699127,0.2789609134197235,0.3845147490501404,0.008532133884727955,0.0049872929230332375,0.014322740957140923,0.007792806252837181,0.11539579182863235
dragging_test_019.wav,dragging,dragging,dragging,False,False,0.9110925793647766,0.8668541349470615,0.19795020403321667,0.0025511477142572403,0.04423844441771507,0.9110925793647766,0.004132476635277271,0.012637540698051453,0.002779426285997033,0.00787628348916769,0.014096489176154137,0.0005956158274784684,0.0025511477142572403
dragging_test_020.wav,dragging,dragging,dragging,False,False,0.6982859969139099,0.5407599955797195,0.4697798264206047,0.02618500404059887,0.01485561951994896,0.6982859969139099,0.009999831207096577,0.15752600133419037,0.0028297556564211845,0.016754476353526115,0.07154333591461182,0.002020041225478053,0.02618500404059887
dragging_test_021.wav,dragging,dragging,dragging,False,False,0.7353866696357727,0.6003410667181015,0.43957347870819685,0.019567517563700676,0.004984821192920208,0.7353866696357727,0.007627716287970543,0.003690916346386075,0.017319992184638977,0.1350456029176712,0.058577679097652435,0.017799153923988342,0.019567517563700676
dragging_test_022.wav,dragging,dragging,dragging,False,False,0.9243924617767334,0.8963684234768152,0.18210302485011345,0.004140571225434542,0.008360293693840504,0.9243924617767334,0.003946485463529825,0.028024038299918175,0.01400564145296812,0.004178640432655811,0.011860678903758526,0.0010912548750638962,0.004140571225434542
dragging_test_023.wav,dragging,dragging,dragging,False,False,0.9189482927322388,0.8649151250720024,0.17126228684982892,0.0074450052343308926,0.010684802196919918,0.9189482927322388,0.0026300367899239063,0.05403316766023636,0.001799446064978838,0.0018448041519150138,0.0012776951771229506,0.0013367964420467615,0.0074450052343308926
dragging_test_024.wav,dragging,dragging,dragging,False,False,0.913780689239502,0.8618514984846115,0.1854593701029144,0.003812312614172697,0.012055081315338612,0.913780689239502,0.004138662479817867,0.05192919075489044,0.0012556939618662,0.0015790858305990696,0.00989456195384264,0.0015547425718978047,0.003812312614172697
dragging_test_025.wav,dragging,dragging,dragging,False,False,0.3888763189315796,0.07915884256362915,0.6297914961938256,0.012009602971374989,0.009604386985301971,0.3888763189315796,0.018677856773138046,0.30971747636795044,0.009928455576300621,0.22675535082817078,0.021747101098299026,0.0026834416203200817,0.012009602971374989
dragging_test_026.wav,dragging,machine_noise,machine_noise,False,False,0.7636274099349976,0.6730754673480988,0.4216430764716027,0.009107815101742744,0.02261168137192726,0.0905519425868988,0.030911613255739212,0.7636274099349976,0.0016609890153631568,0.0644024908542633,0.012322620488703251,0.004803416784852743,0.009107815101742744
dragging_test_027.wav,dragging,dragging,dragging,False,False,0.6966026425361633,0.44461533427238464,0.3810902898150822,0.012311669997870922,0.012335876934230328,0.6966026425361633,0.015474299900233746,0.2519873082637787,0.0018837115494534373,0.003704255912452936,0.0014994839439168572,0.004200708586722612,0.012311669997870922
dragging_test_028.wav,dragging,dragging,dragging,False,False,0.8772833347320557,0.8166878931224346,0.23825247060172322,0.004027211107313633,0.06059544160962105,0.8772833347320557,0.008793453685939312,0.04246833175420761,0.001311838859692216,0.0006334009231068194,0.0004011698183603585,0.0044858078472316265,0.004027211107313633
dragging_test_029.wav,dragging,dragging,dragging,False,False,0.7316628694534302,0.5349851101636887,0.3935200467580359,0.010843983851373196,0.011740738525986671,0.7316628694534302,0.00367953279055655,0.19667775928974152,0.006869048345834017,0.01838548295199871,0.017396535724401474,0.0027440651319921017,0.010843983851373196
dragging_test_030.wav,dragging,dragging,dragging,False,False,0.9178298711776733,0.88943125680089,0.1884555740792158,0.00525834783911705,0.012690809555351734,0.9178298711776733,0.02839861437678337,0.026297079399228096,0.0027453305665403605,0.004765197169035673,0.000864139583427459,0.001150706666521728,0.00525834783911705
dragging_test_031.wav,dragging,dragging,dragging,False,False,0.7795137166976929,0.6966046839952469,0.3883238776385015,0.00831417366862297,0.06022317335009575,0.7795137166976929,0.08290903270244598,0.05090542510151863,0.000819693086668849,0.007130317389965057,0.008705660700798035,0.0014788091648370028,0.00831417366862297
dragging_test_032.wav,dragging,dragging,dragging,False,False,0.4404507875442505,0.017781317234039307,0.5142246671223571,0.01682163029909134,0.4226694703102112,0.4404507875442505,0.00678242789581418,0.10087471455335617,0.00207528006285429,0.0026000631041824818,0.005201531574130058,0.0025240930262953043,0.01682163029909134
dragging_test_033.wav,dragging,dragging,dragging,False,False,0.7285847067832947,0.6071476638317108,0.4638443856780538,0.033287424594163895,0.022902492433786392,0.7285847067832947,0.016608314588665962,0.04997499659657478,0.002368760760873556,0.12143704295158386,0.022021040320396423,0.002815298270434141,0.033287424594163895
dragging_test_034.wav,dragging,dragging,dragging,False,False,0.8998664617538452,0.8573674857616425,0.21463584560293383,0.005051178392022848,0.04249897599220276,0.8998664617538452,0.01349647156894207,0.02971946820616722,0.0007921605720184743,0.005753165576606989,0.0023787838872522116,0.00044338047155179083,0.005051178392022848
dragging_test_035.wav,dragging,dragging,dragging,False,False,0.9478091597557068,0.927450155839324,0.13094758244046104,0.011912009678781033,0.02035900391638279,0.9478091597557068,0.0022296905517578125,0.011522225104272366,0.0018936482956632972,0.0010778920259326696,0.001614590990357101,0.0015818262472748756,0.011912009678781033
dragging_test_036.wav,dragging,machine_noise,machine_noise,False,False,0.5190719962120056,0.13837972283363342,0.49948632755567135,0.012724869884550571,0.007646715734153986,0.3806922733783722,0.007647869177162647,0.5190719962120056,0.008427451364696026,0.04813116416335106,0.012380494736135006,0.0032772517297416925,0.012724869884550571
dragging_test_037.wav,dragging,dragging,dragging,False,False,0.8829233646392822,0.8273608200252056,0.24753994336545682,0.01534111239016056,0.02035134844481945,0.8829233646392822,0.005017983261495829,0.01259253453463316,0.0025803614407777786,0.003270905464887619,0.055562544614076614,0.002359866164624691,0.01534111239016056
dragging_test_038.wav,dragging,dragging,dragging,False,False,0.869314432144165,0.7699751406908035,0.2347431276990686,0.004412693437188864,0.09933929145336151,0.869314432144165,0.005945471581071615,0.0048659141175448895,0.0006626425893045962,0.008968804031610489,0.003210218623280525,0.003280499018728733,0.004412693437188864
dragging_test_039.wav,dragging,dragging,dragging,False,False,0.7047329545021057,0.487469881772995,0.398787017981492,0.003733542747795582,0.21726307272911072,0.7047329545021057,0.0032377196475863457,0.0020721254404634237,0.0029167712200433016,0.04282642900943756,0.021400680765509605,0.001816807547584176,0.003733542747795582
dragging_test_040.wav,dragging,dragging,dragging,False,False,0.7198083400726318,0.5942481905221939,0.4255487212655184,0.004916954319924116,0.011982331983745098,0.7198083400726318,0.003719191299751401,0.12556014955043793,0.001731284661218524,0.11518732458353043,0.013800356537103653,0.0032941331155598164,0.004916954319924116
dragging_test_041.wav,dragging,dragging,dragging,False,False,0.8309671878814697,0.7233943939208984,0.306101774135686,0.007362763397395611,0.011002913117408752,0.8309671878814697,0.01823584921658039,0.10757279396057129,0.0017482247203588486,0.01141574140638113,0.009336278773844242,0.002358207944780588,0.007362763397395611
dragging_test_042.wav,dragging,dragging,dragging,False,False,0.6939656138420105,0.6181376352906227,0.5421914981714101,0.027871042490005493,0.014742917381227016,0.6939656138420105,0.07275895029306412,0.02330581471323967,0.01223605964332819,0.05698204040527344,0.07582797855138779,0.022309575229883194,0.027871042490005493
dragging_test_043.wav,dragging,dragging,dragging,False,False,0.7385590076446533,0.5957570672035217,0.4322730222310737,0.029618650674819946,0.012814606539905071,0.7385590076446533,0.005807629320770502,0.1428019404411316,0.014457439072430134,0.04440158233046532,0.008085190318524837,0.0034539764747023582,0.029618650674819946
dragging_test_044.wav,dragging,dragging,dragging,False,False,0.9604427814483643,0.9493400361388922,0.1082102734560657,0.006164333317428827,0.011102745309472084,0.9604427814483643,0.0021498652640730143,0.009477600455284119,0.0010902872309088707,0.0060330345295369625,0.002593455370515585,0.0009459676221013069,0.006164333317428827
dragging_test_045.wav,dragging,dragging,dragging,False,False,0.8822877407073975,0.838604811578989,0.2430757486406036,0.005750809796154499,0.040589187294244766,0.8822877407073975,0.004388122353702784,0.04368292912840843,0.002852067584171891,0.018749341368675232,0.0008487264858558774,0.0008510374464094639,0.005750809796154499
dragging_test_046.wav,dragging,dragging,dragging,False,False,0.8518114686012268,0.7885672748088837,0.2992757188820808,0.06324419379234314,0.007698601111769676,0.8518114686012268,0.035129234194755554,0.01887214183807373,0.010012298822402954,0.0036575286649167538,0.0022298863623291254,0.007344678044319153,0.06324419379234314
dragging_test_047.wav,dragging,dragging,dragging,False,False,0.8973599672317505,0.8618023991584778,0.22849754118864946,0.02346169389784336,0.008192884735763073,0.8973599672317505,0.019603174179792404,0.035557568073272705,0.005841108970344067,0.0009353157365694642,0.0007636386435478926,0.0082846749573946,0.02346169389784336
dragging_test_048.wav,dragging,dragging,dragging,False,False,0.8097589612007141,0.7099912986159325,0.33322215382509635,0.01430534292012453,0.013592088595032692,0.8097589612007141,0.09976766258478165,0.052759625017642975,0.0028387478087097406,0.0009241931256838143,0.0011312720598652959,0.004922127816826105,0.01430534292012453
heavy_impact_test_001.wav,heavy_impact,heavy_impact,heavy_impact,False,False,0.5867791175842285,0.30433186888694763,0.5211016944653373,0.03011278621852398,0.5867791175842285,0.2824472486972809,0.010126613080501556,0.03293028473854065,0.003117745742201805,0.003528477158397436,0.043576985597610474,0.007380764000117779,0.03011278621852398
heavy_impact_test_002.wav,heavy_impact,heavy_impact,heavy_impact,False,False,0.9408848285675049,0.928321348503232,0.15360915216273024,0.004840529523789883,0.9408848285675049,0.010681448504328728,0.012020452879369259,0.0031870463863015175,0.0019764909520745277,0.0035424840170890093,0.010303241200745106,0.01256348006427288,0.004840529523789883
heavy_impact_test_003.wav,heavy_impact,heavy_impact,heavy_impact,False,False,0.8065767288208008,0.6983226537704468,0.33831518516719394,0.004217103589326143,0.8065767288208008,0.108254075050354,0.0034258118830621243,0.0037989348638802767,0.004838929045945406,0.010186818428337574,0.009916594251990318,0.04878495633602142,0.004217103589326143
heavy_impact_test_004.wav,heavy_impact,heavy_impact,heavy_impact,False,False,0.9598636627197266,0.9447976816445589,0.108680517429612,0.0021426717285066843,0.9598636627197266,0.015065981075167656,0.008618627674877644,0.0030992154497653246,0.0013344030594453216,0.001489383284933865,0.0032597286626696587,0.005126353818923235,0.0021426717285066843
heavy_impact_test_005.wav,heavy_impact,heavy_impact,heavy_impact,False,False,0.665730357170105,0.4035993814468384,0.42233685570830626,0.0040733059868216515,0.665730357170105,0.2621309757232666,0.008278844878077507,0.0031409747898578644,0.0011552759679034352,0.013957812450826168,0.01373704057186842,0.02779536135494709,0.0040733059868216515
heavy_impact_test_006.wav,heavy_impact,heavy_impact,heavy_impact,False,False,0.8073225021362305,0.6477886885404587,0.29007220493506664,0.009416896849870682,0.8073225021362305,0.1595338135957718,0.007198312785476446,0.0024010438937693834,0.0024228794500231743,0.00316385249607265,0.0017446482088416815,0.006796019151806831,0.009416896849870682
heavy_impact_test_007.wav,heavy_impact,heavy_impact,heavy_impact,False,False,0.9265032410621643,0.8717330023646355,0.15438187167622,0.0022771451622247696,0.9265032410621643,0.05477023869752884,0.0028404926415532827,0.0022980559151619673,0.000883527914993465,0.0033489493653178215,0.0024771522730588913,0.004601168446242809,0.0022771451622247696
heavy_impact_test_008.wav,heavy_impact,heavy_impact,heavy_impact,False,False,0.7517518997192383,0.6343484371900558,0.4363258865721093,0.03634817153215408,0.7517518997192383,0.00456882594153285,0.020003115758299828,0.010564061813056469,0.0049796337261796,0.03278536722064018,0.11740346252918243,0.02159549854695797,0.03634817153215408
heavy_impact_test_009.wav,heavy_impact,heavy_impact,heavy_impact,False,False,0.9669584035873413,0.9553045006468892,0.09393584365171331,0.002490873448550701,0.9669584035873413,0.011653902940452099,0.005305860657244921,0.0016964103560894728,0.0013176706852391362,0.003445480950176716,0.0035747289657592773,0.003556616837158799,0.002490873448550701
heavy_impact_test_010.wav,heavy_impact,heavy_impact,heavy_impact,False,False,0.9681937098503113,0.9581510741263628,0.0912308506277487,0.002366701140999794,0.9681937098503113,0.010042635723948479,0.006429341621696949,0.002394028939306736,0.0017082192935049534,0.00444363197311759,0.002932935021817684,0.001488782581873238,0.002366701140999794
heavy_impact_test_011.wav,heavy_impact,heavy_impact,heavy_impact,False,False,0.8350440263748169,0.718533344566822,0.28747572088262946,0.009351578541100025,0.8350440263748169,0.009317846968770027,0.11651068180799484,0.0041818474419415,0.002535908715799451,0.00161865190602839,0.005821656435728073,0.01561770774424076,0.009351578541100025
heavy_impact_test_012.wav,heavy_impact,heavy_impact,heavy_impact,False,False,0.9716432094573975,0.9643839825876057,0.08368497398427338,0.0026094787754118443,0.9716432094573975,0.006296050269156694,0.007259226869791746,0.00392458401620388,0.0018203076906502247,0.0022821244783699512,0.001659083878621459,0.0025059881154447794,0.0026094787754118443
heavy_impact_test_013.wav,heavy_impact,heavy_impact,heavy_impact,False,False,0.9512367248535156,0.9402202488854527,0.13223774054830084,0.006491800304502249,0.9512367248535156,0.007982628419995308,0.004486005287617445,0.004742420744150877,0.0015715286135673523,0.011016475968062878,0.0037363579031080008,0.008736141957342625,0.006491800304502249
heavy_impact_test_014.wav,heavy_impact,heavy_impact,heavy_impact,False,False,0.7735404372215271,0.5688551068305969,0.29458276011800494,0.0035042015369981527,0.7735404372215271,0.20468533039093018,0.004369206726551056,0.004693660885095596,0.001350996783003211,0.0016098667401820421,0.0036276704631745815,0.0026186115574091673,0.0035042015369981527
heavy_impact_test_015.wav,heavy_impact,heavy_impact,heavy_impact,False,False,0.9555090665817261,0.9392406474798918,0.11829326618093124,0.0024218924809247255,0.9555090665817261,0.008115117438137531,0.008547147735953331,0.003618549555540085,0.0017057341756299138,0.0021316739730536938,0.0016823327168822289,0.016268419101834297,0.0024218924809247255
heavy_impact_test_016.wav,heavy_impact,heavy_impact,heavy_impact,False,False,0.9639911651611328,0.9554775543510914,0.10346105279025279,0.004523030016571283,0.9639911651611328,0.00497827585786581,0.008513610810041428,0.002642592415213585,0.0023019921500235796,0.003878875868394971,0.004737320356070995,0.0044330875389277935,0.004523030016571283
heavy_impact_test_017.wav,heavy_impact,heavy_impact,heavy_impact,False,False,0.952983558177948,0.9313660804182291,0.1200529561721917,0.004800299182534218,0.952983558177948,0.021617477759718895,0.010971450246870518,0.0020464432891458273,0.0028193627949804068,0.0019036660669371486,0.0015021571889519691,0.0013556093908846378,0.004800299182534218
heavy_impact_test_018.wav,heavy_impact,heavy_impact,heavy_impact,False,False,0.9756389856338501,0.9700200576335192,0.07425812822842352,0.00348866218701005,0.9756389856338501,0.005618928000330925,0.004525207914412022,0.002241512294858694,0.0017585883615538478,0.0018881948199123144,0.002261275192722678,0.0025785714387893677,0.00348866218701005
heavy_impact_test_019.wav,heavy_impact,heavy_impact,heavy_impact,False,False,0.9695502519607544,0.9570029517635703,0.08651262283692833,0.00230880593881011,0.9695502519607544,0.012547300197184086,0.0040915124118328094,0.002258617663756013,0.0012996293371543288,0.001138970605097711,0.0027233988512307405,0.00408147694543004,0.00230880593881011
heavy_impact_test_020.wav,heavy_impact,heavy_impact,heavy_impact,False,False,0.9718674421310425,0.9621611488983035,0.08242064101165712,0.0033249862026423216,0.9718674421310425,0.009706293232738972,0.004605031572282314,0.002101099817082286,0.002077748766168952,0.0020478253718465567,0.0025866481009870768,0.0016829115338623524,0.0033249862026423216
heavy_impact_test_021.wav,heavy_impact,heavy_impact,heavy_impact,False,False,0.7847141623497009,0.6035749018192291,0.30349926783532905,0.005608055740594864,0.7847141623497009,0.1811392605304718,0.016978198662400246,0.0018012248910963535,0.004484403878450394,0.0014115573139861226,0.0013659640680998564,0.0024972164537757635,0.005608055740594864
heavy_impact_test_022.wav,heavy_impact,heavy_impact,heavy_impact,False,False,0.9639954566955566,0.9499596562236547,0.09831471641589234,0.004118563607335091,0.9639954566955566,0.014035800471901894,0.009155306033790112,0.001802878687158227,0.0017250170931220055,0.001586217898875475,0.0015268828719854355,0.0020538256503641605,0.004118563607335091
heavy_impact_test_023.wav,heavy_impact,heavy_impact,heavy_impact,False,False,0.9618762731552124,0.9490557480603456,0.10613924409825012,0.00493148248642683,0.9618762731552124,0.012820525094866753,0.006351943127810955,0.002515267115086317,0.0024789220187813044,0.002089107409119606,0.002204667776823044,0.004731784574687481,0.00493148248642683
heavy_impact_test_024.wav,heavy_impact,heavy_impact,heavy_impact,False,False,0.9335033893585205,0.9072746951133013,0.16466481930836774,0.0031023418996483088,0.9335033893585205,0.010846063494682312,0.004301875829696655,0.00687548890709877,0.00130075856577605,0.02622869424521923,0.007607323583215475,0.0062340120784938335,0.0031023418996483088
heavy_impact_test_025.wav,heavy_impact,heavy_impact,heavy_impact,False,False,0.9673556685447693,0.9612169694155455,0.09576887892591561,0.0037002405151724815,0.9673556685447693,0.005345999728888273,0.0061386991292238235,0.004129266832023859,0.0027854128275066614,0.0024487494956701994,0.0038067193236202,0.004289247095584869,0.0037002405151724815
heavy_impact_test_026.wav,heavy_impact,heavy_impact,heavy_impact,False,False,0.9694671630859375,0.9626148846000433,0.09024018406313536,0.0028962935321033,0.9694671630859375,0.00444936053827405,0.006852278485894203,0.004077291581779718,0.002427946077659726,0.002704417333006859,0.0028094046283513308,0.004315848462283611,0.0028962935321033
heavy_impact_test_027.wav,heavy_impact,heavy_impact,heavy_impact,False,False,0.8163844347000122,0.6585805267095566,0.2717431678643235,0.003693982493132353,0.8163844347000122,0.15780390799045563,0.006547236815094948,0.007464359514415264,0.0017016077181324363,0.0028856543358415365,0.0012935943668708205,0.002225263509899378,0.003693982493132353
heavy_impact_test_028.wav,heavy_impact,heavy_impact,heavy_impact,False,False,0.9602493047714233,0.9467963632196188,0.1086333634996726,0.003755072597414255,0.9602493047714233,0.013452941551804543,0.009460263885557652,0.004093843977898359,0.00163009122479707,0.003425797214731574,0.0026014018803834915,0.001331332721747458,0.003755072597414255
heavy_impact_test_029.wav,heavy_impact,heavy_impact,heavy_impact,False,False,0.917310357093811,0.8968946058303118,0.2015986690009909,0.007239903323352337,0.917310357093811,0.008381730876863003,0.013429567217826843,0.006561199203133583,0.0016814296832308173,0.02041575126349926,0.006986454129219055,0.017993638291954994,0.007239903323352337
heavy_impact_test_030.wav,heavy_impact,heavy_impact,heavy_impact,False,False,0.9191253781318665,0.8679209277033806,0.17371137502806752,0.009138165973126888,0.9191253781318665,0.05120445042848587,0.010767943225800991,0.003314313478767872,0.001949970843270421,0.0012711988529190421,0.0018211666028946638,0.0014074647333472967,0.009138165973126888
heavy_impact_test_031.wav,heavy_impact,heavy_impact,heavy_impact,False,False,0.9281179308891296,0.8965690843760967,0.16393725309065482,0.002829870907589793,0.9281179308891296,0.03154884651303291,0.0237870030105114,0.007382960524410009,0.0010675395606085658,0.0008845535921864212,0.0015433202497661114,0.0028379701543599367,0.002829870907589793
heavy_impact_test_032.wav,heavy_impact,heavy_impact,heavy_impact,False,False,0.7000846266746521,0.43266838788986206,0.34856624472533404,0.0037871054373681545,0.7000846266746521,0.26741623878479004,0.00922673474997282,0.01161083485931158,0.0008203759789466858,0.004083855077624321,0.0009869759669527411,0.0019831436220556498,0.0037871054373681545
heavy_impact_test_033.wav,heavy_impact,heavy_impact,heavy_impact,False,False,0.9451432228088379,0.9200451094657183,0.13951522025070304,0.0062393867410719395,0.9451432228088379,0.005370451603084803,0.02509811334311962,0.0035825720988214016,0.005957805085927248,0.0034630135633051395,0.002728779800236225,0.0024166363291442394,0.0062393867410719395
heavy_impact_test_034.wav,heavy_impact,heavy_impact,heavy_impact,False,False,0.9639023542404175,0.9493749085813761,0.09950240814555664,0.004579918924719095,0.9639023542404175,0.014527445659041405,0.006069664377719164,0.0029148932080715895,0.001621973467990756,0.0019287478644400835,0.0010679160477593541,0.0033871049527078867,0.004579918924719095
heavy_impact_test_035.wav,heavy_impact,heavy_impact,heavy_impact,False,False,0.9531876444816589,0.9376032520085573,0.12321132680644083,0.008398639969527721,0.9531876444816589,0.01062116026878357,0.015584392473101616,0.004814163316041231,0.0020525127183645964,0.001264838152565062,0.0012241110671311617,0.002852529054507613,0.008398639969527721
heavy_impact_test_036.wav,heavy_impact,heavy_impact,heavy_impact,False,False,0.9061179161071777,0.8732445426285267,0.206970690472507,0.004605116788297892,0.9061179161071777,0.03287337347865105,0.03162736818194389,0.016018254682421684,0.0029818713665008545,0.00306247198022902,0.0016149576986208558,0.0010985839180648327,0.004605116788297892
heavy_impact_test_037.wav,heavy_impact,heavy_impact,heavy_impact,False,False,0.9490940570831299,0.9356337701901793,0.13527292637262345,0.006941050291061401,0.9490940570831299,0.005546292755752802,0.012042691931128502,0.004977855831384659,0.00299696228466928,0.0015505775809288025,0.013460286892950535,0.0033902728464454412,0.006941050291061401
heavy_impact_test_038.wav,heavy_impact,heavy_impact,heavy_impact,False,False,0.794628381729126,0.7019870951771736,0.3782895376237446,0.09264128655195236,0.794628381729126,0.012550266459584236,0.03778385743498802,0.00925116054713726,0.015684347599744797,0.0031123850494623184,0.0018303310498595238,0.032517991960048676,0.09264128655195236
heavy_impact_test_039.wav,heavy_impact,heavy_impact,heavy_impact,False,False,0.9291958808898926,0.9070031270384789,0.17067952585461937,0.012033895589411259,0.9291958808898926,0.02046625316143036,0.022192753851413727,0.0029675292316824198,0.003495723009109497,0.0015435366658493876,0.001218391233123839,0.006886082701385021,0.012033895589411259
heavy_impact_test_040.wav,heavy_impact,heavy_impact,heavy_impact,False,False,0.9256390333175659,0.8967949151992798,0.17823632121335464,0.012599557638168335,0.9256390333175659,0.012205501087009907,0.028844118118286133,0.0029133351054042578,0.003835631301626563,0.002095967996865511,0.0017949817702174187,0.010071886703372002,0.012599557638168335
heavy_impact_test_041.wav,heavy_impact,heavy_impact,heavy_impact,False,False,0.9623411297798157,0.9461288955062628,0.1030883448184882,0.004148338455706835,0.9623411297798157,0.004649266134947538,0.016212234273552895,0.002450839849188924,0.002528931712731719,0.0013839107705280185,0.0024137271102517843,0.003871629713103175,0.004148338455706835
heavy_impact_test_042.wav,heavy_impact,heavy_impact,heavy_impact,False,False,0.9339266419410706,0.917270677164197,0.16795425521660057,0.009118040092289448,0.9339266419410706,0.01665596477687359,0.005351370666176081,0.0017285083886235952,0.011873772367835045,0.012127114459872246,0.0030016337987035513,0.006216970272362232,0.009118040092289448
heavy_impact_test_043.wav,heavy_impact,heavy_impact,heavy_impact,False,False,0.951031506061554,0.9251987263560295,0.12328345814526369,0.005888781975954771,0.951031506061554,0.025832779705524445,0.0033891412895172834,0.0017183423042297363,0.002984665334224701,0.0022477577440440655,0.0009734280174598098,0.005933647975325584,0.005888781975954771
heavy_impact_test_044.wav,heavy_impact,heavy_impact,heavy_impact,False,False,0.9716171622276306,0.9619379080832005,0.08231763208862397,0.0031864794436842203,0.9716171622276306,0.00967925414443016,0.005640148650854826,0.003857754170894623,0.0016307944897562265,0.001827238709665835,0.0013641852419823408,0.0011970248306170106,0.0031864794436842203
heavy_impact_test_045.wav,heavy_impact,heavy_impact,heavy_impact,False,False,0.9200828671455383,0.8710217028856277,0.17533731414829898,0.00906081311404705,0.9200828671455383,0.049061164259910583,0.006195356138050556,0.007000572979450226,0.0012814888032153249,0.0018847219180315733,0.0014684749767184258,0.003964512143284082,0.00906081311404705
heavy_impact_test_046.wav,heavy_impact,heavy_impact,heavy_impact,False,False,0.5113982558250427,0.25492316484451294,0.6246251670414612,0.038528937846422195,0.5113982558250427,0.009235169738531113,0.04360207915306091,0.005405510310083628,0.0055505442433059216,0.2564750909805298,0.018475351855158806,0.1113290935754776,0.038528937846422195
heavy_impact_test_047.wav,heavy_impact,heavy_impact,heavy_impact,False,False,0.7854917049407959,0.68673125654459,0.391004103489715,0.013853449374437332,0.7854917049407959,0.007126777432858944,0.034725598990917206,0.007392224855720997,0.0026684131007641554,0.037768613547086716,0.012212708592414856,0.0987604483962059,0.013853449374437332
heavy_impact_test_048.wav,heavy_impact,heavy_impact,heavy_impact,False,False,0.9196560978889465,0.8813213780522346,0.18861384797780997,0.006216245703399181,0.9196560978889465,0.038334719836711884,0.0043130372650921345,0.007413564715534449,0.005570020526647568,0.0025526585523039103,0.00936131551861763,0.006582317408174276,0.006216245703399181
machine_noise_test_001.wav,machine_noise,machine_noise,machine_noise,False,False,0.6348481774330139,0.5248831212520599,0.5768677102024334,0.10996505618095398,0.10455496609210968,0.076568104326725,0.021321071311831474,0.6348481774330139,0.008758347481489182,0.0060015092603862286,0.01397738978266716,0.024005431681871414,0.10996505618095398
machine_noise_test_002.wav,machine_noise,machine_noise,machine_noise,False,False,0.9132477641105652,0.8736085332930088,0.1977695365956235,0.00638559740036726,0.005088805221021175,0.019838526844978333,0.03963923081755638,0.9132477641105652,0.002414330840110779,0.004293414764106274,0.0036250418052077293,0.005467245355248451,0.00638559740036726
machine_noise_test_003.wav,machine_noise,machine_noise,machine_noise,False,False,0.7090715169906616,0.4787781983613968,0.3942203094057883,0.012624471448361874,0.006307576317340136,0.005697999615222216,0.23029331862926483,0.7090715169906616,0.012881554663181305,0.009908423759043217,0.004873311147093773,0.008341820910573006,0.012624471448361874
machine_noise_test_004.wav,machine_noise,dragging,dragging,False,False,0.7332630157470703,0.6111955344676971,0.4177193106794419,0.009251580573618412,0.021354371681809425,0.7332630157470703,0.0016709850169718266,0.12206748127937317,0.001858404604718089,0.09910045564174652,0.009262435138225555,0.002171289175748825,0.009251580573618412
machine_noise_test_005.wav,machine_noise,machine_noise,others,True,False,0.28110089898109436,0.015925496816635132,0.7039006280407205,0.17668229341506958,0.019219161942601204,0.26517540216445923,0.23487816751003265,0.28110089898109436,0.011008478701114655,0.004382510669529438,0.004494345281273127,0.003058756934478879,0.17668229341506958
machine_noise_test_006.wav,machine_noise,construction,construction,False,False,0.4997142553329468,0.250171422958374,0.6341432484969335,0.08509989082813263,0.03496166691184044,0.24954283237457275,0.4997142553329468,0.09673716127872467,0.005673286970704794,0.004261076916009188,0.02263052575290203,0.001379208522848785,0.08509989082813263
machine_noise_test_007.wav,machine_noise,construction,construction,False,False,0.8636669516563416,0.8169192932546139,0.27673059284988205,0.016302168369293213,0.016132840886712074,0.046747658401727676,0.8636669516563416,0.0466553159058094,0.0035710332449525595,0.0035159082617610693,0.0021756028290838003,0.0012325403513386846,0.016302168369293213
machine_noise_test_008.wav,machine_noise,dragging,dragging,False,False,0.5915734767913818,0.2452017366886139,0.4340691983640103,0.02736927568912506,0.00915363896638155,0.5915734767913818,0.005639264360070229,0.34637174010276794,0.005152604542672634,0.004727891180664301,0.004032182972878218,0.005979865789413452,0.02736927568912506
machine_noise_test_009.wav,machine_noise,machine_noise,machine_noise,False,False,0.6957805156707764,0.5171235352754593,0.4488800219236764,0.01627275161445141,0.0624115988612175,0.17865698039531708,0.034941691905260086,0.6957805156707764,0.0022120263893157244,0.0030481277499347925,0.002224562456831336,0.0044518341310322285,0.01627275161445141
machine_noise_test_010.wav,machine_noise,machine_noise,machine_noise,False,False,0.44733601808547974,0.2070336788892746,0.6616164722345083,0.042122140526771545,0.008961000479757786,0.02422867901623249,0.24030233919620514,0.44733601808547974,0.020338354632258415,0.19823604822158813,0.012454377487301826,0.006021059118211269,0.042122140526771545
machine_noise_test_011.wav,machine_noise,machine_noise,machine_noise,False,False,0.6604303121566772,0.43937599658966064,0.4786544496749192,0.021919304504990578,0.007677086628973484,0.04236222431063652,0.2210543155670166,0.6604303121566772,0.0029607252217829227,0.02885894849896431,0.011830078437924385,0.0029070121236145496,0.021919304504990578
machine_noise_test_012.wav,machine_noise,construction,construction,False,False,0.4291955828666687,0.21128711104393005,0.677777744199319,0.1219698116183281,0.014766543172299862,0.21790847182273865,0.4291955828666687,0.17740069329738617,0.006177231203764677,0.00523140374571085,0.023462830111384392,0.003887366969138384,0.1219698116183281
machine_noise_test_013.wav,machine_noise,machine_noise,machine_noise,False,False,0.8584221005439758,0.7633753344416618,0.2647611580913905,0.010368472896516323,0.003913667984306812,0.0048328060656785965,0.095046766102314,0.8584221005439758,0.0018905244069173932,0.010492908768355846,0.010251829400658607,0.004780968185514212,0.010368472896516323
machine_noise_test_014.wav,machine_noise,machine_noise,machine_noise,False,False,0.6288426518440247,0.31646138429641724,0.421460455872522,0.016905823722481728,0.007632501423358917,0.0025533500593155622,0.3123812675476074,0.6288426518440247,0.004347041714936495,0.014929864555597305,0.005754133686423302,0.0066534122452139854,0.016905823722481728
machine_noise_test_015.wav,machine_noise,machine_noise,machine_noise,False,False,0.6171908378601074,0.37680986523628235,0.5258563405797265,0.02950349822640419,0.009932721965014935,0.02460877224802971,0.24038097262382507,0.6171908378601074,0.021842384710907936,0.048722658306360245,0.00454350421205163,0.0032746426295489073,0.02950349822640419
machine_noise_test_016.wav,machine_noise,water_shower,water_shower,False,False,0.8576741218566895,0.7596038654446602,0.2511908904759547,0.003090467071160674,0.0022762310691177845,0.0012817311799153686,0.0019026092486456037,0.029236383736133575,0.0030371746979653835,0.09807025641202927,0.8576741218566895,0.003431086428463459,0.003090467071160674
machine_noise_test_017.wav,machine_noise,machine_noise,machine_noise,False,False,0.8543245792388916,0.7997530736029148,0.3015104882779313,0.029029138386249542,0.017855599522590637,0.05457150563597679,0.024728713557124138,0.8543245792388916,0.0033376694191247225,0.006647612899541855,0.004270115867257118,0.005235093180090189,0.029029138386249542
machine_noise_test_018.wav,machine_noise,dragging,dragging,False,False,0.5772553086280823,0.3085290789604187,0.5327228425524686,0.013168269768357277,0.020389119163155556,0.5772553086280823,0.0030205142684280872,0.2687262296676636,0.002015260746702552,0.08257462084293365,0.006005779840052128,0.02684485912322998,0.013168269768357277
machine_noise_test_019.wav,machine_noise,machine_noise,machine_noise,False,False,0.9001783132553101,0.8667532354593277,0.2242399475455845,0.00876424740999937,0.004823147784918547,0.0042331404983997345,0.03342507779598236,0.9001783132553101,0.0020377624314278364,0.03212936967611313,0.008041736669838428,0.006367230322211981,0.00876424740999937
machine_noise_test_020.wav,machine_noise,dragging,dragging,False,False,0.4804856777191162,0.116452157497406,0.5497162698199234,0.008589240722358227,0.008889338001608849,0.4804856777191162,0.00407813023775816,0.3640335202217102,0.001682925270870328,0.09510008245706558,0.01920848712325096,0.01793258637189865,0.008589240722358227
machine_noise_test_021.wav,machine_noise,machine_noise,machine_noise,False,False,0.5735551714897156,0.3747452199459076,0.5730034344539126,0.02381156012415886,0.07340339571237564,0.11248739808797836,0.19880995154380798,0.5735551714897156,0.010196136310696602,0.0035678287968039513,0.0017122873105108738,0.0024562531616538763,0.02381156012415886
machine_noise_test_022.wav,machine_noise,media_talking,media_talking,False,False,0.4538983702659607,0.21836739778518677,0.6852171192872402,0.017986871302127838,0.017390521243214607,0.1669308990240097,0.23553097248077393,0.04326103627681732,0.4538983702659607,0.04431741684675217,0.016265958547592163,0.004417989403009415,0.017986871302127838
machine_noise_test_023.wav,machine_noise,construction,construction,False,False,0.540969729423523,0.14102473855018616,0.442219334342679,0.00870539527386427,0.008294620551168919,0.005494728218764067,0.540969729423523,0.3999449908733368,0.0037366244941949844,0.020076934248209,0.008610962890088558,0.0041660829447209835,0.00870539527386427
machine_noise_test_024.wav,machine_noise,machine_noise,machine_noise,False,False,0.8598079681396484,0.8106088452041149,0.2944113701974773,0.013431265950202942,0.008914272300899029,0.012480518780648708,0.007650936953723431,0.8598079681396484,0.0020940431859344244,0.049199122935533524,0.03835146129131317,0.008070476353168488,0.013431265950202942
machine_noise_test_025.wav,machine_noise,machine_noise,machine_noise,False,False,0.8187479972839355,0.747639425098896,0.3470072963313994,0.009852499701082706,0.012476407922804356,0.01834930293262005,0.006383746862411499,0.8187479972839355,0.0018554721027612686,0.05400418862700462,0.07110857218503952,0.007221881300210953,0.009852499701082706
machine_noise_test_026.wav,machine_noise,machine_noise,machine_noise,False,False,0.9372660517692566,0.9227608880028129,0.16314505621677589,0.009478562511503696,0.008067435584962368,0.009956547990441322,0.005696099251508713,0.9372660517692566,0.001963350921869278,0.006796401459723711,0.01450516376644373,0.006270409096032381,0.009478562511503696
machine_noise_test_027.wav,machine_noise,machine_noise,machine_noise,False,False,0.7568625211715698,0.6541666463017464,0.42357757441599386,0.10269587486982346,0.00391120370477438,0.019588647410273552,0.005730875767767429,0.7568625211715698,0.01853441260755062,0.012125024572014809,0.07188758254051208,0.008663862012326717,0.10269587486982346
machine_noise_test_028.wav,machine_noise,dragging,dragging,False,False,0.6426423192024231,0.4313748776912689,0.4992897635537494,0.011688943020999432,0.007264893967658281,0.6426423192024231,0.007863643579185009,0.21126744151115417,0.014257305301725864,0.08279184252023697,0.02005707658827305,0.002166524762287736,0.011688943020999432
machine_noise_test_029.wav,machine_noise,machine_noise,machine_noise,False,False,0.9393224716186523,0.9270102363079786,0.15853901313889343,0.012312235310673714,0.002724690595641732,0.011670674197375774,0.005581470672041178,0.9393224716186523,0.011383157223463058,0.004507570527493954,0.004864105489104986,0.007633616682142019,0.012312235310673714
machine_noise_test_030.wav,machine_noise,machine_noise,machine_noise,False,False,0.7590318918228149,0.6315529495477676,0.41137937561827964,0.039227042347192764,0.008833551779389381,0.1274789422750473,0.006685815751552582,0.7590318918228149,0.01763569377362728,0.004452330060303211,0.03235873207449913,0.004295978229492903,0.039227042347192764
machine_noise_test_031.wav,machine_noise,machine_noise,machine_noise,False,False,0.8719955682754517,0.8112167455255985,0.27041059631223796,0.015387296676635742,0.00861909706145525,0.060778822749853134,0.0054730018600821495,0.8719955682754517,0.01648087240755558,0.005068959202617407,0.01169783715158701,0.004498523194342852,0.015387296676635742
machine_noise_test_032.wav,machine_noise,machine_noise,machine_noise,False,False,0.8661485314369202,0.7968663424253464,0.2744404296240668,0.014816617593169212,0.007963374257087708,0.06928218901157379,0.004973224829882383,0.8661485314369202,0.00475663784891367,0.019117001444101334,0.006650296039879322,0.0062921480275690556,0.014816617593169212
machine_noise_test_033.wav,machine_noise,machine_noise,machine_noise,False,False,0.8929258584976196,0.8524613603949547,0.2414359339356381,0.0171256922185421,0.008845196105539799,0.04046449810266495,0.009813360869884491,0.8929258584976196,0.005880861077457666,0.01732610911130905,0.0029905163682997227,0.00462797936052084,0.0171256922185421
machine_noise_test_034.wav,machine_noise,machine_noise,machine_noise,False,False,0.7447894811630249,0.6036517322063446,0.4011889725752234,0.011601869948208332,0.009765323251485825,0.1411377489566803,0.07494242489337921,0.7447894811630249,0.0021058169659227133,0.007262008264660835,0.003607084508985281,0.004788298159837723,0.011601869948208332
machine_noise_test_035.wav,machine_noise,machine_noise,machine_noise,False,False,0.758477509021759,0.5843476504087448,0.3702657060879338,0.02317279763519764,0.005331746768206358,0.17412985861301422,0.013659356161952019,0.758477509021759,0.005592480767518282,0.010794165544211864,0.0037395749241113663,0.005102536175400019,0.02317279763519764
machine_noise_test_036.wav,machine_noise,machine_noise,machine_noise,False,False,0.8753888010978699,0.8302839547395706,0.26531175974016363,0.020020488649606705,0.004567979834973812,0.016741758212447166,0.045104846358299255,0.8753888010978699,0.002747768070548773,0.002631438197568059,0.029184410348534584,0.003612484084442258,0.020020488649606705
machine_noise_test_037.wav,machine_noise,machine_noise,machine_noise,False,False,0.4783830940723419,0.09227165579795837,0.5406821926319493,0.02923295833170414,0.017282823100686073,0.0623144656419754,0.38611143827438354,0.4783830940723419,0.0037284705322235823,0.0015638502081856132,0.018581315875053406,0.002801591297611594,0.02923295833170414
machine_noise_test_038.wav,machine_noise,machine_noise,machine_noise,False,False,0.8188165426254272,0.7583953812718391,0.3510114401442191,0.024978693574666977,0.00494329072535038,0.060421161353588104,0.047408852726221085,0.8188165426254272,0.0023611888755112886,0.007195913698524237,0.030675716698169708,0.003198623191565275,0.024978693574666977
machine_noise_test_039.wav,machine_noise,machine_noise,machine_noise,False,False,0.9032699465751648,0.8583458140492439,0.21527184381229905,0.010329329408705235,0.004755743313580751,0.018213799223303795,0.04492413252592087,0.9032699465751648,0.0017664650222286582,0.003821992315351963,0.009530627168715,0.0033879855182021856,0.010329329408705235
machine_noise_test_040.wav,machine_noise,machine_noise,machine_noise,False,False,0.9092865586280823,0.8788032177835703,0.21216700879187725,0.010432672686874866,0.004350041504949331,0.021224932745099068,0.01051358412951231,0.9092865586280823,0.0019070346606895328,0.030483340844511986,0.005033877212554216,0.006767850369215012,0.010432672686874866
machine_noise_test_041.wav,machine_noise,machine_noise,machine_noise,False,False,0.798564076423645,0.6876624226570129,0.3544139288371621,0.013007421046495438,0.0058831688947975636,0.009364000521600246,0.046379368752241135,0.798564076423645,0.0029564881697297096,0.11090165376663208,0.00564836198464036,0.007295378018170595,0.013007421046495438
machine_noise_test_042.wav,machine_noise,machine_noise,machine_noise,False,False,0.7345903515815735,0.6150141060352325,0.43639218555371256,0.01193702220916748,0.01162510272115469,0.08109162002801895,0.028542527928948402,0.7345903515815735,0.0025336602702736855,0.11957624554634094,0.004260900896042585,0.005842532031238079,0.01193702220916748
machine_noise_test_043.wav,machine_noise,machine_noise,others,True,False,0.462607741355896,0.27826163172721863,0.7009463627819145,0.18434610962867737,0.013402732089161873,0.09231416881084442,0.1478978544473648,0.462607741355896,0.007917795330286026,0.07516812533140182,0.0077414438128471375,0.00860396958887577,0.18434610962867737
machine_noise_test_044.wav,machine_noise,machine_noise,machine_noise,False,False,0.9067983627319336,0.8733720816671848,0.21332593886227605,0.009187508374452591,0.004559159744530916,0.006876448635011911,0.026404254138469696,0.9067983627319336,0.0022909333929419518,0.033426281064748764,0.003945033065974712,0.006512010935693979,0.009187508374452591
machine_noise_test_045.wav,machine_noise,machine_noise,machine_noise,False,False,0.7777860760688782,0.6741698682308197,0.38771221256600136,0.014329577796161175,0.006543296854943037,0.022291261702775955,0.06267496198415756,0.7777860760688782,0.003090559272095561,0.10361620783805847,0.004583267029374838,0.0050848196260631084,0.014329577796161175
machine_noise_test_046.wav,machine_noise,construction,others,True,False,0.4001574218273163,0.053517311811447144,0.603730408211709,0.1898069977760315,0.015652403235435486,0.019873959943652153,0.4001574218273163,0.34664011001586914,0.013112220913171768,0.00502311997115612,0.0028783492743968964,0.006855437997728586,0.1898069977760315
machine_noise_test_047.wav,machine_noise,machine_noise,machine_noise,False,False,0.5933781266212463,0.36878518760204315,0.546128583439826,0.011093975976109505,0.011057993397116661,0.04031551256775856,0.003966058604419231,0.5933781266212463,0.0026658158749341965,0.22459293901920319,0.09928987920284271,0.013639761134982109,0.011093975976109505
machine_noise_test_048.wav,machine_noise,machine_noise,machine_noise,False,False,0.7311840653419495,0.5822311192750931,0.43485333844675333,0.050547413527965546,0.005462411791086197,0.14895294606685638,0.00775868771597743,0.7311840653419495,0.01908770576119423,0.026893198490142822,0.003660415066406131,0.0064531718380749226,0.050547413527965546
media_talking_test_001.wav,media_talking,media_talking,media_talking,False,False,0.9035567045211792,0.8669422976672649,0.21742087755702139,0.011115141212940216,0.004903209395706654,0.007092800457030535,0.0022168464493006468,0.004372987896203995,0.9035567045211792,0.003580033080652356,0.03661440685391426,0.026547836139798164,0.011115141212940216
media_talking_test_002.wav,media_talking,media_talking,media_talking,False,False,0.9080405235290527,0.8778127990663052,0.21239211065331093,0.022617172449827194,0.0032764633651822805,0.030227724462747574,0.0016299915732815862,0.003359002759680152,0.9080405235290527,0.015494883991777897,0.008389613591134548,0.006964680273085833,0.022617172449827194
media_talking_test_003.wav,media_talking,media_talking,media_talking,False,False,0.909058153629303,0.8828689586371183,0.21460931515939538,0.016069011762738228,0.00397882517427206,0.009731057099997997,0.02618919499218464,0.0021120107267051935,0.909058153629303,0.0035444945096969604,0.01802033558487892,0.011296933516860008,0.016069011762738228
media_talking_test_004.wav,media_talking,media_talking,media_talking,False,False,0.926361083984375,0.9020312316715717,0.18126625791617962,0.00970770139247179,0.004273533821105957,0.02432985231280327,0.003307393752038479,0.002493673237040639,0.926361083984375,0.008096355944871902,0.014459784142673016,0.006970652844756842,0.00970770139247179
media_talking_test_005.wav,media_talking,media_talking,media_talking,False,False,0.95476233959198,0.9425004348158836,0.1239246647852622,0.012261904776096344,0.0033536695409566164,0.0051368772983551025,0.005828225519508123,0.002487333957105875,0.95476233959198,0.0028902690391987562,0.00836540013551712,0.004913926124572754,0.012261904776096344
media_talking_test_006.wav,media_talking,media_talking,media_talking,False,False,0.8954483866691589,0.8362547494471073,0.22292601240935875,0.05919363722205162,0.002381423255428672,0.010177389718592167,0.0048762233927845955,0.0034285534638911486,0.8954483866691589,0.00689319521188736,0.010905128903687,0.006695994175970554,0.05919363722205162
media_talking_test_007.wav,media_talking,media_talking,media_talking,False,False,0.8865562677383423,0.8450812697410583,0.2496396190917556,0.013238710351288319,0.006840279325842857,0.041474997997283936,0.009534502401947975,0.0016785003244876862,0.8865562677383423,0.028477676212787628,0.007273801602423191,0.004925306886434555,0.013238710351288319
media_talking_test_008.wav,media_talking,media_talking,media_talking,False,False,0.937454879283905,0.9207563977688551,0.15958604333240456,0.013753087259829044,0.0036383417900651693,0.01146050076931715,0.0037816318217664957,0.0018311279127374291,0.937454879283905,0.004378390498459339,0.016698481515049934,0.007003621198236942,0.013753087259829044
media_talking_test_009.wav,media_talking,media_talking,media_talking,False,False,0.8990855813026428,0.8325739353895187,0.20742419015538446,0.06651164591312408,0.0026004069950431585,0.007384500931948423,0.005286497995257378,0.002545650815591216,0.8990855813026428,0.002954944269731641,0.006560702808201313,0.007070049177855253,0.06651164591312408
media_talking_test_010.wav,media_talking,media_talking,media_talking,False,False,0.6600309610366821,0.4672311693429947,0.4837407534607821,0.027784761041402817,0.010372997261583805,0.19279979169368744,0.002684523817151785,0.0039954339154064655,0.6600309610366821,0.08717164397239685,0.006042586173862219,0.009117375127971172,0.027784761041402817
media_talking_test_011.wav,media_talking,media_talking,media_talking,False,False,0.9475655555725098,0.9322830652818084,0.13847094347234443,0.01131422258913517,0.002970667788758874,0.01528249029070139,0.0025108973495662212,0.0030259620398283005,0.9475655555725098,0.003806143067777157,0.006274341139942408,0.007249758113175631,0.01131422258913517
media_talking_test_012.wav,media_talking,media_talking,media_talking,False,False,0.7612248659133911,0.6449675336480141,0.4056653745593734,0.06065491586923599,0.005754772108048201,0.11625733226537704,0.0024487124755978584,0.00552143482491374,0.7612248659133911,0.028157787397503853,0.005413876846432686,0.014566309750080109,0.06065491586923599
media_talking_test_013.wav,media_talking,media_talking,media_talking,False,False,0.941769003868103,0.9244315773248672,0.150577669207061,0.01733742654323578,0.004008125513792038,0.008050410076975822,0.0016734837554395199,0.0023240242153406143,0.941769003868103,0.008173815906047821,0.005843403283506632,0.010820326395332813,0.01733742654323578
media_talking_test_014.wav,media_talking,media_talking,media_talking,False,False,0.9256130456924438,0.905053898692131,0.18513376180660343,0.014697825536131859,0.004403603263199329,0.020559147000312805,0.0069841621443629265,0.0036477246321737766,0.9256130456924438,0.008460808545351028,0.01160675473511219,0.004026905633509159,0.014697825536131859
media_talking_test_015.wav,media_talking,media_talking,media_talking,False,False,0.8540175557136536,0.7867785394191742,0.29798920938840867,0.015942731872200966,0.004902290645986795,0.06723901629447937,0.004067906178534031,0.010922624729573727,0.8540175557136536,0.025993971154093742,0.011211187578737736,0.0057027568109333515,0.015942731872200966
media_talking_test_016.wav,media_talking,media_talking,media_talking,False,False,0.9482348561286926,0.9351036064326763,0.13727625969582732,0.010640119202435017,0.002473514061421156,0.005969363730400801,0.002236319473013282,0.003477652557194233,0.9482348561286926,0.003676869673654437,0.013131249696016312,0.010160006582736969,0.010640119202435017
media_talking_test_017.wav,media_talking,media_talking,media_talking,False,False,0.9423073530197144,0.928427591919899,0.15144701595969595,0.009959724731743336,0.0023699451703578234,0.008121314458549023,0.0030185459181666374,0.003964525181800127,0.9423073530197144,0.013879761099815369,0.00891205295920372,0.0074667916633188725,0.009959724731743336
media_talking_test_018.wav,media_talking,media_talking,media_talking,False,False,0.9411031007766724,0.9208818413317204,0.15059511202423403,0.02022125944495201,0.004678503610193729,0.010172196663916111,0.0026313115376979113,0.0017502852715551853,0.9411031007766724,0.004519651178270578,0.00459526851773262,0.010328471660614014,0.02022125944495201
media_talking_test_019.wav,media_talking,media_talking,media_talking,False,False,0.657429575920105,0.5409282669425011,0.5415252530862317,0.11650130897760391,0.004697107709944248,0.01883179321885109,0.04788011312484741,0.006398510187864304,0.657429575920105,0.022809773683547974,0.11362268775701523,0.01182909682393074,0.11650130897760391
media_talking_test_020.wav,media_talking,media_talking,media_talking,False,False,0.9431750178337097,0.9282462783157825,0.1476228478397759,0.01492873951792717,0.004798021633177996,0.005308286752551794,0.0016518384218215942,0.002918828744441271,0.9431750178337097,0.004261398687958717,0.013738293200731277,0.009219578467309475,0.01492873951792717
media_talking_test_021.wav,media_talking,media_talking,media_talking,False,False,0.6088077425956726,0.4531027674674988,0.5680101771111344,0.13987639546394348,0.008307987824082375,0.02634282596409321,0.01927882619202137,0.003561127232387662,0.6088077425956726,0.013654055073857307,0.15570497512817383,0.0244661383330822,0.13987639546394348
media_talking_test_022.wav,media_talking,media_talking,media_talking,False,False,0.920800507068634,0.8840077817440033,0.18604219891623114,0.013416958972811699,0.0038752108812332153,0.03679272532463074,0.0038978259544819593,0.002981567522510886,0.920800507068634,0.006161388475447893,0.006751011125743389,0.00532271433621645,0.013416958972811699
media_talking_test_023.wav,media_talking,media_talking,media_talking,False,False,0.9576863646507263,0.9469563961029053,0.11696834451133833,0.010729968547821045,0.0030485778115689754,0.007937696762382984,0.002717235591262579,0.0020367864053696394,0.9576863646507263,0.002955094911158085,0.006226660218089819,0.006661653984338045,0.010729968547821045
media_talking_test_024.wav,media_talking,media_talking,media_talking,False,False,0.9504877924919128,0.9370454838499427,0.13221667624420308,0.013442308641970158,0.0038883257657289505,0.005178568419069052,0.0022177668288350105,0.0027604035567492247,0.9504877924919128,0.003585308324545622,0.012140737846493721,0.006298864260315895,0.013442308641970158
media_talking_test_025.wav,media_talking,media_talking,media_talking,False,False,0.7899506688117981,0.695683091878891,0.3570751656183583,0.08194085210561752,0.003260012250393629,0.005177807062864304,0.0942675769329071,0.010065509006381035,0.7899506688117981,0.007836228236556053,0.0015259336214512587,0.005975418724119663,0.08194085210561752
media_talking_test_026.wav,media_talking,media_talking,others,True,False,0.5998117327690125,0.4047587513923645,0.5280712799610304,0.14831222593784332,0.0039212326519191265,0.02385004423558712,0.19505298137664795,0.004896300844848156,0.5998117327690125,0.012172335758805275,0.006278613116592169,0.0057045347057282925,0.14831222593784332
media_talking_test_027.wav,media_talking,media_talking,media_talking,False,False,0.916586697101593,0.8979043196886778,0.2024166638828505,0.01642964594066143,0.010173850692808628,0.011060663498938084,0.01868237741291523,0.004072078503668308,0.916586697101593,0.016553057357668877,0.001746468711644411,0.004695114213973284,0.01642964594066143
media_talking_test_028.wav,media_talking,media_talking,media_talking,False,False,0.8655799627304077,0.8023772984743118,0.27314995955293386,0.03001375123858452,0.003667975077405572,0.011757304891943932,0.06320266425609589,0.0022673343773931265,0.8655799627304077,0.015419406816363335,0.0035023102536797523,0.0045891935005784035,0.03001375123858452
media_talking_test_029.wav,media_talking,media_talking,media_talking,False,False,0.9063730239868164,0.8641289100050926,0.21042043482255018,0.01987931877374649,0.005185458809137344,0.004516042768955231,0.009968072175979614,0.0028341677971184254,0.9063730239868164,0.042244113981723785,0.002241046167910099,0.006758701987564564,0.01987931877374649
media_talking_test_030.wav,media_talking,media_talking,media_talking,False,False,0.5901079773902893,0.34450310468673706,0.5141163209142869,0.11759982258081436,0.009465144015848637,0.00890534371137619,0.24560487270355225,0.013618682511150837,0.5901079773902893,0.004982064478099346,0.0026779104955494404,0.007038205396384001,0.11759982258081436
media_talking_test_031.wav,media_talking,media_talking,media_talking,False,False,0.9122166037559509,0.8908019792288542,0.21172383102491632,0.010759681463241577,0.008444306440651417,0.010190493427217007,0.018897688016295433,0.002615957520902157,0.9122166037559509,0.02141462452709675,0.011976344510912895,0.0034843306057155132,0.010759681463241577
media_talking_test_032.wav,media_talking,construction,construction,False,False,0.795463502407074,0.7149496674537659,0.37727858666326636,0.05169527232646942,0.010410347953438759,0.007497116923332214,0.795463502407074,0.0093755554407835,0.0805138349533081,0.004363633692264557,0.03832577168941498,0.0023549748584628105,0.05169527232646942
media_talking_test_033.wav,media_talking,media_talking,media_talking,False,False,0.8926154375076294,0.8439517691731453,0.23396853640582,0.019241951406002045,0.008569485507905483,0.004978016018867493,0.0486636683344841,0.0016899064648896456,0.8926154375076294,0.015632178634405136,0.005470639560371637,0.0031387805938720703,0.019241951406002045
media_talking_test_034.wav,media_talking,construction,others,True,False,0.4296984076499939,0.042803287506103516,0.552322058516669,0.14039559662342072,0.005318857729434967,0.005167196039110422,0.4296984076499939,0.006212836131453514,0.3868951201438904,0.014452191069722176,0.003431003075093031,0.00842873565852642,0.14039559662342072
media_talking_test_035.wav,media_talking,media_talking,media_talking,False,False,0.8643102049827576,0.8257713317871094,0.28607801682038453,0.03026389889419079,0.007043184246867895,0.014810939319431782,0.03853887319564819,0.0032437469344586134,0.8643102049827576,0.035122331231832504,0.002288090530782938,0.004378756042569876,0.03026389889419079
media_talking_test_036.wav,media_talking,construction,construction,False,False,0.6943097710609436,0.575024850666523,0.48960940693135785,0.11928492039442062,0.005989891942590475,0.01709930971264839,0.6943097710609436,0.006706111133098602,0.09242130070924759,0.052325159311294556,0.007122811861336231,0.004740774631500244,0.11928492039442062
media_talking_test_037.wav,media_talking,media_talking,media_talking,False,False,0.8074411153793335,0.7141249030828476,0.33749032709288523,0.0933162122964859,0.00526157021522522,0.004825808107852936,0.06645845621824265,0.005130395293235779,0.8074411153793335,0.010410832241177559,0.0018280448857694864,0.005327579099684954,0.0933162122964859
media_talking_test_038.wav,media_talking,construction,others,True,False,0.47035443782806396,0.16314160823822021,0.554442595092744,0.1852940320968628,0.0053394511342048645,0.007493088021874428,0.47035443782806396,0.007064423989504576,0.30721282958984375,0.005254537798464298,0.006103802006691694,0.005883421283215284,0.1852940320968628
media_talking_test_039.wav,media_talking,media_talking,media_talking,False,False,0.9171038269996643,0.8931584991514683,0.19938390594676583,0.015456609427928925,0.007445812225341797,0.010948059149086475,0.02394532784819603,0.0031618422362953424,0.9171038269996643,0.015718890354037285,0.002031269483268261,0.004188362509012222,0.015456609427928925
media_talking_test_040.wav,media_talking,construction,others,True,False,0.44514918327331543,0.09590139985084534,0.5555648491307665,0.16690777242183685,0.007496694102883339,0.004660717211663723,0.44514918327331543,0.006368834991008043,0.3492477834224701,0.007140781730413437,0.008433652110397816,0.004594570025801659,0.16690777242183685
media_talking_test_041.wav,media_talking,construction,construction,False,False,0.8555845618247986,0.8002685680985451,0.2946405140181004,0.05531599372625351,0.006372030824422836,0.006277569103986025,0.8555845618247986,0.007033557631075382,0.043949928134679794,0.013907385990023613,0.008610598742961884,0.0029482878744602203,0.05531599372625351
media_talking_test_042.wav,media_talking,media_talking,media_talking,False,False,0.9083291292190552,0.877811323851347,0.21255533527373108,0.014656204730272293,0.00797177106142044,0.006297340616583824,0.030517805367708206,0.0024716174229979515,0.9083291292190552,0.02252878248691559,0.00322267459705472,0.0040046172216534615,0.014656204730272293
media_talking_test_043.wav,media_talking,media_talking,others,True,False,0.5786834955215454,0.3851959854364395,0.5247719019182814,0.1934875100851059,0.004685099236667156,0.004442941397428513,0.18490834534168243,0.005143729504197836,0.5786834955215454,0.014992239885032177,0.004532487131655216,0.009124101139605045,0.1934875100851059
media_talking_test_044.wav,media_talking,media_talking,media_talking,False,False,0.7750362157821655,0.6683457419276237,0.37268580880715313,0.08151478320360184,0.0026568558532744646,0.0019448852399364114,0.10669047385454178,0.004287789575755596,0.7750362157821655,0.00798090174794197,0.004397855140268803,0.015490328893065453,0.08151478320360184
media_talking_test_045.wav,media_talking,media_talking,others,True,False,0.4483646750450134,0.12316974997520447,0.593814098830731,0.162291020154953,0.010049141012132168,0.019148973748087883,0.32519492506980896,0.003909776918590069,0.4483646750450134,0.008802578784525394,0.013858030550181866,0.008380912244319916,0.162291020154953
media_talking_test_046.wav,media_talking,media_talking,others,True,False,0.5523462295532227,0.3053586184978485,0.544448213506752,0.1481330245733261,0.013309109956026077,0.014773696660995483,0.24698761105537415,0.006969056092202663,0.5523462295532227,0.004534762818366289,0.0016960036009550095,0.011250472627580166,0.1481330245733261
media_talking_test_047.wav,media_talking,media_talking,media_talking,False,False,0.8103535771369934,0.7032483890652657,0.3275372060433166,0.05355020612478256,0.0037356384564191103,0.004440199118107557,0.10710518807172775,0.0028920555487275124,0.8103535771369934,0.0070733134634792805,0.0043548885732889175,0.006494949106127024,0.05355020612478256
media_talking_test_048.wav,media_talking,construction,construction,False,False,0.6093451976776123,0.34755033254623413,0.49855738225042495,0.06250501424074173,0.00566240306943655,0.002365594496950507,0.6093451976776123,0.01111763808876276,0.2617948651313782,0.03627868741750717,0.002720980206504464,0.00820966251194477,0.06250501424074173
others_test_001.wav,others,dragging,others,True,False,0.48672154545783997,0.30278678238391876,0.7157247964135797,0.1839347630739212,0.12142978608608246,0.48672154545783997,0.016352714970707893,0.04775574430823326,0.019695734605193138,0.01022048108279705,0.07855183631181717,0.0353374220430851,0.1839347630739212
others_test_002.wav,others,heavy_impact,others,True,False,0.2985362410545349,0.09231679141521454,0.8461048362420879,0.20621944963932037,0.2985362410545349,0.01379619911313057,0.10596515238285065,0.16702130436897278,0.029955772683024406,0.06711427122354507,0.09535850584506989,0.016033068299293518,0.20621944963932037
others_test_003.wav,others,water_shower,water_shower,False,False,0.8663763999938965,0.8131391033530235,0.2658417989388323,0.053237296640872955,0.002595905913040042,0.0024829490575939417,0.006488924380391836,0.008478864096105099,0.05120282620191574,0.0068487669341266155,0.8663763999938965,0.0022880195174366236,0.053237296640872955
others_test_004.wav,others,water_shower,water_shower,False,False,0.6739889979362488,0.5754703730344772,0.5583793005797594,0.09851862490177155,0.05199769139289856,0.028771113604307175,0.050091758370399475,0.00709348451346159,0.04880071431398392,0.03631696105003357,0.6739889979362488,0.004420638550072908,0.09851862490177155
others_test_005.wav,others,others,others,False,False,0.29465535283088684,0.08674588799476624,0.8335519216164505,0.29465535283088684,0.05027724802494049,0.2079094648361206,0.013713796623051167,0.007383052725344896,0.040216393768787384,0.08854804188013077,0.18901635706424713,0.10828030854463577,0.29465535283088684
others_test_006.wav,others,dragging,others,True,False,0.24927204847335815,0.047899842262268066,0.8205562361324954,0.2013722062110901,0.007481231354176998,0.24927204847335815,0.015278404578566551,0.02099563740193844,0.17197678983211517,0.1461763083934784,0.17145948112010956,0.015987882390618324,0.2013722062110901
others_test_007.wav,others,media_talking,others,True,False,0.29525238275527954,0.04887264966964722,0.7329963321750592,0.24637973308563232,0.002295837504789233,0.006868437863886356,0.17361779510974884,0.05213865265250206,0.29525238275527954,0.006700414698570967,0.20878681540489197,0.007959887385368347,0.24637973308563232
others_test_008.wav,others,water_shower,others,True,False,0.43663808703422546,0.08624476194381714,0.6473844897834552,0.3503933250904083,0.006978774443268776,0.06425158679485321,0.011263085529208183,0.013687828555703163,0.05490041524171829,0.02407218888401985,0.43663808703422546,0.03781471401453018,0.3503933250904083
others_test_009.wav,others,machine_noise,others,True,False,0.6702565550804138,0.4877369999885559,0.4779084504956681,0.1825195550918579,0.009072053246200085,0.010888763703405857,0.0909278467297554,0.6702565550804138,0.020561272278428078,0.0074082473292946815,0.005556957330554724,0.0028087771497666836,0.1825195550918579
others_test_010.wav,others,water_shower,others,True,False,0.38587379455566406,0.01111072301864624,0.6610837474387943,0.3747630715370178,0.012435359880328178,0.10050145536661148,0.03298061713576317,0.03205394372344017,0.049051202833652496,0.009290296584367752,0.38587379455566406,0.0030502439476549625,0.3747630715370178
others_test_011.wav,others,water_shower,others,True,False,0.5738619565963745,0.3308679014444351,0.5610253461049417,0.2429940551519394,0.006943730637431145,0.00926594901829958,0.0681900903582573,0.011227456852793694,0.07449815422296524,0.005373260471969843,0.5738619565963745,0.007645369507372379,0.2429940551519394
others_test_012.wav,others,construction,others,True,False,0.4048202931880951,0.185713991522789,0.7130400674400478,0.20180822908878326,0.01478602271527052,0.03268071636557579,0.4048202931880951,0.04059550166130066,0.2191063016653061,0.0035877858754247427,0.07907649129629135,0.0035386139061301947,0.20180822908878326
others_test_013.wav,others,construction,others,True,False,0.55461585521698,0.18414095044136047,0.46448811515164035,0.3704749047756195,0.010196734219789505,0.005438361782580614,0.55461585521698,0.016663962975144386,0.02494490146636963,0.0060419803485274315,0.007220625411719084,0.004402670543640852,0.3704749047756195
others_test_014.wav,others,construction,construction,False,False,0.4568418562412262,0.13925933837890625,0.602184155367443,0.12856586277484894,0.010154256597161293,0.0017149413470178843,0.4568418562412262,0.06282215565443039,0.31758251786231995,0.0021638988982886076,0.011020311154425144,0.009134240448474884,0.12856586277484894
others_test_015.wav,others,others,others,False,False,0.3978021740913391,0.12785345315933228,0.6284545029011503,0.3978021740913391,0.020043225958943367,0.017537463456392288,0.26994872093200684,0.007501684129238129,0.26030969619750977,0.013155480846762657,0.009339389391243458,0.004362141713500023,0.3978021740913391
others_test_016.wav,others,construction,others,True,False,0.5425471663475037,0.195855975151062,0.5127271348063069,0.34669119119644165,0.006546579767018557,0.003493169555440545,0.5425471663475037,0.013486752286553383,0.041007690131664276,0.02255845069885254,0.019047556445002556,0.0046214996837079525,0.34669119119644165
others_test_017.wav,others,others,others,False,False,0.3565613627433777,0.060659199953079224,0.687507146876841,0.3565613627433777,0.007365360856056213,0.06687583029270172,0.29590216279029846,0.0075057502835989,0.21482397615909576,0.03193340077996254,0.008263538591563702,0.010768638923764229,0.3565613627433777
others_test_018.wav,others,construction,others,True,False,0.6301802396774292,0.3767314553260803,0.47896039072014085,0.2534487843513489,0.009146010503172874,0.007140742614865303,0.6301802396774292,0.009458704851567745,0.06749220937490463,0.00518803158774972,0.013697564601898193,0.004247709643095732,0.2534487843513489
others_test_019.wav,others,construction,others,True,False,0.7116347551345825,0.5486713647842407,0.45979841165671026,0.1629633903503418,0.007519959472119808,0.031933873891830444,0.7116347551345825,0.013028626330196857,0.04150896891951561,0.02002934366464615,0.0055678850039839745,0.00581322843208909,0.1629633903503418
others_test_020.wav,others,construction,others,True,False,0.6398157477378845,0.35351845622062683,0.441231984083508,0.2862972915172577,0.016889169812202454,0.01280479971319437,0.6398157477378845,0.012156562879681587,0.017919251695275307,0.003711237106472254,0.004148046486079693,0.0062579503282904625,0.2862972915172577
others_test_021.wav,others,construction,others,True,False,0.7159718871116638,0.4950153976678848,0.38802328066012765,0.220956489443779,0.0072418274357914925,0.008046960458159447,0.7159718871116638,0.013019592501223087,0.024645164608955383,0.002851654775440693,0.003204426961019635,0.0040619829669594765,0.220956489443779
others_test_022.wav,others,construction,others,True,False,0.5741100311279297,0.2934422791004181,0.5386520440291567,0.2806677520275116,0.06684235483407974,0.006109828129410744,0.5741100311279297,0.01716429367661476,0.02595101110637188,0.010573789477348328,0.014596981927752495,0.003983946517109871,0.2806677520275116
others_test_023.wav,others,construction,others,True,False,0.5829329490661621,0.2631341814994812,0.48001178839975595,0.3197987675666809,0.00854832399636507,0.008461813442409039,0.5829329490661621,0.009637554176151752,0.05050353705883026,0.0044363709166646,0.010837597772479057,0.004843088332563639,0.3197987675666809
others_test_024.wav,others,construction,construction,False,False,0.7656872868537903,0.6761363223195076,0.39941398281897755,0.08955096453428268,0.009957700036466122,0.003684791037812829,0.7656872868537903,0.03034360520541668,0.08640234917402267,0.0016799622680991888,0.00984745193272829,0.0028459078166633844,0.08955096453428268
others_test_025.wav,others,heavy_impact,heavy_impact,False,False,0.6715567111968994,0.5683413073420525,0.5266473709821616,0.07893478870391846,0.6715567111968994,0.10321540385484695,0.09174226969480515,0.011781495064496994,0.00407495629042387,0.009697325527668,0.005066658835858107,0.023930437862873077,0.07893478870391846
others_test_026.wav,others,heavy_impact,heavy_impact,False,False,0.8371298313140869,0.7111198008060455,0.2705250461499565,0.011258618906140327,0.8371298313140869,0.12601003050804138,0.009391780942678452,0.004627640824764967,0.0021959610749036074,0.002143486635759473,0.001069280318915844,0.006173399277031422,0.011258618906140327
others_test_027.wav,others,machine_noise,machine_noise,False,False,0.4068284034729004,0.05058932304382324,0.6337359058178195,0.10882746428251266,0.07641364634037018,0.35623908042907715,0.023443730548024178,0.4068284034729004,0.00843864493072033,0.014487220905721188,0.0033577855210751295,0.0019640359096229076,0.10882746428251266
others_test_028.wav,others,machine_noise,machine_noise,False,False,0.6398946046829224,0.47681863605976105,0.5463166294874829,0.08489415049552917,0.03248700127005577,0.16307596862316132,0.024612678214907646,0.6398946046829224,0.008185391314327717,0.03989246487617493,0.00424870615825057,0.0027091128285974264,0.08489415049552917
others_test_029.wav,others,dog_bark,dog_bark,False,False,0.7199984192848206,0.5394147038459778,0.4196450465243822,0.04819827526807785,0.18058371543884277,0.024017473682761192,0.0074967555701732635,0.005595502909272909,0.0060955011285841465,0.005086418706923723,0.0029280183371156454,0.7199984192848206,0.04819827526807785
others_test_030.wav,others,heavy_impact,heavy_impact,False,False,0.4602794647216797,0.1831769347190857,0.6395121638991396,0.13088718056678772,0.4602794647216797,0.277102530002594,0.007955269888043404,0.007792604621499777,0.008736065588891506,0.021196067333221436,0.0038703689351677895,0.0821804627776146,0.13088718056678772
others_test_031.wav,others,media_talking,others,True,False,0.4380919337272644,0.022199898958206177,0.5531275206123172,0.4158920347690582,0.005185338668525219,0.05066990852355957,0.009018849581480026,0.008564231917262077,0.4380919337272644,0.004027520306408405,0.006426920183002949,0.06212325766682625,0.4158920347690582
others_test_032.wav,others,media_talking,others,True,False,0.44617629051208496,0.014209896326065063,0.5369398809674252,0.4319663941860199,0.0044236136600375175,0.048011064529418945,0.01865742728114128,0.008498906157910824,0.44617629051208496,0.005331468302756548,0.011364564299583435,0.025570226833224297,0.4319663941860199
others_test_033.wav,others,others,others,False,False,0.4306009113788605,0.22283191978931427,0.7345268512184537,0.4306009113788605,0.009773319587111473,0.10241921246051788,0.09346211701631546,0.0761512815952301,0.07314468920230865,0.00509995874017477,0.0015795245999470353,0.2077689915895462,0.4306009113788605
others_test_034.wav,others,others,others,False,False,0.43545106053352356,0.20722495019435883,0.7377393678294951,0.43545106053352356,0.02164124883711338,0.22822611033916473,0.026157744228839874,0.04786258935928345,0.0966944545507431,0.10519076138734818,0.0024840920232236385,0.03629188612103462,0.43545106053352356
others_test_035.wav,others,dragging,others,True,False,0.3060818910598755,0.07571247220039368,0.8103690883585849,0.2303694188594818,0.020785914734005928,0.3060818910598755,0.013102243654429913,0.026357851922512054,0.1224324107170105,0.17268387973308563,0.016286751255393028,0.09189964830875397,0.2303694188594818
others_test_036.wav,others,others,others,False,False,0.4053193926811218,0.10389536619186401,0.6328036509889415,0.4053193926811218,0.004331681411713362,0.011699460446834564,0.040180303156375885,0.02059098333120346,0.3014240264892578,0.0025483404751867056,0.00767249520868063,0.20623335242271423,0.4053193926811218
others_test_037.wav,others,others,others,False,False,0.41346994042396545,0.22671839594841003,0.7395596058268679,0.41346994042396545,0.010526581667363644,0.18675154447555542,0.012643979862332344,0.0954873338341713,0.08657021075487137,0.00560787646099925,0.019734850153326988,0.1692076176404953,0.41346994042396545
others_test_038.wav,others,others,others,False,False,0.4106600284576416,0.18075834214687347,0.695685468060864,0.4106600284576416,0.011550984345376492,0.22990168631076813,0.023602860048413277,0.01982038840651512,0.19135354459285736,0.00902752298861742,0.0028386376798152924,0.10124434530735016,0.4106600284576416
others_test_039.wav,others,construction,construction,False,False,0.48035895824432373,0.13748282194137573,0.5668739796702706,0.08728650212287903,0.01260778121650219,0.060379259288311005,0.48035895824432373,0.342876136302948,0.006520547904074192,0.0024065228644758463,0.0022139984648674726,0.005350266583263874,0.08728650212287903
others_test_040.wav,others,media_talking,media_talking,False,False,0.6213613152503967,0.31861644983291626,0.44190473970697813,0.03716371953487396,0.005481500644236803,0.007714740000665188,0.30274486541748047,0.008341808803379536,0.6213613152503967,0.002885277383029461,0.003168809460476041,0.011137999594211578,0.03716371953487396
others_test_041.wav,others,media_talking,others,True,False,0.4352993667125702,0.22733506560325623,0.743235998291189,0.20796430110931396,0.029634784907102585,0.018578365445137024,0.10756327956914902,0.03951042518019676,0.4352993667125702,0.11509037762880325,0.0017295974539592862,0.04462949186563492,0.20796430110931396
others_test_042.wav,others,water_toilet,others,True,False,0.2976306080818176,0.08144538104534149,0.778372668142889,0.14469988644123077,0.005719843786209822,0.20674271881580353,0.022806426510214806,0.21618522703647614,0.08711478859186172,0.2976306080818176,0.0033549575600773096,0.015745555981993675,0.14469988644123077
others_test_043.wav,others,dragging,dragging,False,False,0.6371502876281738,0.3487396240234375,0.43789183379470753,0.008454191498458385,0.28841066360473633,0.6371502876281738,0.0027022049762308598,0.00842105783522129,0.0016471520066261292,0.029018452391028404,0.010182268917560577,0.014013725332915783,0.008454191498458385
others_test_044.wav,others,construction,construction,False,False,0.8275979161262512,0.7616259977221489,0.3327286278953467,0.06597191840410233,0.006016251631081104,0.04305176064372063,0.8275979161262512,0.03094375506043434,0.017713291570544243,0.0025941012427210808,0.0014611183432862163,0.004649866838008165,0.06597191840410233
others_test_045.wav,others,machine_noise,machine_noise,False,False,0.4869425892829895,0.12770387530326843,0.5506503693013173,0.03686652332544327,0.017780588939785957,0.08125579357147217,0.35923871397972107,0.4869425892829895,0.0033166008070111275,0.00342926406301558,0.008758258074522018,0.0024116470012813807,0.03686652332544327
others_test_046.wav,others,construction,construction,False,False,0.5504741072654724,0.33797942101955414,0.6090701347005743,0.10512945801019669,0.030558524653315544,0.21249468624591827,0.5504741072654724,0.05361679196357727,0.03764938563108444,0.005039428826421499,0.002245737239718437,0.0027919234707951546,0.10512945801019669
others_test_047.wav,others,water_toilet,others,True,False,0.669942319393158,0.5294748097658157,0.5182998843115273,0.14046750962734222,0.006134271156042814,0.0024198894388973713,0.09499335289001465,0.030329234898090363,0.015770206227898598,0.669942319393158,0.013048711232841015,0.026894481852650642,0.14046750962734222
water_shower_test_001.wav,water_shower,water_shower,water_shower,False,False,0.8953648209571838,0.8448471315205097,0.2243267682864279,0.00547349639236927,0.007098336238414049,0.05051768943667412,0.0014719015453010798,0.02411852404475212,0.0036405206192284822,0.010312116704881191,0.8953648209571838,0.002002524444833398,0.00547349639236927
water_shower_test_002.wav,water_shower,water_shower,water_shower,False,False,0.9806652069091797,0.9740403764881194,0.05999827931712016,0.0019510372076183558,0.001072114915587008,0.0017142683500424027,0.0008994470699690282,0.0027505739126354456,0.0019116161856800318,0.006624830421060324,0.9806652069091797,0.0024109019432216883,0.0019510372076183558
water_shower_test_003.wav,water_shower,water_shower,water_shower,False,False,0.9702727794647217,0.9520302843302488,0.07965984724908451,0.0011599261779338121,0.0015899634454399347,0.0012516891583800316,0.00073216762393713,0.0017702991608530283,0.00197096006013453,0.018242495134472847,0.9702727794647217,0.003009676467627287,0.0011599261779338121
water_shower_test_004.wav,water_shower,water_shower,water_shower,False,False,0.9443486332893372,0.9294063095003366,0.1421667454789475,0.004620919935405254,0.0033268320839852095,0.014342006295919418,0.0011542979627847672,0.014942323789000511,0.0023885732516646385,0.012831208296120167,0.9443486332893372,0.002045125002041459,0.004620919935405254
water_shower_test_005.wav,water_shower,water_shower,water_shower,False,False,0.9839754700660706,0.9787089079618454,0.05129394393909111,0.001527639222331345,0.0010958658531308174,0.0013900242047384381,0.000966450956184417,0.0013056151801720262,0.002419393975287676,0.005266562104225159,0.9839754700660706,0.002052964409813285,0.001527639222331345
water_shower_test_006.wav,water_shower,water_shower,water_shower,False,False,0.967135488986969,0.9536706367507577,0.09227859291138547,0.003749152412638068,0.0026339981704950333,0.002313197124749422,0.0019251629710197449,0.0134648522362113,0.0016426173970103264,0.005388235207647085,0.967135488986969,0.0017472805920988321,0.003749152412638068
water_shower_test_007.wav,water_shower,water_shower,water_shower,False,False,0.9796661138534546,0.9762447038665414,0.06422315750526959,0.002625382272526622,0.002461496274918318,0.003421409986913204,0.001440510037355125,0.0022636207286268473,0.0029233444947749376,0.002914927201345563,0.9796661138534546,0.0022831575479358435,0.002625382272526622
water_shower_test_008.wav,water_shower,water_shower,water_shower,False,False,0.9659422636032104,0.948133235797286,0.09154525537274945,0.0019114159513264894,0.0007537307101301849,0.002489984268322587,0.0006839074194431305,0.0028646548744291067,0.004706300795078278,0.017809027805924416,0.9659422636032104,0.0028386861085891724,0.0019114159513264894
water_shower_test_009.wav,water_shower,water_shower,water_shower,False,False,0.9747146368026733,0.968728500418365,0.07648821139306615,0.003197866026312113,0.001170254428870976,0.00350154098123312,0.0015564701752737164,0.005986136384308338,0.003957340493798256,0.003182709449902177,0.9747146368026733,0.0027330401353538036,0.003197866026312113
water_shower_test_010.wav,water_shower,water_shower,water_shower,False,False,0.9825121760368347,0.978997711557895,0.05603996698114931,0.0015995381399989128,0.001397159998305142,0.0017874175682663918,0.001061950926668942,0.0029094077181071043,0.001977228559553623,0.0035144644789397717,0.9825121760368347,0.0032406169921159744,0.0015995381399989128
water_shower_test_011.wav,water_shower,water_shower,water_shower,False,False,0.9689992070198059,0.9614883288741112,0.08994017710229416,0.004376665689051151,0.002508092438802123,0.007510878145694733,0.0013236808590590954,0.00534380879253149,0.0025582199450582266,0.006134637165814638,0.9689992070198059,0.0012448556954041123,0.004376665689051151
water_shower_test_012.wav,water_shower,water_shower,water_shower,False,False,0.9694440364837646,0.9570138072595,0.08650000188717753,0.004254718776792288,0.0013384200865402818,0.0009484951151534915,0.0017299044411629438,0.012430229224264622,0.0028678213711827993,0.004876101855188608,0.9694440364837646,0.002110306639224291,0.004254718776792288
water_shower_test_013.wav,water_shower,water_shower,water_shower,False,False,0.9782640933990479,0.9734563184902072,0.06716174999950063,0.0027172924019396305,0.001325757708400488,0.004323283676058054,0.0009949818486347795,0.003104183590039611,0.0024025794118642807,0.004807774908840656,0.9782640933990479,0.00206007226370275,0.0027172924019396305
water_shower_test_014.wav,water_shower,water_shower,water_shower,False,False,0.9699680805206299,0.9614118533208966,0.08701499224785748,0.0032724959310144186,0.003140198066830635,0.004549871664494276,0.0013378049479797482,0.008556227199733257,0.0019120096694678068,0.006254708394408226,0.9699680805206299,0.0010086012771353126,0.0032724959310144186
water_shower_test_015.wav,water_shower,water_shower,water_shower,False,False,0.9756462574005127,0.9708904847502708,0.07392429359570865,0.004755772650241852,0.001126917777583003,0.001337029505521059,0.0018188449321314692,0.004437252879142761,0.004588930867612362,0.002888294868171215,0.9756462574005127,0.0034007588401436806,0.004755772650241852
water_shower_test_016.wav,water_shower,water_shower,water_shower,False,False,0.9661715030670166,0.9515329180285335,0.09408070991051316,0.004226078279316425,0.0014048452721908689,0.0023400401696562767,0.0013973418390378356,0.014638585038483143,0.0030761973466724157,0.004274996928870678,0.9661715030670166,0.002470351755619049,0.004226078279316425
water_shower_test_017.wav,water_shower,water_shower,water_shower,False,False,0.975385844707489,0.9672692557796836,0.07345519574817409,0.003232648828998208,0.0014313197461888194,0.001899594091810286,0.0014218719443306327,0.008116588927805424,0.0020469261799007654,0.004868106450885534,0.975385844707489,0.0015970924869179726,0.003232648828998208
water_shower_test_018.wav,water_shower,water_shower,water_shower,False,False,0.9764270782470703,0.9627821845933795,0.06644082995629376,0.0012353566708043218,0.0006483768811449409,0.0010153634939342737,0.0008346353424713016,0.0026873413007706404,0.0019048586254939437,0.013644893653690815,0.9764270782470703,0.0016020279144868255,0.0012353566708043218
water_shower_test_019.wav,water_shower,water_shower,water_shower,False,False,0.9787321090698242,0.9733945694752038,0.06542976370503326,0.0029484406113624573,0.0013144101249054074,0.001277324859984219,0.0010089792776852846,0.0032630274072289467,0.0044756606221199036,0.005337539594620466,0.9787321090698242,0.0016425385838374496,0.0029484406113624573
water_shower_test_020.wav,water_shower,water_shower,water_shower,False,False,0.975135862827301,0.9659673860296607,0.0734931738882087,0.0029594525694847107,0.0011012584436684847,0.0029621038120239973,0.0010303036542609334,0.004163757897913456,0.002116031479090452,0.009168476797640324,0.975135862827301,0.0013627695152536035,0.0029594525694847107
water_shower_test_021.wav,water_shower,water_shower,water_shower,False,False,0.9783336520195007,0.9743882375769317,0.06748079350303417,0.0037583091761916876,0.0016272698994725943,0.0030157952569425106,0.0018214973388239741,0.0028234445489943027,0.0031939400359988213,0.003945414442569017,0.9783336520195007,0.0014807285042479634,0.0037583091761916876
water_shower_test_022.wav,water_shower,water_shower,water_shower,False,False,0.6695261001586914,0.4259929955005646,0.43978284676875906,0.03916030004620552,0.004745472222566605,0.010741508565843105,0.0057599726133048534,0.24353310465812683,0.00887773185968399,0.013339347206056118,0.6695261001586914,0.004316502716392279,0.03916030004620552
water_shower_test_023.wav,water_shower,water_shower,water_shower,False,False,0.9621449708938599,0.945496391505003,0.10232256309736547,0.004546080715954304,0.0011354326270520687,0.0013985291589051485,0.0012475749244913459,0.016648579388856888,0.0035167934838682413,0.0059160469099879265,0.9621449708938599,0.0034460495226085186,0.004546080715954304
water_shower_test_024.wav,water_shower,water_shower,water_shower,False,False,0.9664813280105591,0.9520362270995975,0.09180130941831133,0.0019311456708237529,0.0024015491362661123,0.0007927846163511276,0.0009045347105711699,0.007678264752030373,0.0020275141578167677,0.014445100910961628,0.9664813280105591,0.003337743692100048,0.0019311456708237529
water_shower_test_025.wav,water_shower,water_shower,water_shower,False,False,0.8395307064056396,0.7236942872405052,0.27502925355806046,0.003035806817933917,0.003195676952600479,0.01320638507604599,0.0010345877381041646,0.01821918971836567,0.002946704626083374,0.11583641916513443,0.8395307064056396,0.002994539448991418,0.003035806817933917
water_shower_test_026.wav,water_shower,water_shower,water_shower,False,False,0.7392298579216003,0.5419820696115494,0.3707910794008268,0.005712100770324469,0.002685943152755499,0.01110988948494196,0.0007114299805834889,0.030511651188135147,0.0046397545374929905,0.19724778831005096,0.7392298579216003,0.008151613175868988,0.005712100770324469
water_shower_test_027.wav,water_shower,water_shower,water_shower,False,False,0.8895518779754639,0.792215034365654,0.18748531398306031,0.0015089516527950764,0.0013848826056346297,0.002240576781332493,0.0007922016666270792,0.0037092329002916813,0.0016095974715426564,0.09733684360980988,0.8895518779754639,0.0018658330664038658,0.0015089516527950764
water_shower_test_028.wav,water_shower,water_shower,water_shower,False,False,0.9716789126396179,0.9635632829740644,0.0822150436378555,0.0017019632505252957,0.0009641015785746276,0.0025032584089785814,0.0009128390229307115,0.00811562966555357,0.0029005263932049274,0.007072364445775747,0.9716789126396179,0.004150431137531996,0.0017019632505252957
water_shower_test_029.wav,water_shower,water_shower,water_shower,False,False,0.9409194588661194,0.9190680999308825,0.14182368080184207,0.0023570749908685684,0.0005808742134831846,0.0005007782601751387,0.000818949134554714,0.0034477997105568647,0.01016143150627613,0.019362300634384155,0.9409194588661194,0.02185135893523693,0.0023570749908685684
water_shower_test_030.wav,water_shower,water_shower,water_shower,False,False,0.966956377029419,0.9583086213096976,0.09322017951181483,0.003467855043709278,0.0005222345935180783,0.000871140044182539,0.0012644691159948707,0.007043691352009773,0.005569269880652428,0.005657201632857323,0.966956377029419,0.008647755719721317,0.003467855043709278
water_shower_test_031.wav,water_shower,water_shower,water_shower,False,False,0.9664078950881958,0.9593511414714158,0.09666693308333028,0.00181577168405056,0.004226813558489084,0.00576740363612771,0.000832768389955163,0.004603625275194645,0.007056753616780043,0.006088447291404009,0.9664078950881958,0.003200487233698368,0.00181577168405056
water_shower_test_032.wav,water_shower,water_shower,water_shower,False,False,0.9758385419845581,0.9686572100035846,0.07262188075589697,0.001346543780528009,0.002377500291913748,0.001995903206989169,0.0009881281293928623,0.0045335316099226475,0.003812242764979601,0.007181331980973482,0.9758385419845581,0.0019262728746980429,0.001346543780528009
water_shower_test_033.wav,water_shower,water_shower,water_shower,False,False,0.981523871421814,0.9770165742374957,0.05840515737896503,0.0029103467240929604,0.0015516814310103655,0.001093003200367093,0.001037101959809661,0.0023200656287372112,0.003314965171739459,0.004507297184318304,0.981523871421814,0.0017417361959815025,0.0029103467240929604
water_shower_test_034.wav,water_shower,water_shower,water_shower,False,False,0.9769742488861084,0.971858702134341,0.07037324933893388,0.004700011108070612,0.0010748611530289054,0.0015122524928301573,0.001526310807093978,0.003061531577259302,0.005115546751767397,0.003630182007327676,0.9769742488861084,0.002404973143711686,0.004700011108070612
water_shower_test_035.wav,water_shower,water_shower,water_shower,False,False,0.9767629504203796,0.9709260109812021,0.07107288127828919,0.00306976237334311,0.001215661526657641,0.0030115104746073484,0.0019334986573085189,0.005836939439177513,0.0018266100669279695,0.0041755978018045425,0.9767629504203796,0.002167518949136138,0.00306976237334311
water_shower_test_036.wav,water_shower,water_shower,water_shower,False,False,0.9773498773574829,0.9706785976886749,0.06920515704225173,0.0021245263051241636,0.0010762943420559168,0.0022601187229156494,0.0027966094203293324,0.006671279668807983,0.0016891711857169867,0.0037674573250114918,0.9773498773574829,0.00226464681327343,0.0021245263051241636
water_shower_test_037.wav,water_shower,water_shower,water_shower,False,False,0.9804520606994629,0.9745942512527108,0.06056722576389211,0.0018116518622264266,0.0013245104346424341,0.0006772918859496713,0.0010207750601693988,0.003698800690472126,0.002330352086573839,0.005857809446752071,0.9804520606994629,0.002826726995408535,0.0018116518622264266
water_shower_test_038.wav,water_shower,water_shower,water_shower,False,False,0.9815167188644409,0.9764878959394991,0.05798422395116722,0.0019393720431253314,0.0015827553579583764,0.0011617353884503245,0.0008337062317878008,0.0037596356123685837,0.0029583231080323458,0.005028822924941778,0.9815167188644409,0.0012189766857773066,0.0019393720431253314
water_shower_test_039.wav,water_shower,water_shower,water_shower,False,False,0.9458768963813782,0.9302040841430426,0.14012481008912275,0.01567281223833561,0.002704029902815819,0.008460038341581821,0.001675546052865684,0.003460072446614504,0.005164756439626217,0.014528907835483551,0.9458768963813782,0.002456981921568513,0.01567281223833561
water_shower_test_040.wav,water_shower,water_shower,water_shower,False,False,0.9613866806030273,0.9507676167413592,0.10699784168089314,0.01061906386166811,0.0017253431724384427,0.0016842910554260015,0.0017387091647833586,0.007828140631318092,0.007797650992870331,0.00451497919857502,0.9613866806030273,0.0027051386423408985,0.01061906386166811
water_shower_test_041.wav,water_shower,water_shower,water_shower,False,False,0.976813554763794,0.9710398023016751,0.07061846605096445,0.0037389451172202826,0.0020890310406684875,0.0011722451308742166,0.000978534109890461,0.0043447441421449184,0.0027886168099939823,0.005773752462118864,0.976813554763794,0.0023005621042102575,0.0037389451172202826
water_shower_test_042.wav,water_shower,water_shower,water_shower,False,False,0.7097604274749756,0.5463975518941879,0.4466857806286914,0.020844118669629097,0.00895320437848568,0.06866834312677383,0.0039266967214643955,0.16336287558078766,0.005189624149352312,0.015096832066774368,0.7097604274749756,0.004197884351015091,0.020844118669629097
water_shower_test_043.wav,water_shower,water_shower,others,True,False,0.7262505292892456,0.5821745991706848,0.449130623393419,0.1440759301185608,0.003825260093435645,0.009829362854361534,0.020578118041157722,0.03811534494161606,0.04315507039427757,0.010324454866349697,0.7262505292892456,0.0038458502385765314,0.1440759301185608
water_shower_test_044.wav,water_shower,water_shower,water_shower,False,False,0.9604200124740601,0.9462458742782474,0.10845892854613154,0.002837710315361619,0.0012947997311130166,0.014174138195812702,0.001304205390624702,0.0036456268280744553,0.006795225664973259,0.004264247138053179,0.9604200124740601,0.005264034494757652,0.002837710315361619
water_shower_test_045.wav,water_shower,water_shower,water_shower,False,False,0.9578019380569458,0.944425031542778,0.11494180383184903,0.001955728279426694,0.004465804435312748,0.004418365657329559,0.0008630873635411263,0.0037687153089791536,0.013376906514167786,0.008917605504393578,0.9578019380569458,0.004431866575032473,0.001955728279426694
water_shower_test_046.wav,water_shower,water_shower,water_shower,False,False,0.9766620397567749,0.9712118594907224,0.07070882689700392,0.001610907493159175,0.0015703850658610463,0.0012631402350962162,0.0008865090785548091,0.0038942513056099415,0.0054501802660524845,0.0040831672959029675,0.9766620397567749,0.0045794472098350525,0.001610907493159175
water_shower_test_047.wav,water_shower,water_shower,water_shower,False,False,0.9789159297943115,0.9722976768389344,0.06443550956254879,0.0027235490269958973,0.0010031653800979257,0.0007572754402644932,0.0011715252185240388,0.0020920266397297382,0.006618252955377102,0.0036515179090201855,0.9789159297943115,0.0030667264945805073,0.0027235490269958973
water_shower_test_048.wav,water_shower,water_shower,water_shower,False,False,0.8969528079032898,0.8559254705905914,0.22576627542995376,0.003187071066349745,0.041027337312698364,0.0024269521236419678,0.002982906298711896,0.003499741666018963,0.023429669439792633,0.02117987908422947,0.8969528079032898,0.005313662346452475,0.003187071066349745
water_toilet_test_001.wav,water_toilet,water_toilet,water_toilet,False,False,0.8471238613128662,0.7359201312065125,0.2668548658242553,0.002626742934808135,0.0021223651710897684,0.008249963633716106,0.0008021893445402384,0.015027298592031002,0.004950509872287512,0.8471238613128662,0.11120373010635376,0.007893269881606102,0.002626742934808135
water_toilet_test_002.wav,water_toilet,water_toilet,water_toilet,False,False,0.808070957660675,0.6973234638571739,0.34353169971888975,0.0043174512684345245,0.009131154045462608,0.013218574225902557,0.002013401361182332,0.00486711272969842,0.018706275150179863,0.808070957660675,0.02892756089568138,0.11074749380350113,0.0043174512684345245
water_toilet_test_003.wav,water_toilet,machine_noise,machine_noise,False,False,0.9001970291137695,0.874332757666707,0.2297396705129669,0.025481168180704117,0.002104173181578517,0.0035213325172662735,0.025864271447062492,0.9001970291137695,0.0062391371466219425,0.013875838369131088,0.0175082478672266,0.005208718590438366,0.025481168180704117
water_toilet_test_004.wav,water_toilet,water_toilet,water_toilet,False,False,0.8988054990768433,0.8419436663389206,0.21315583748578534,0.0036957997363060713,0.005006792489439249,0.019453249871730804,0.0015851847128942609,0.05686183273792267,0.002159939846023917,0.8988054990768433,0.008756297640502453,0.0036753753665834665,0.0036957997363060713
water_toilet_test_005.wav,water_toilet,water_toilet,water_toilet,False,False,0.9082162380218506,0.8705355040729046,0.1976063662296891,0.003362284041941166,0.009557184763252735,0.037680733948946,0.0017480718670412898,0.002597232349216938,0.0012247773120179772,0.9082162380218506,0.03416098654270172,0.0014524775324389338,0.003362284041941166
water_toilet_test_006.wav,water_toilet,water_toilet,water_toilet,False,False,0.9483391046524048,0.9334946349263191,0.13418744331232726,0.002572648925706744,0.0027896964456886053,0.014017916284501553,0.006415785290300846,0.007842120714485645,0.000785702490247786,0.9483391046524048,0.014844469726085663,0.0023925816640257835,0.002572648925706744
water_toilet_test_007.wav,water_toilet,water_toilet,water_toilet,False,False,0.7454571723937988,0.6252482607960701,0.4315872726582632,0.015636539086699486,0.003283850848674774,0.02789260633289814,0.05930621176958084,0.12020891159772873,0.0029493863694369793,0.7454571723937988,0.019678836688399315,0.005586438346654177,0.015636539086699486
water_toilet_test_008.wav,water_toilet,water_toilet,water_toilet,False,False,0.820406436920166,0.7477657943964005,0.34281342458186387,0.003859130199998617,0.019487788900732994,0.07264064252376556,0.003055970650166273,0.0330946184694767,0.0007099629729054868,0.820406436920166,0.037434205412864685,0.009311305359005928,0.003859130199998617
water_toilet_test_009.wav,water_toilet,water_toilet,water_toilet,False,False,0.7028782963752747,0.5464896261692047,0.45268692355350215,0.007932224310934544,0.0143669992685318,0.15638867020606995,0.0023406613618135452,0.08606474846601486,0.00214758375659585,0.7028782963752747,0.015771275386214256,0.012109546922147274,0.007932224310934544
water_toilet_test_010.wav,water_toilet,dragging,dragging,False,False,0.5363308191299438,0.29621733725070953,0.5492577109062484,0.011753938160836697,0.008676557801663876,0.5363308191299438,0.014590989798307419,0.17533273994922638,0.00285374466329813,0.24011348187923431,0.007810299284756184,0.00253748195245862,0.011753938160836697
water_toilet_test_011.wav,water_toilet,water_toilet,water_toilet,False,False,0.8466188907623291,0.8051568493247032,0.31746087305657855,0.008257095701992512,0.006215096917003393,0.003986593801528215,0.003218920435756445,0.03566484525799751,0.041462041437625885,0.8466188907623291,0.01905045285820961,0.0355260856449604,0.008257095701992512
water_toilet_test_012.wav,water_toilet,water_toilet,water_toilet,False,False,0.939924955368042,0.919139077886939,0.15378042001066486,0.007255655247718096,0.0033136315178126097,0.0026466751005500555,0.0026675453409552574,0.006411820184439421,0.020785877481102943,0.939924955368042,0.010419055819511414,0.006574765779078007,0.007255655247718096
water_toilet_test_013.wav,water_toilet,water_toilet,water_toilet,False,False,0.9495479464530945,0.9311580136418343,0.13158646970119314,0.0030179491732269526,0.0064568412490189075,0.008334523066878319,0.0017913894262164831,0.018389932811260223,0.00173659878782928,0.9495479464530945,0.008480099961161613,0.0022447407245635986,0.0030179491732269526
water_toilet_test_014.wav,water_toilet,water_toilet,water_toilet,False,False,0.5667849779129028,0.391151025891304,0.5774102008055848,0.00858158990740776,0.004571669269353151,0.07257574051618576,0.0020199401769787073,0.1503949612379074,0.005432648118585348,0.5667849779129028,0.17563395202159882,0.014004595577716827,0.00858158990740776
water_toilet_test_015.wav,water_toilet,water_toilet,water_toilet,False,False,0.624037504196167,0.46683168411254883,0.5407134432157491,0.006743280682712793,0.005607294850051403,0.009532572701573372,0.0011549786431714892,0.010252906940877438,0.09330422431230545,0.624037504196167,0.15720582008361816,0.09216148406267166,0.006743280682712793
water_toilet_test_016.wav,water_toilet,water_toilet,water_toilet,False,False,0.6598149538040161,0.5372120812535286,0.5412426957243742,0.01839563064277172,0.008856957778334618,0.12260287255048752,0.0014122286811470985,0.09884363412857056,0.018967829644680023,0.6598149538040161,0.01873369887471199,0.052372291684150696,0.01839563064277172
water_toilet_test_017.wav,water_toilet,water_toilet,water_toilet,False,False,0.7198997139930725,0.5270542055368423,0.41322823285689275,0.009835140779614449,0.003494753036648035,0.026387926191091537,0.0038880291394889355,0.19284550845623016,0.0017164705786854029,0.7198997139930725,0.026968957856297493,0.01496349461376667,0.009835140779614449
water_toilet_test_018.wav,water_toilet,water_toilet,water_toilet,False,False,0.874230146408081,0.7925887480378151,0.2447034917224867,0.007878136821091175,0.003009291598573327,0.0042531671933829784,0.014555161818861961,0.08164139837026596,0.0024702276568859816,0.874230146408081,0.008235424757003784,0.0037270723842084408,0.007878136821091175
water_toilet_test_019.wav,water_toilet,construction,construction,False,False,0.4617244601249695,0.06904610991477966,0.569886025956415,0.03249761089682579,0.014354408718645573,0.04652182757854462,0.4617244601249695,0.018039444461464882,0.025136036798357964,0.3926783502101898,0.006105541717261076,0.00294232415035367,0.03249761089682579
water_toilet_test_020.wav,water_toilet,construction,construction,False,False,0.6282098889350891,0.4355742782354355,0.5452830815336841,0.03216417133808136,0.009702606126666069,0.07667617499828339,0.6282098889350891,0.017387405037879944,0.03299644589424133,0.19263561069965363,0.006860879249870777,0.003366896416991949,0.03216417133808136
water_toilet_test_021.wav,water_toilet,construction,construction,False,False,0.547511637210846,0.2730158865451813,0.5858180727188741,0.025080185383558273,0.013589122332632542,0.058393530547618866,0.547511637210846,0.02489747852087021,0.04596704617142677,0.2744957506656647,0.007243911735713482,0.0028214093763381243,0.025080185383558273
water_toilet_test_022.wav,water_toilet,construction,construction,False,False,0.5408628582954407,0.316072016954422,0.6115556954568675,0.06933758407831192,0.006179831922054291,0.007433590013533831,0.5408628582954407,0.03736123442649841,0.0998588502407074,0.22479084134101868,0.008163407444953918,0.006011733319610357,0.06933758407831192
water_toilet_test_023.wav,water_toilet,water_toilet,water_toilet,False,False,0.6317309141159058,0.4532293677330017,0.5387539339534209,0.034181829541921616,0.011428846046328545,0.010372968390583992,0.17850154638290405,0.02388639561831951,0.09982309490442276,0.6317309141159058,0.006446773186326027,0.0036276699975132942,0.034181829541921616
water_toilet_test_024.wav,water_toilet,water_toilet,water_toilet,False,False,0.67408686876297,0.43337130546569824,0.44408007331367444,0.017541468143463135,0.0048763989470899105,0.0059522585943341255,0.24071556329727173,0.017174914479255676,0.018378378823399544,0.67408686876297,0.01216337364166975,0.009110799990594387,0.017541468143463135
water_toilet_test_025.wav,water_toilet,construction,construction,False,False,0.5738776922225952,0.24823707342147827,0.4951628960941321,0.02978065237402916,0.008378580212593079,0.010977016761898994,0.5738776922225952,0.014581474475562572,0.02771424688398838,0.32564061880111694,0.0054489001631736755,0.003600845579057932,0.02978065237402916
water_toilet_test_026.wav,water_toilet,construction,construction,False,False,0.7129161357879639,0.5136331915855408,0.42003741496542546,0.03380443900823593,0.004860281478613615,0.005626313854008913,0.7129161357879639,0.01620231196284294,0.01669269986450672,0.1992829442024231,0.005748461931943893,0.004866446368396282,0.03380443900823593
water_toilet_test_027.wav,water_toilet,construction,construction,False,False,0.7283003926277161,0.6007088124752045,0.44885194522729366,0.04082335904240608,0.004849436692893505,0.0024043342564255,0.7283003926277161,0.023170581087470055,0.05964374169707298,0.1275915801525116,0.006978000048547983,0.006238636560738087,0.04082335904240608
water_toilet_test_028.wav,water_toilet,water_toilet,water_toilet,False,False,0.42190057039260864,0.00831693410873413,0.5886441346278205,0.022200901061296463,0.017700864002108574,0.05606640502810478,0.4135836362838745,0.012124208733439445,0.047225937247276306,0.42190057039260864,0.006119464058429003,0.0030779060907661915,0.022200901061296463
water_toilet_test_029.wav,water_toilet,construction,construction,False,False,0.36882972717285156,0.11655199527740479,0.6844787699904817,0.07129077613353729,0.004216324537992477,0.007285646162927151,0.36882972717285156,0.03794332221150398,0.24303953349590302,0.2522777318954468,0.005972346756607294,0.009144622832536697,0.07129077613353729
water_toilet_test_030.wav,water_toilet,water_toilet,water_toilet,False,False,0.9528082013130188,0.9400848047807813,0.1258457483080483,0.0044657280668616295,0.0014752818970009685,0.001873102504760027,0.010083083994686604,0.007033918984234333,0.00824409443885088,0.9528082013130188,0.01272339653223753,0.0012932047247886658,0.0044657280668616295
water_toilet_test_031.wav,water_toilet,water_toilet,water_toilet,False,False,0.9581555128097534,0.9470437010750175,0.11472281916368522,0.002905309898778796,0.0034255804494023323,0.007974020205438137,0.0010696559911593795,0.011111811734735966,0.0021126505453139544,0.9581555128097534,0.008623015135526657,0.00462235976010561,0.002905309898778796
water_toilet_test_032.wav,water_toilet,water_toilet,water_toilet,False,False,0.9098613262176514,0.8537043333053589,0.1919674398154584,0.0024167997762560844,0.00480109266936779,0.0036657501477748156,0.010888352058827877,0.008244129829108715,0.0016131774755194783,0.9098613262176514,0.05615699291229248,0.0023523294366896152,0.0024167997762560844
water_toilet_test_033.wav,water_toilet,water_toilet,water_toilet,False,False,0.7893676161766052,0.6847195848822594,0.37102749332254215,0.007271973881870508,0.00515733240172267,0.05493759363889694,0.004175013862550259,0.0025836199056357145,0.10464803129434586,0.7893676161766052,0.01773395575582981,0.014124767854809761,0.007271973881870508
water_toilet_test_034.wav,water_toilet,water_toilet,water_toilet,False,False,0.7266028523445129,0.6387799978256226,0.4826157866984714,0.008068240247666836,0.021152779459953308,0.01843181811273098,0.0012365865986794233,0.0678839460015297,0.026041468605399132,0.7266028523445129,0.0427594892680645,0.08782285451889038,0.008068240247666836
water_toilet_test_035.wav,water_toilet,water_toilet,water_toilet,False,False,0.9514379501342773,0.9338571839034557,0.12616258094128696,0.0038655742537230253,0.0032779560424387455,0.011795427650213242,0.0005891094333492219,0.01758076623082161,0.001540785888209939,0.9514379501342773,0.0068758102133870125,0.0030366135761141777,0.0038655742537230253
water_toilet_test_036.wav,water_toilet,water_toilet,water_toilet,False,False,0.8341737985610962,0.7242788523435593,0.2930197155103951,0.006675424054265022,0.004159030970185995,0.023454535752534866,0.0017774495063349605,0.10989494621753693,0.0033319832291454077,0.8341737985610962,0.013705041259527206,0.0028278373647481203,0.006675424054265022
water_toilet_test_037.wav,water_toilet,water_toilet,water_toilet,False,False,0.8353134989738464,0.7577463462948799,0.30169177964211075,0.006063280627131462,0.004228854551911354,0.07756715267896652,0.002584175206720829,0.05954412370920181,0.0039059179835021496,0.8353134989738464,0.007895153015851974,0.0028979075141251087,0.006063280627131462
water_toilet_test_038.wav,water_toilet,water_toilet,water_toilet,False,False,0.8697454929351807,0.8247726149857044,0.26621843357900404,0.0041188751347362995,0.004133577924221754,0.04497287794947624,0.0009227786213159561,0.027307525277137756,0.003949908073991537,0.8697454929351807,0.04109644517302513,0.003752604592591524,0.0041188751347362995
water_toilet_test_039.wav,water_toilet,water_toilet,water_toilet,False,False,0.9455753564834595,0.9247038774192333,0.14095573110221554,0.0041562276892364025,0.0026969262398779392,0.02087147906422615,0.003975008148699999,0.005482980981469154,0.0030811410397291183,0.9455753564834595,0.004273225553333759,0.009887704625725746,0.0041562276892364025
water_toilet_test_040.wav,water_toilet,water_shower,water_shower,False,False,0.5575813055038452,0.23314586281776428,0.4790111729188157,0.004914176184684038,0.003835652954876423,0.007604713551700115,0.005094980821013451,0.09116967767477036,0.0026715672574937344,0.32443544268608093,0.5575813055038452,0.0026923827826976776,0.004914176184684038
water_toilet_test_041.wav,water_toilet,water_toilet,water_toilet,False,False,0.9602276086807251,0.9505800399929285,0.11067718423287766,0.003567128675058484,0.0024522533640265465,0.007402582094073296,0.0007861964404582977,0.006144920829683542,0.003145185299217701,0.9602276086807251,0.0066265990026295185,0.009647568687796593,0.003567128675058484
water_toilet_test_042.wav,water_toilet,water_toilet,water_toilet,False,False,0.9725288152694702,0.9640803709626198,0.07942102578456335,0.002330744406208396,0.0017233050893992186,0.0027512586675584316,0.0017601308645680547,0.008243592455983162,0.0012411450734362006,0.9725288152694702,0.008448444306850433,0.0009726027492433786,0.002330744406208396
water_toilet_test_043.wav,water_toilet,water_toilet,water_toilet,False,False,0.9695743918418884,0.9586161868646741,0.08717308303756224,0.002484043827280402,0.0030266966205090284,0.010958204977214336,0.0009023745078593493,0.0014835899928584695,0.005663430318236351,0.9695743918418884,0.0032690984662622213,0.0026381518691778183,0.002484043827280402
water_toilet_test_044.wav,water_toilet,water_toilet,water_toilet,False,False,0.9732182025909424,0.9671235880814493,0.07979290637542004,0.002984238089993596,0.0032131271436810493,0.0060946145094931126,0.0029860972426831722,0.00353746279142797,0.0010130404261872172,0.9732182025909424,0.0057759033516049385,0.0011773300357162952,0.002984238089993596
water_toilet_test_045.wav,water_toilet,water_toilet,water_toilet,False,False,0.909778892993927,0.8503163233399391,0.1901937114760066,0.005908290855586529,0.004420183133333921,0.0038082334212958813,0.0020459822844713926,0.059462569653987885,0.0021688160486519337,0.909778892993927,0.007918031886219978,0.0044889976270496845,0.005908290855586529
water_toilet_test_046.wav,water_toilet,water_toilet,water_toilet,False,False,0.8885016441345215,0.8498924858868122,0.23826551880554941,0.004323119297623634,0.0052571785636246204,0.038609158247709274,0.0011075502261519432,0.035987451672554016,0.003764932509511709,0.8885016441345215,0.019727621227502823,0.0027213352732360363,0.004323119297623634
water_toilet_test_047.wav,water_toilet,water_toilet,water_toilet,False,False,0.8880521655082703,0.8337243907153606,0.2327859242523853,0.004925060551613569,0.004056928213685751,0.011946190148591995,0.0010029643308371305,0.05432777479290962,0.002642362844198942,0.8880521655082703,0.02957187220454216,0.0034747517202049494,0.004925060551613569
water_toilet_test_048.wav,water_toilet,water_toilet,water_toilet,False,False,0.8368168473243713,0.7189043611288071,0.28244000940474123,0.00855138897895813,0.003931394778192043,0.002164771081879735,0.003129428019747138,0.11791248619556427,0.0034744173754006624,0.8368168473243713,0.010178598575294018,0.013840725645422935,0.00855138897895813
