Filename,True Label,Raw Predicted Label,Predicted Label,Forced To Others,Abstained,Raw Top Confidence,Raw Margin,Entropy,Prob Others (raw),Prob_heavy_impact,Prob_dragging,Prob_construction,Prob_machine_noise,Prob_media_talking,Prob_water_toilet,Prob_water_shower,Prob_dog_bark,Prob_others
construction_test_001.wav,construction,construction,construction,False,False,0.9395373463630676,0.9250114010646939,0.1565440078792543,0.007764579262584448,0.008397191762924194,0.004968520253896713,0.9395373463630676,0.013737188652157784,0.0145259452983737,0.005076561588793993,0.0014299025060608983,0.004562797490507364,0.007764579262584448
construction_test_002.wav,construction,construction,construction,False,False,0.5906963348388672,0.4236599802970886,0.5660623868177311,0.04153911769390106,0.009600738994777203,0.16703635454177856,0.5906963348388672,0.14690572023391724,0.032312218099832535,0.004520491696894169,0.0015479441499337554,0.00584105309098959,0.04153911769390106
construction_test_003.wav,construction,construction,construction,False,False,0.862113356590271,0.8187765292823315,0.28894468821192504,0.0252840593457222,0.009334513917565346,0.03769649192690849,0.862113356590271,0.04333682730793953,0.00876395683735609,0.008227771148085594,0.000783112074714154,0.0044599552638828754,0.0252840593457222
construction_test_004.wav,construction,dragging,dragging,False,False,0.48657387495040894,0.2620263993740082,0.6441424587321585,0.04987511783838272,0.22454747557640076,0.48657387495040894,0.13321642577648163,0.08667083084583282,0.00718928687274456,0.005902649834752083,0.0010623112320899963,0.004962046630680561,0.04987511783838272
construction_test_005.wav,construction,construction,construction,False,False,0.8750120997428894,0.8345036953687668,0.26978593729039735,0.016740767285227776,0.007744743488729,0.04050840437412262,0.8750120997428894,0.02089265175163746,0.028595082461833954,0.0063183424063026905,0.0012654195306822658,0.0029225870966911316,0.016740767285227776
construction_test_006.wav,construction,construction,construction,False,False,0.946198046207428,0.9268940929323435,0.1398420628365651,0.010353592224419117,0.005738303065299988,0.0052014561370015144,0.946198046207428,0.005318948999047279,0.019303953275084496,0.002760964445769787,0.001767349662259221,0.003357402514666319,0.010353592224419117
construction_test_007.wav,construction,construction,construction,False,False,0.9149942994117737,0.8895561564713717,0.20353205472842392,0.011491692624986172,0.007086177356541157,0.013822791166603565,0.9149942994117737,0.01585049368441105,0.02543814294040203,0.004674876108765602,0.0010298531269654632,0.0056116702035069466,0.011491692624986172
construction_test_008.wav,construction,construction,construction,False,False,0.9494470953941345,0.9389822455123067,0.13574315000073758,0.008096130564808846,0.007476388476788998,0.008678741753101349,0.9494470953941345,0.008066887967288494,0.010464849881827831,0.003141767345368862,0.0011783818481490016,0.003449743613600731,0.008096130564808846
construction_test_009.wav,construction,construction,construction,False,False,0.9191609025001526,0.9017018284648657,0.19822267006072206,0.01212831400334835,0.00874803215265274,0.017320675775408745,0.9191609025001526,0.017459074035286903,0.009386382065713406,0.010901911184191704,0.0015374710783362389,0.0033572691027075052,0.01212831400334835
construction_test_010.wav,construction,construction,construction,False,False,0.9230713844299316,0.9033879600465298,0.19218736037350165,0.00739849591627717,0.0054901097901165485,0.005585223436355591,0.9230713844299316,0.01187551487237215,0.013657111674547195,0.01968342438340187,0.008410257287323475,0.004828513599932194,0.00739849591627717
construction_test_011.wav,construction,construction,construction,False,False,0.9419904351234436,0.921859860420227,0.14987137074776746,0.006155900191515684,0.007702268660068512,0.0035076183266937733,0.9419904351234436,0.020130574703216553,0.006770426407456398,0.0034660659730434418,0.0021292532328516245,0.00814742874354124,0.006155900191515684
construction_test_012.wav,construction,construction,construction,False,False,0.9491111040115356,0.9371430072933435,0.13696828410738957,0.006209400948137045,0.007531513459980488,0.008634364232420921,0.9491111040115356,0.0119680967181921,0.00726711843162775,0.002931435825303197,0.002076317323371768,0.004270740319043398,0.006209400948137045
construction_test_013.wav,construction,construction,construction,False,False,0.852150022983551,0.7729483395814896,0.2856663066551665,0.02803829312324524,0.010341377928853035,0.017344122752547264,0.852150022983551,0.07920168340206146,0.0054839192889630795,0.0034294554498046637,0.0013156273635104299,0.0026955113280564547,0.02803829312324524
construction_test_014.wav,construction,construction,construction,False,False,0.9219114780426025,0.8890528902411461,0.18405961793383188,0.017097875475883484,0.005801105406135321,0.006388843059539795,0.9219114780426025,0.03285858780145645,0.006544612813740969,0.005649628583341837,0.0012899539433419704,0.0024579029995948076,0.017097875475883484
construction_test_015.wav,construction,construction,construction,False,False,0.9129610061645508,0.8883401155471802,0.20527009717986466,0.024620890617370605,0.0075933863408863544,0.013255851343274117,0.9129610061645508,0.02230427972972393,0.010971106588840485,0.0042585935443639755,0.0012531913816928864,0.0027817317750304937,0.024620890617370605
construction_test_016.wav,construction,construction,construction,False,False,0.9483899474143982,0.9329810980707407,0.13590222415299683,0.015408849343657494,0.0045359996147453785,0.005948902107775211,0.9483899474143982,0.012316791340708733,0.005789078306406736,0.0035788919776678085,0.0016528062988072634,0.0023787422105669975,0.015408849343657494
construction_test_017.wav,construction,construction,construction,False,False,0.8953514099121094,0.8584828563034534,0.236196062827821,0.03686855360865593,0.006082514300942421,0.0173090361058712,0.8953514099121094,0.019204318523406982,0.013880781829357147,0.0047928993590176105,0.001425550552085042,0.005084990058094263,0.03686855360865593
construction_test_018.wav,construction,construction,others,True,False,0.7669970989227295,0.6737352311611176,0.41293089114766474,0.09326186776161194,0.007303156424313784,0.039505209773778915,0.7669970989227295,0.06238240376114845,0.012844802811741829,0.008554449304938316,0.004179337061941624,0.004971732385456562,0.09326186776161194
construction_test_019.wav,construction,construction,construction,False,False,0.9217073321342468,0.8955418150871992,0.18937861920913537,0.026165517047047615,0.010174157097935677,0.011353951878845692,0.9217073321342468,0.008098783902823925,0.013782660476863384,0.0034021311439573765,0.001236498006619513,0.004079001955688,0.026165517047047615
construction_test_020.wav,construction,construction,construction,False,False,0.8954890966415405,0.8599924519658089,0.2366461851689597,0.03549664467573166,0.005793699994683266,0.02249732054769993,0.8954890966415405,0.01663956791162491,0.011722078546881676,0.005768636241555214,0.002340356120839715,0.004252614453434944,0.03549664467573166
construction_test_021.wav,construction,construction,construction,False,False,0.9361586570739746,0.9080261457711458,0.1562496094758789,0.008173379115760326,0.02813251130282879,0.0026499901432543993,0.9361586570739746,0.008728466928005219,0.003398028202354908,0.0012406292371451855,0.002237890847027302,0.009280458092689514,0.008173379115760326
construction_test_022.wav,construction,construction,construction,False,False,0.6022699475288391,0.3958137333393097,0.5667196799127586,0.040067125111818314,0.01970794051885605,0.07055210322141647,0.6022699475288391,0.20645621418952942,0.0051299529150128365,0.04494916647672653,0.0019562377128750086,0.008911313489079475,0.040067125111818314
construction_test_023.wav,construction,machine_noise,machine_noise,False,False,0.5854459404945374,0.3894933760166168,0.5871028731962448,0.03309178724884987,0.02976258657872677,0.051140137016773224,0.19595256447792053,0.5854459404945374,0.0028706009034067392,0.09214047342538834,0.0049668727442622185,0.004629093687981367,0.03309178724884987
construction_test_024.wav,construction,construction,construction,False,False,0.8935699462890625,0.860299788415432,0.23767208324026584,0.024175340309739113,0.023691965267062187,0.033270157873630524,0.8935699462890625,0.009175329469144344,0.005808737128973007,0.0030106566846370697,0.0013185676652938128,0.005979342386126518,0.024175340309739113
construction_test_025.wav,construction,construction,construction,False,False,0.9469072222709656,0.9344356749206781,0.13993826960344563,0.009327699430286884,0.007928453385829926,0.01034616306424141,0.9469072222709656,0.012471547350287437,0.006730240304023027,0.002703401492908597,0.00093232118524611,0.0026530043687671423,0.009327699430286884
construction_test_026.wav,construction,construction,construction,False,False,0.9524824023246765,0.9404517589136958,0.12732998827508635,0.0077223447151482105,0.007976684719324112,0.009156026877462864,0.9524824023246765,0.012030643410980701,0.005372857674956322,0.0017264785710722208,0.0010469084372743964,0.0024856897071003914,0.0077223447151482105
construction_test_027.wav,construction,construction,construction,False,False,0.9396026134490967,0.9235033076256514,0.15608718510912378,0.00782740581780672,0.009964733384549618,0.007989988662302494,0.9396026134490967,0.01609930582344532,0.00538916140794754,0.009263856336474419,0.0013335257535800338,0.0025294185616075993,0.00782740581780672
construction_test_028.wav,construction,construction,construction,False,False,0.9256343245506287,0.8962913695722818,0.17857740560172972,0.01126248762011528,0.0071271746419370174,0.013260173611342907,0.9256343245506287,0.029342954978346825,0.004385993350297213,0.005511238239705563,0.0009737178916111588,0.0025018583983182907,0.01126248762011528
construction_test_029.wav,construction,construction,construction,False,False,0.9612786173820496,0.9522975767031312,0.10894791066269849,0.008981040678918362,0.00602365005761385,0.002127045067027211,0.9612786173820496,0.006582704372704029,0.006713185925036669,0.002246887655928731,0.002205355791375041,0.0038415591698139906,0.008981040678918362
construction_test_030.wav,construction,construction,construction,False,False,0.9386988282203674,0.9244384663179517,0.15823221758552106,0.00990907009691,0.004435557406395674,0.002043016953393817,0.9386988282203674,0.014260361902415752,0.00868361908942461,0.013738471083343029,0.003606786485761404,0.0046243020333349705,0.00990907009691
construction_test_031.wav,construction,construction,construction,False,False,0.9583278298377991,0.9497512513771653,0.11622475965670369,0.008576578460633755,0.005949389189481735,0.0034410865046083927,0.9583278298377991,0.008281040005385876,0.006789855193346739,0.0036179032176733017,0.0017855761107057333,0.0032307333312928677,0.008576578460633755
construction_test_032.wav,construction,construction,construction,False,False,0.9423211216926575,0.9272860502824187,0.14977018613181814,0.015035071410238743,0.004400739911943674,0.002377309137955308,0.9423211216926575,0.013309653848409653,0.007268860470503569,0.0033127027563750744,0.009131084196269512,0.002843421185389161,0.015035071410238743
construction_test_033.wav,construction,construction,construction,False,False,0.9370651245117188,0.9201671108603477,0.16010425505317674,0.013551185838878155,0.005170412361621857,0.005180619191378355,0.9370651245117188,0.016898013651371002,0.012061530724167824,0.00377734936773777,0.0010785278864204884,0.005217202007770538,0.013551185838878155
construction_test_034.wav,construction,construction,construction,False,False,0.9230672717094421,0.8983683940023184,0.18495497971239055,0.022669939324259758,0.0054290140978991985,0.007284524384886026,0.9230672717094421,0.024698877707123756,0.004371297545731068,0.0054108924232423306,0.001860180520452559,0.005208050366491079,0.022669939324259758
construction_test_035.wav,construction,construction,construction,False,False,0.9266613721847534,0.9021798279136419,0.17548700227452108,0.023492716252803802,0.005091201514005661,0.006661113351583481,0.9266613721847534,0.02448154427111149,0.005662252195179462,0.003071658546105027,0.0012345935683697462,0.0036435790825635195,0.023492716252803802
construction_test_036.wav,construction,construction,construction,False,False,0.9233787655830383,0.896718218922615,0.18190008594611426,0.02666054666042328,0.006537553388625383,0.007107566576451063,0.9233787655830383,0.02306586317718029,0.004986417014151812,0.003402658039703965,0.001263127545826137,0.0035975156351923943,0.02666054666042328
construction_test_037.wav,construction,construction,construction,False,False,0.9274351596832275,0.8985679931938648,0.1743735103359494,0.011506490409374237,0.008782689459621906,0.012502020224928856,0.9274351596832275,0.028867166489362717,0.004450235981494188,0.0025748969055712223,0.000983862904831767,0.002897526603192091,0.011506490409374237
construction_test_038.wav,construction,construction,construction,False,False,0.9138066172599792,0.8771567344665527,0.1972376934353032,0.01835048757493496,0.004887743387371302,0.013432171195745468,0.9138066172599792,0.036649882793426514,0.005166356451809406,0.003978178836405277,0.0015244754031300545,0.0022040861658751965,0.01835048757493496
construction_test_039.wav,construction,construction,construction,False,False,0.9277122020721436,0.9040776789188385,0.1760122942056854,0.023634523153305054,0.0054484773427248,0.011327878572046757,0.9277122020721436,0.017949532717466354,0.0058960882015526295,0.003030125517398119,0.0014002862153574824,0.0036009165924042463,0.023634523153305054
construction_test_040.wav,construction,construction,construction,False,False,0.686684250831604,0.49184492230415344,0.4634554895240995,0.04793056100606918,0.013450848869979382,0.019523542374372482,0.686684250831604,0.19483932852745056,0.00430577015504241,0.024428602308034897,0.002420443808659911,0.006416619755327702,0.04793056100606918
construction_test_041.wav,construction,construction,construction,False,False,0.9196439981460571,0.8922215849161148,0.18683583353398284,0.027422413229942322,0.005644466262310743,0.0036545286420732737,0.9196439981460571,0.009300082921981812,0.02688605710864067,0.003011080902069807,0.0015689526917412877,0.0028684064745903015,0.027422413229942322
construction_test_042.wav,construction,construction,construction,False,False,0.9266225099563599,0.9000440463423729,0.17803783117718808,0.02657846361398697,0.006281386129558086,0.007406613323837519,0.9266225099563599,0.008360817097127438,0.016590045765042305,0.003150612348690629,0.0031722900457680225,0.0018372845370322466,0.02657846361398697
construction_test_043.wav,construction,construction,construction,False,False,0.3726160526275635,0.06984943151473999,0.7040990909496442,0.08258025348186493,0.11402472108602524,0.3027666211128235,0.3726160526275635,0.10046661645174026,0.00785792339593172,0.006178549490869045,0.0018564192578196526,0.01165288221091032,0.08258025348186493
construction_test_044.wav,construction,construction,construction,False,False,0.946891188621521,0.9318521376699209,0.1383534282561802,0.015039050951600075,0.005370869766920805,0.004408617503941059,0.946891188621521,0.009412189014256,0.012692957185208797,0.0018708753632381558,0.0012843109434470534,0.0030299671925604343,0.015039050951600075
construction_test_045.wav,construction,construction,construction,False,False,0.9371035099029541,0.9060231018811464,0.1536554990571939,0.008209590800106525,0.006126435473561287,0.004646204877644777,0.9371035099029541,0.03108040802180767,0.003369896672666073,0.004527521785348654,0.0023430362343788147,0.0025933461729437113,0.008209590800106525
construction_test_046.wav,construction,construction,construction,False,False,0.9515424966812134,0.9343260638415813,0.12761235574624363,0.010128434747457504,0.0066752624697983265,0.0018861457938328385,0.9515424966812134,0.017216432839632034,0.003977023530751467,0.004565821494907141,0.0016118339262902737,0.002396597992628813,0.010128434747457504
construction_test_047.wav,construction,construction,construction,False,False,0.9467504024505615,0.9278920870274305,0.13725324223024207,0.012871809303760529,0.0066747041419148445,0.004715694114565849,0.9467504024505615,0.01885831542313099,0.003290900494903326,0.00242751301266253,0.0014762877253815532,0.0029343976639211178,0.012871809303760529
construction_test_048.wav,construction,construction,construction,False,False,0.9384301900863647,0.9173967242240906,0.154692777006889,0.014381513930857182,0.005962522234767675,0.007229611277580261,0.9384301900863647,0.02103346586227417,0.006431442219763994,0.0029154436197131872,0.0009159515029750764,0.0026999465189874172,0.014381513930857182
dog_bark_test_001.wav,dog_bark,dog_bark,dog_bark,False,False,0.9676027297973633,0.9602469620294869,0.09396777241658527,0.004684544168412685,0.006598719395697117,0.0036142561584711075,0.0018377165542915463,0.0015201019123196602,0.004073783289641142,0.007355767767876387,0.0027123489417135715,0.9676027297973633,0.004684544168412685
dog_bark_test_002.wav,dog_bark,dog_bark,dog_bark,False,False,0.9849166870117188,0.9801107756793499,0.04880628421237987,0.0014228003565222025,0.004805911332368851,0.0015123388729989529,0.0013263382716104388,0.0014492112677544355,0.002335283439606428,0.0007635513320565224,0.0014678272418677807,0.9849166870117188,0.0014228003565222025
dog_bark_test_003.wav,dog_bark,dog_bark,dog_bark,False,False,0.9843171238899231,0.9804889932274818,0.05072678449944399,0.0017186880577355623,0.0038281306624412537,0.001414834288880229,0.0008862374816089869,0.0011877422221004963,0.0034554069861769676,0.00159797805827111,0.001593819004483521,0.9843171238899231,0.0017186880577355623
dog_bark_test_004.wav,dog_bark,dog_bark,dog_bark,False,False,0.6077451705932617,0.41341227293014526,0.5423450926206073,0.05148749053478241,0.19433289766311646,0.008043783716857433,0.006438351236283779,0.0037710252217948437,0.11098988354206085,0.00981468427926302,0.0073768021538853645,0.6077451705932617,0.05148749053478241
dog_bark_test_005.wav,dog_bark,dog_bark,dog_bark,False,False,0.9706474542617798,0.9591799098998308,0.08418794019454594,0.0017959857359528542,0.011467544361948967,0.004936940502375364,0.0012586209923028946,0.0016009211540222168,0.0027754432521760464,0.0018373518250882626,0.0036797444336116314,0.9706474542617798,0.0017959857359528542
dog_bark_test_006.wav,dog_bark,dog_bark,dog_bark,False,False,0.4797748327255249,0.021768689155578613,0.44802187872235166,0.007960357703268528,0.4580061435699463,0.0077506741508841515,0.0050650788471102715,0.003357741516083479,0.02833832986652851,0.0032924653496593237,0.00645433459430933,0.4797748327255249,0.007960357703268528
dog_bark_test_007.wav,dog_bark,dog_bark,dog_bark,False,False,0.9471032619476318,0.9141236990690231,0.12624081590975825,0.0023191794753074646,0.032979562878608704,0.002673377515748143,0.0015490349614992738,0.0011977145913988352,0.0068563069216907024,0.0017518969252705574,0.003569688880816102,0.9471032619476318,0.0023191794753074646
dog_bark_test_008.wav,dog_bark,dog_bark,dog_bark,False,False,0.9844059944152832,0.9796880553476512,0.050010096306126704,0.001385316951200366,0.003448071423918009,0.001290673273615539,0.001010194537229836,0.0009569377871230245,0.00471793906763196,0.0011296442244201899,0.0016552692977711558,0.9844059944152832,0.001385316951200366
dog_bark_test_009.wav,dog_bark,dog_bark,dog_bark,False,False,0.7312572598457336,0.5226537734270096,0.3713914324130452,0.006103188265115023,0.20860348641872406,0.009077975526452065,0.003121830290183425,0.002908330177888274,0.03082350082695484,0.0026623744051903486,0.005442013964056969,0.7312572598457336,0.006103188265115023
dog_bark_test_010.wav,dog_bark,dog_bark,dog_bark,False,False,0.9821080565452576,0.9764140881597996,0.0563817736323661,0.0019173533655703068,0.0056939683854579926,0.0014693461125716567,0.0012031705118715763,0.0011048897868022323,0.0030966042540967464,0.0013446597149595618,0.0020619870629161596,0.9821080565452576,0.0019173533655703068
dog_bark_test_011.wav,dog_bark,dog_bark,dog_bark,False,False,0.9798654913902283,0.9723478024825454,0.061400066029418804,0.0013412169646471739,0.007517688907682896,0.001806569518521428,0.000987212173640728,0.0011178494896739721,0.0038484311662614346,0.0011757975444197655,0.0023397221229970455,0.9798654913902283,0.0013412169646471739
dog_bark_test_012.wav,dog_bark,dog_bark,dog_bark,False,False,0.9105443358421326,0.8724105879664421,0.20478092517259752,0.03813374787569046,0.007860385812819004,0.017565058544278145,0.003242804203182459,0.0036620565224438906,0.01211272832006216,0.0049044121988117695,0.001974535873159766,0.9105443358421326,0.03813374787569046
dog_bark_test_013.wav,dog_bark,dog_bark,dog_bark,False,False,0.9855063557624817,0.9818448999430984,0.04751708912166238,0.0016139042563736439,0.0036614558193832636,0.001519445446319878,0.0014286088990047574,0.0011245578061789274,0.0028356274124234915,0.0012669580755755305,0.0010431107366457582,0.9855063557624817,0.0016139042563736439
dog_bark_test_014.wav,dog_bark,dog_bark,dog_bark,False,False,0.9736229777336121,0.9665144439786673,0.0786094736228882,0.004377561621367931,0.004832664970308542,0.007108533754944801,0.0013936294708400965,0.0017339379992336035,0.0031923819333314896,0.0021046712063252926,0.0016336188418790698,0.9736229777336121,0.004377561621367931
dog_bark_test_015.wav,dog_bark,dog_bark,dog_bark,False,False,0.9647714495658875,0.9543797075748444,0.09938980296035405,0.01039174199104309,0.004452493507415056,0.0023718862794339657,0.005420562345534563,0.0017348421970382333,0.007173656020313501,0.0015656505711376667,0.002117689000442624,0.9647714495658875,0.01039174199104309
dog_bark_test_016.wav,dog_bark,dog_bark,dog_bark,False,False,0.9820347428321838,0.9779691663570702,0.05733370588504951,0.002350288676097989,0.002454284345731139,0.00406557647511363,0.0015132265398278832,0.0011720354668796062,0.003108229720965028,0.0014677188592031598,0.0018338591326028109,0.9820347428321838,0.002350288676097989
dog_bark_test_017.wav,dog_bark,dog_bark,dog_bark,False,False,0.952961802482605,0.9249582216143608,0.117324674410213,0.002940912265330553,0.002249930053949356,0.02800358086824417,0.002027590526267886,0.0023955469951033592,0.004326994065195322,0.0020118169486522675,0.0030817738734185696,0.952961802482605,0.002940912265330553
dog_bark_test_018.wav,dog_bark,dog_bark,dog_bark,False,False,0.9401369094848633,0.923242911696434,0.15409467555582976,0.009446501731872559,0.006632981356233358,0.007210567593574524,0.00148960598744452,0.002271602861583233,0.01689399778842926,0.011601671576499939,0.004316199570894241,0.9401369094848633,0.009446501731872559
dog_bark_test_019.wav,dog_bark,dog_bark,dog_bark,False,False,0.96293044090271,0.9496653825044632,0.10331827532915484,0.013265058398246765,0.0033778781071305275,0.0034260153770446777,0.004720950964838266,0.002287039766088128,0.006032034754753113,0.002261897549033165,0.0016986585687845945,0.96293044090271,0.013265058398246765
dog_bark_test_020.wav,dog_bark,dog_bark,dog_bark,False,False,0.9836655259132385,0.9788665845990181,0.05220967827705404,0.0013528462732210755,0.0047989413142204285,0.0017114686779677868,0.001359895570203662,0.0010109194554388523,0.003365354146808386,0.0010100556537508965,0.0017250401433557272,0.9836655259132385,0.0013528462732210755
dog_bark_test_021.wav,dog_bark,dog_bark,dog_bark,False,False,0.9591265320777893,0.942485012114048,0.11101250408214033,0.016641519963741302,0.003393260994926095,0.005487281829118729,0.0036653236020356417,0.002557632979005575,0.004853269085288048,0.0025801078882068396,0.0016950999852269888,0.9591265320777893,0.016641519963741302
dog_bark_test_022.wav,dog_bark,dog_bark,dog_bark,False,False,0.9767001867294312,0.9681321047246456,0.06972535583356498,0.0017166957259178162,0.0020653631072491407,0.004056091420352459,0.0009217120241373777,0.0012984400382265449,0.008568082004785538,0.0020586689934134483,0.00261477567255497,0.9767001867294312,0.0017166957259178162
dog_bark_test_023.wav,dog_bark,dog_bark,dog_bark,False,False,0.9726567268371582,0.959794670343399,0.07793490725595571,0.0019906230736523867,0.012862056493759155,0.0029361362103372812,0.0016024839133024216,0.001681027701124549,0.0037711458280682564,0.0010643306886777282,0.0014354512095451355,0.9726567268371582,0.0019906230736523867
dog_bark_test_024.wav,dog_bark,dog_bark,dog_bark,False,False,0.8836256861686707,0.8336458243429661,0.2538698142195099,0.049979861825704575,0.00566761614754796,0.014834970235824585,0.012547079473733902,0.004111788235604763,0.006433925591409206,0.018687723204493523,0.00411135284230113,0.8836256861686707,0.049979861825704575
dog_bark_test_025.wav,dog_bark,dog_bark,dog_bark,False,False,0.9711467027664185,0.9584540855139494,0.08243442843285183,0.0031953288707882166,0.012692617252469063,0.0034384955652058125,0.001518372679129243,0.002117234980687499,0.002695683855563402,0.0017441624077036977,0.0014513460919260979,0.9711467027664185,0.0031953288707882166
dog_bark_test_026.wav,dog_bark,dog_bark,dog_bark,False,False,0.8304023742675781,0.7438462004065514,0.32789886644541755,0.08655617386102676,0.007776972837746143,0.024057913571596146,0.01474873535335064,0.007288474589586258,0.007234628312289715,0.01857048086822033,0.003364288480952382,0.8304023742675781,0.08655617386102676
dog_bark_test_027.wav,dog_bark,dog_bark,dog_bark,False,False,0.9462457299232483,0.9335297476500273,0.1429341073619681,0.012715982273221016,0.005882616154849529,0.004460333846509457,0.006714430637657642,0.002300642430782318,0.0035027593839913607,0.01193354744464159,0.006243966519832611,0.9462457299232483,0.012715982273221016
dog_bark_test_028.wav,dog_bark,dog_bark,dog_bark,False,False,0.9333672523498535,0.911695409566164,0.16439868749207526,0.015177488327026367,0.013877456076443195,0.0216718427836895,0.004090368282049894,0.003208479378372431,0.003980488516390324,0.002789000980556011,0.0018376809312030673,0.9333672523498535,0.015177488327026367
dog_bark_test_029.wav,dog_bark,dog_bark,dog_bark,False,False,0.9551589488983154,0.943164674565196,0.1228285614093778,0.011994274333119392,0.002723646815866232,0.005439705681055784,0.005157186649739742,0.002009519375860691,0.004566794726997614,0.008936988189816475,0.0040129562839865685,0.9551589488983154,0.011994274333119392
dog_bark_test_030.wav,dog_bark,dog_bark,dog_bark,False,False,0.8710393309593201,0.8212777152657509,0.2725639568521999,0.04976161569356918,0.017500633373856544,0.032306063920259476,0.003474684664979577,0.004831929225474596,0.011429228819906712,0.0062538194470107555,0.00340275838971138,0.8710393309593201,0.04976161569356918
dog_bark_test_031.wav,dog_bark,dog_bark,dog_bark,False,False,0.9258111119270325,0.8992321714758873,0.17527234440159692,0.016938868910074234,0.026578940451145172,0.01767643354833126,0.002306341892108321,0.002724243327975273,0.003833201015368104,0.002367844572290778,0.0017630216898396611,0.9258111119270325,0.016938868910074234
dog_bark_test_032.wav,dog_bark,dog_bark,dog_bark,False,False,0.6456581950187683,0.36304494738578796,0.4302341386560732,0.017638593912124634,0.28261324763298035,0.009993765503168106,0.005771918687969446,0.0038982778787612915,0.027530090883374214,0.0017233719117939472,0.005172578617930412,0.6456581950187683,0.017638593912124634
dog_bark_test_033.wav,dog_bark,dog_bark,dog_bark,False,False,0.960582971572876,0.9456720594316721,0.10654798383037255,0.004648817703127861,0.01491091214120388,0.0032367571257054806,0.002740133786574006,0.001474107033573091,0.009369914419949055,0.001502461964264512,0.0015339342644438148,0.960582971572876,0.004648817703127861
dog_bark_test_034.wav,dog_bark,dog_bark,others,True,False,0.36821240186691284,0.12872865796089172,0.6944780344801924,0.11466516554355621,0.23948374390602112,0.020726855844259262,0.007979901507496834,0.006069767754524946,0.225649893283844,0.010049674659967422,0.007162635214626789,0.36821240186691284,0.11466516554355621
dog_bark_test_035.wav,dog_bark,dog_bark,dog_bark,False,False,0.9576287269592285,0.9417984578758478,0.1139388825352638,0.005735386162996292,0.0158302690833807,0.004916952922940254,0.0017474830383434892,0.002158425049856305,0.008142528124153614,0.0020814654417335987,0.0017587306210771203,0.9576287269592285,0.005735386162996292
dog_bark_test_036.wav,dog_bark,dog_bark,dog_bark,False,False,0.9539335370063782,0.9262237679213285,0.11347832976923704,0.0027883322909474373,0.02770976908504963,0.007322956342250109,0.0014705397188663483,0.002032381249591708,0.0021633633878082037,0.0015387655002996325,0.0010404001222923398,0.9539335370063782,0.0027883322909474373
dog_bark_test_037.wav,dog_bark,dog_bark,dog_bark,False,False,0.939732551574707,0.8967226669192314,0.1350332164908979,0.0027254370506852865,0.043009884655475616,0.0034363947343081236,0.0029872660525143147,0.0024835437070578337,0.002452664542943239,0.001224781502969563,0.001947526354342699,0.939732551574707,0.0027254370506852865
dog_bark_test_038.wav,dog_bark,dog_bark,dog_bark,False,False,0.7711740732192993,0.6974357664585114,0.4119746015815934,0.06355565786361694,0.04969165846705437,0.07373830676078796,0.003472949145361781,0.006817716173827648,0.008963951840996742,0.02061004564166069,0.0019756669644266367,0.7711740732192993,0.06355565786361694
dog_bark_test_039.wav,dog_bark,dog_bark,dog_bark,False,False,0.9584329128265381,0.9357722662389278,0.10572424475483272,0.0017758553149178624,0.00890297256410122,0.022660646587610245,0.001257406547665596,0.001804041094146669,0.0023314161226153374,0.0012934317346662283,0.0015413009095937014,0.9584329128265381,0.0017758553149178624
dog_bark_test_040.wav,dog_bark,dragging,dragging,False,False,0.6537295579910278,0.36691561341285706,0.4015096979678156,0.004436871502548456,0.03672981262207031,0.6537295579910278,0.0035936522763222456,0.003763531567528844,0.006724098231643438,0.001676089596003294,0.0025324872694909573,0.2868139445781708,0.004436871502548456
dog_bark_test_041.wav,dog_bark,dog_bark,dog_bark,False,False,0.8992118835449219,0.8232247307896614,0.1941558894440881,0.002238866873085499,0.008183094672858715,0.07598715275526047,0.0012598690809682012,0.00335406931117177,0.00518946535885334,0.001356979482807219,0.003218662226572633,0.8992118835449219,0.002238866873085499
dog_bark_test_042.wav,dog_bark,dog_bark,dog_bark,False,False,0.957682192325592,0.9363285936415195,0.110975611031821,0.00428174389526248,0.0023239084985107183,0.021353598684072495,0.0023318114690482616,0.0021937964484095573,0.004966059233993292,0.0015185731463134289,0.0033482892904430628,0.957682192325592,0.00428174389526248
dog_bark_test_043.wav,dog_bark,dog_bark,dog_bark,False,False,0.953409731388092,0.9372848626226187,0.1234305284925477,0.005051435437053442,0.016124868765473366,0.011460785754024982,0.001652322942391038,0.0027982944156974554,0.0045690834522247314,0.002134858863428235,0.0027985749766230583,0.953409731388092,0.005051435437053442
dog_bark_test_044.wav,dog_bark,dog_bark,dog_bark,False,False,0.68526691198349,0.48511630296707153,0.4495367453466033,0.02089584991335869,0.06361232697963715,0.20015060901641846,0.0022549766581505537,0.00403769314289093,0.008880683220922947,0.008879882283508778,0.006021034903824329,0.68526691198349,0.02089584991335869
dog_bark_test_045.wav,dog_bark,dog_bark,dog_bark,False,False,0.9263286590576172,0.8852699771523476,0.16904722539593214,0.006480500567704439,0.04105868190526962,0.010164330713450909,0.0012646005488932133,0.002398518845438957,0.004401262849569321,0.005144341383129358,0.0027591059915721416,0.9263286590576172,0.006480500567704439
dog_bark_test_046.wav,dog_bark,dog_bark,dog_bark,False,False,0.976432204246521,0.9651630343869328,0.06906646901301822,0.0017233677208423615,0.011269169859588146,0.0020090064499527216,0.0018810280598700047,0.002008831361308694,0.0016629325691610575,0.0017145541496574879,0.0012988984817638993,0.976432204246521,0.0017233677208423615
dog_bark_test_047.wav,dog_bark,dog_bark,dog_bark,False,False,0.9785868525505066,0.9719586074352264,0.0646902479368309,0.0018567299703136086,0.006628245115280151,0.005737865809351206,0.0008807194535620511,0.0017252621473744512,0.0025491800624877214,0.0010369539959356189,0.0009982099290937185,0.9785868525505066,0.0018567299703136086
dragging_test_001.wav,dragging,dragging,dragging,False,False,0.3315291702747345,0.04322481155395508,0.7677364559903123,0.03913235664367676,0.09448431432247162,0.3315291702747345,0.12320080399513245,0.2883043587207794,0.011422945186495781,0.0921873077750206,0.0018976270221173763,0.017841065302491188,0.03913235664367676
dragging_test_002.wav,dragging,dragging,dragging,False,False,0.735885739326477,0.5495454370975494,0.3941682250994551,0.018813002854585648,0.01542704552412033,0.735885739326477,0.1863403022289276,0.025210808962583542,0.007748059928417206,0.0018450194038450718,0.002047569490969181,0.0066824546083807945,0.018813002854585648
dragging_test_003.wav,dragging,dragging,others,True,False,0.4348961412906647,0.2710678279399872,0.748331688103089,0.0981762558221817,0.02405412681400776,0.4348961412906647,0.1375846117734909,0.10244282335042953,0.024108238518238068,0.1638283133506775,0.004884076304733753,0.010025445371866226,0.0981762558221817
dragging_test_004.wav,dragging,dragging,dragging,False,False,0.725260853767395,0.5338723361492157,0.4106624025889121,0.013473894447088242,0.01594507321715355,0.725260853767395,0.018499227240681648,0.19138851761817932,0.0044540176168084145,0.00931495986878872,0.0011072868946939707,0.020556172356009483,0.013473894447088242
dragging_test_005.wav,dragging,dragging,others,True,False,0.3921175003051758,0.11472031474113464,0.7224645599075776,0.09384581446647644,0.036448534578084946,0.3921175003051758,0.007631340064108372,0.13881251215934753,0.008716335520148277,0.27739718556404114,0.016504565253853798,0.028526201844215393,0.09384581446647644
dragging_test_006.wav,dragging,dragging,dragging,False,False,0.6897954344749451,0.5449781268835068,0.48764626261848343,0.013970629312098026,0.014362908899784088,0.6897954344749451,0.01961534470319748,0.09293558448553085,0.005401431117206812,0.1448173075914383,0.0086077144369483,0.010493619367480278,0.013970629312098026
dragging_test_007.wav,dragging,dragging,dragging,False,False,0.8132226467132568,0.731555312871933,0.34895774509460503,0.0058952271938323975,0.04914877936244011,0.8132226467132568,0.0016592169413343072,0.010814568027853966,0.008623385801911354,0.08166733384132385,0.024466760456562042,0.0045021590776741505,0.0058952271938323975
dragging_test_008.wav,dragging,water_toilet,water_toilet,False,False,0.4705122709274292,0.06129148602485657,0.539142884361861,0.011032147333025932,0.007449510972946882,0.40922078490257263,0.022198671475052834,0.04422686994075775,0.008580083027482033,0.4705122709274292,0.01655568741261959,0.01022400800138712,0.011032147333025932
dragging_test_009.wav,dragging,dragging,dragging,False,False,0.6505385041236877,0.486516535282135,0.5044315154240628,0.013314162380993366,0.01780751347541809,0.6505385041236877,0.0064087179489433765,0.16402196884155273,0.012610317207872868,0.12449999898672104,0.006834478583186865,0.0039643654599785805,0.013314162380993366
dragging_test_010.wav,dragging,dragging,dragging,False,False,0.9761114716529846,0.9636424230411649,0.06800767237790709,0.0017334242584183812,0.012469048611819744,0.9761114716529846,0.002048979979008436,0.002485055709257722,0.0008940603584051132,0.00041763309855014086,0.0005983604933135211,0.0032420139759778976,0.0017334242584183812
dragging_test_011.wav,dragging,dragging,dragging,False,False,0.9652587175369263,0.9424572419375181,0.0884413223331535,0.0017331554554402828,0.02280147559940815,0.9652587175369263,0.0011749217519536614,0.0038106683641672134,0.0011094927322119474,0.00058275944320485,0.0008939977269619703,0.002634860575199127,0.0017331554554402828
dragging_test_012.wav,dragging,dragging,dragging,False,False,0.975789487361908,0.9621513905003667,0.0680417441949667,0.0019210843602195382,0.013638096861541271,0.975789487361908,0.0012759369565173984,0.002238168613985181,0.0009688310674391687,0.0005476186634041369,0.0006143298232927918,0.0030064804013818502,0.0019210843602195382
dragging_test_013.wav,dragging,dragging,dragging,False,False,0.9800964593887329,0.9752908735536039,0.06167070096802967,0.0029460324440151453,0.004805585835129023,0.9800964593887329,0.0012565564829856157,0.0035121773835271597,0.0012023977469652891,0.0010634439531713724,0.0008993457886390388,0.004218041431158781,0.0029460324440151453
dragging_test_014.wav,dragging,dragging,dragging,False,False,0.9717437028884888,0.9536818843334913,0.07516158748898241,0.0015188810648396611,0.018061818554997444,0.9717437028884888,0.0008510296465829015,0.002554577076807618,0.0008720265468582511,0.0005543669103644788,0.0008223423501476645,0.0030212588608264923,0.0015188810648396611
dragging_test_015.wav,dragging,dragging,dragging,False,False,0.9739276170730591,0.9581788070499897,0.07137574338144372,0.0017602266743779182,0.01574881002306938,0.9739276170730591,0.0014726044610142708,0.002248230390250683,0.0008649650262668729,0.00045722752111032605,0.0006933009717613459,0.002827111165970564,0.0017602266743779182
dragging_test_016.wav,dragging,dragging,dragging,False,False,0.970750629901886,0.9546239338815212,0.0794985554447197,0.0022096747998148203,0.01612669602036476,0.970750629901886,0.0016138855135068297,0.002994161332026124,0.0013874865835532546,0.00037768614129163325,0.0004262410511728376,0.004113555885851383,0.0022096747998148203
dragging_test_017.wav,dragging,dragging,dragging,False,False,0.9617593288421631,0.9379177559167147,0.09632129809996179,0.0018709850264713168,0.023841572925448418,0.9617593288421631,0.001494317315518856,0.0032842440996319056,0.0010542139643803239,0.00033730914583429694,0.0009734015911817551,0.005384647287428379,0.0018709850264713168
dragging_test_018.wav,dragging,machine_noise,machine_noise,False,False,0.40159907937049866,0.10320305824279785,0.6748693782354691,0.08878994733095169,0.01368774101138115,0.1542016565799713,0.2983960211277008,0.40159907937049866,0.005209070630371571,0.011026368476450443,0.012797516770660877,0.01429256983101368,0.08878994733095169
dragging_test_019.wav,dragging,dragging,dragging,False,False,0.8551247715950012,0.7848043069243431,0.2908715091465806,0.005139098968356848,0.015294346958398819,0.8551247715950012,0.008982532657682896,0.07032046467065811,0.006814062595367432,0.028774229809641838,0.007674342021346092,0.0018761163810268044,0.005139098968356848
dragging_test_020.wav,dragging,dragging,dragging,False,False,0.5852876901626587,0.3467676639556885,0.5742120073787852,0.02632008120417595,0.023384112864732742,0.5852876901626587,0.040684692561626434,0.23852002620697021,0.0019726110622286797,0.0308468509465456,0.047690413892269135,0.0052935355342924595,0.02632008120417595
dragging_test_021.wav,dragging,dragging,dragging,False,False,0.7603417634963989,0.6613478809595108,0.42914104640414863,0.024359362199902534,0.004854930564761162,0.7603417634963989,0.0038417475298047066,0.01297987811267376,0.011846343986690044,0.09899388253688812,0.05512375384569168,0.027658430859446526,0.024359362199902534
dragging_test_022.wav,dragging,dragging,dragging,False,False,0.8087543249130249,0.7305335104465485,0.36807952158408475,0.011328394524753094,0.014086198061704636,0.8087543249130249,0.008046830072999,0.07822081446647644,0.02938004769384861,0.011666067875921726,0.03675483912229538,0.0017625408945605159,0.011328394524753094
dragging_test_023.wav,dragging,dragging,dragging,False,False,0.8952815532684326,0.8231940343976021,0.2079737745325495,0.010008765384554863,0.00593130849301815,0.8952815532684326,0.007724611554294825,0.07208751887083054,0.0026864157989621162,0.002580349100753665,0.0011470752069726586,0.0025524371303617954,0.010008765384554863
dragging_test_024.wav,dragging,dragging,dragging,False,False,0.8114842772483826,0.7027363032102585,0.33608377954946084,0.010327798314392567,0.032205741852521896,0.8114842772483826,0.0112568074837327,0.10874797403812408,0.0015234776074066758,0.004095103126019239,0.01785099320113659,0.002507816767320037,0.010327798314392567
dragging_test_025.wav,dragging,machine_noise,machine_noise,False,False,0.5209363698959351,0.21580100059509277,0.5726754118329851,0.010907327756285667,0.009873771108686924,0.3051353693008423,0.0177261084318161,0.5209363698959351,0.015429100953042507,0.09646348655223846,0.018768131732940674,0.004760304000228643,0.010907327756285667
dragging_test_026.wav,dragging,machine_noise,machine_noise,False,False,0.7889927625656128,0.720925822854042,0.3924745356901262,0.01284277904778719,0.019446110352873802,0.06806693971157074,0.036679115146398544,0.7889927625656128,0.0019359943689778447,0.061552029103040695,0.0045578815042972565,0.005926279816776514,0.01284277904778719
dragging_test_027.wav,dragging,dragging,dragging,False,False,0.551384449005127,0.2028070092201233,0.48657848008416765,0.01924261823296547,0.012027159333229065,0.551384449005127,0.05142354965209961,0.34857743978500366,0.0031770248897373676,0.005981913767755032,0.0012393229408189654,0.006946583744138479,0.01924261823296547
dragging_test_028.wav,dragging,dragging,dragging,False,False,0.6715043783187866,0.48651042580604553,0.4724062860764263,0.014436607249081135,0.1849939525127411,0.6715043783187866,0.036376312375068665,0.0762205570936203,0.0020997219253331423,0.0013005140936002135,0.0005246303626336157,0.012543349526822567,0.014436607249081135
dragging_test_029.wav,dragging,dragging,dragging,False,False,0.7234563231468201,0.5508933514356613,0.43145877090873186,0.009970097802579403,0.01634463295340538,0.7234563231468201,0.005824005231261253,0.17256297171115875,0.005721151363104582,0.02220156043767929,0.038640376180410385,0.0052789379842579365,0.009970097802579403
dragging_test_030.wav,dragging,dragging,dragging,False,False,0.5388665795326233,0.2779225707054138,0.5704379025856036,0.013728786259889603,0.025608975440263748,0.5388665795326233,0.12685519456863403,0.2609440088272095,0.006391669623553753,0.017194900661706924,0.0021594755817204714,0.008250446990132332,0.013728786259889603
dragging_test_031.wav,dragging,dragging,dragging,False,False,0.6827254891395569,0.5825768634676933,0.5022905249068549,0.010878962464630604,0.08527779579162598,0.6827254891395569,0.0896962508559227,0.10014862567186356,0.001179060316644609,0.020543010905385017,0.007455416489392519,0.0020954052451997995,0.010878962464630604
dragging_test_032.wav,dragging,heavy_impact,heavy_impact,False,False,0.5139219760894775,0.14059919118881226,0.4957940927815072,0.012634028680622578,0.5139219760894775,0.3733227849006653,0.009221870452165604,0.07458870112895966,0.0018526333151385188,0.005356868263334036,0.002108371816575527,0.00699278200045228,0.012634028680622578
dragging_test_033.wav,dragging,dragging,dragging,False,False,0.44008395075798035,0.15888643264770508,0.6874418787304672,0.07472063601016998,0.028119107708334923,0.44008395075798035,0.038628559559583664,0.28119751811027527,0.004444857127964497,0.10830286145210266,0.013448131270706654,0.011054419912397861,0.07472063601016998
dragging_test_034.wav,dragging,dragging,dragging,False,False,0.7500290274620056,0.6430975720286369,0.4236781622325998,0.007800147868692875,0.0421263687312603,0.7500290274620056,0.018607111647725105,0.10693145543336868,0.0009922059252858162,0.06447330862283707,0.0072120968252420425,0.0018282481469213963,0.007800147868692875
dragging_test_035.wav,dragging,dragging,dragging,False,False,0.9214127659797668,0.8879666589200497,0.17735800890694725,0.009070823900401592,0.025593437254428864,0.9214127659797668,0.0032194554805755615,0.03344610705971718,0.0019759852439165115,0.0018582456978037953,0.0012959394371137023,0.0021272453013807535,0.009070823900401592
dragging_test_036.wav,dragging,machine_noise,machine_noise,False,False,0.5763348937034607,0.296499639749527,0.534624896314373,0.015527470968663692,0.00785901490598917,0.2798352539539337,0.010391849093139172,0.5763348937034607,0.013815676793456078,0.07321242988109589,0.01712649129331112,0.005896919406950474,0.015527470968663692
dragging_test_037.wav,dragging,dragging,dragging,False,False,0.8303738236427307,0.7684165723621845,0.3394950574690975,0.03059980645775795,0.03055693954229355,0.8303738236427307,0.008479026146233082,0.06195725128054619,0.0026654666289687157,0.007209685631096363,0.022825732827186584,0.00533228600397706,0.03059980645775795
dragging_test_038.wav,dragging,dragging,dragging,False,False,0.8054988980293274,0.652944341301918,0.3036583691148312,0.006015628110617399,0.15255455672740936,0.8054988980293274,0.0031862352043390274,0.011965448968112469,0.001192767173051834,0.007864171639084816,0.0023364382795989513,0.009385927580296993,0.006015628110617399
dragging_test_039.wav,dragging,dragging,dragging,False,False,0.5294302105903625,0.11457791924476624,0.43058489390653565,0.005596071947365999,0.4148522913455963,0.5294302105903625,0.0025841491296887398,0.0050975303165614605,0.0021890902426093817,0.029479194432497025,0.007000959012657404,0.0037704426795244217,0.005596071947365999
dragging_test_040.wav,dragging,dragging,dragging,False,False,0.6780913472175598,0.5078072100877762,0.47236060379941325,0.0049127317033708096,0.01701240800321102,0.6780913472175598,0.009696935303509235,0.0953625738620758,0.0018917425768449903,0.17028413712978363,0.018732938915491104,0.004015205893665552,0.0049127317033708096
dragging_test_041.wav,dragging,dragging,dragging,False,False,0.7252960801124573,0.5543045401573181,0.4314461567407918,0.010371512733399868,0.026855403557419777,0.7252960801124573,0.028777562081813812,0.17099153995513916,0.0016294412780553102,0.017708903178572655,0.013010215014219284,0.005359296221286058,0.010371512733399868
dragging_test_042.wav,dragging,dragging,dragging,False,False,0.6833889484405518,0.6083422303199768,0.5658570878436012,0.030919276177883148,0.014093446545302868,0.6833889484405518,0.06282161921262741,0.027266453951597214,0.01950092799961567,0.07504671812057495,0.04011284187436104,0.04684979096055031,0.030919276177883148
dragging_test_043.wav,dragging,dragging,dragging,False,False,0.6048600077629089,0.3422783315181732,0.5086121490790719,0.07159546762704849,0.008182009682059288,0.6048600077629089,0.011898856610059738,0.2625816762447357,0.01704183779656887,0.01160643994808197,0.0027343807741999626,0.009499305859208107,0.07159546762704849
dragging_test_044.wav,dragging,dragging,dragging,False,False,0.8494464755058289,0.780863843858242,0.2996632586738911,0.029667336493730545,0.022607242688536644,0.8494464755058289,0.011676790192723274,0.06858263164758682,0.002350778318941593,0.00957037415355444,0.003143482841551304,0.00295483460649848,0.029667336493730545
dragging_test_045.wav,dragging,dragging,dragging,False,False,0.6647422313690186,0.47517286241054535,0.48782025675432766,0.012770196422934532,0.045090384781360626,0.6647422313690186,0.015032786875963211,0.1895693689584732,0.004769622348248959,0.06386788934469223,0.0013658403186127543,0.0027916503604501486,0.012770196422934532
dragging_test_046.wav,dragging,dragging,dragging,False,False,0.868235170841217,0.8127908743917942,0.2752002636971877,0.025044765323400497,0.009641210548579693,0.868235170841217,0.055444296449422836,0.02208401821553707,0.008021330460906029,0.0032223695889115334,0.0011526871239766479,0.007154150865972042,0.025044765323400497
dragging_test_047.wav,dragging,dragging,dragging,False,False,0.871555507183075,0.8159268647432327,0.266854024879726,0.016503119841217995,0.008839613758027554,0.871555507183075,0.02815822698175907,0.055628642439842224,0.007183561567217112,0.0015219056513160467,0.0005595156108029187,0.010049981065094471,0.016503119841217995
dragging_test_048.wav,dragging,dragging,dragging,False,False,0.4362819492816925,0.1302945911884308,0.5979359206231722,0.02713986672461033,0.017614176496863365,0.4362819492816925,0.3059873580932617,0.19255687296390533,0.005472859833389521,0.0034935367293655872,0.0012114575365558267,0.01024194061756134,0.02713986672461033
heavy_impact_test_001.wav,heavy_impact,heavy_impact,heavy_impact,False,False,0.8446370363235474,0.7729949131608009,0.3101293016318699,0.012841714546084404,0.8446370363235474,0.07164212316274643,0.02602979727089405,0.017195135354995728,0.0015000960556790233,0.0022234003990888596,0.012779263779520988,0.01115148514509201,0.012841714546084404
heavy_impact_test_002.wav,heavy_impact,heavy_impact,heavy_impact,False,False,0.9565585255622864,0.94679403770715,0.11886257206367139,0.002536968095228076,0.9565585255622864,0.008219284936785698,0.009371205233037472,0.0030558856669813395,0.0018734711920842528,0.001988115953281522,0.006632039789110422,0.009764487855136395,0.002536968095228076
heavy_impact_test_003.wav,heavy_impact,heavy_impact,heavy_impact,False,False,0.868015468120575,0.8001865297555923,0.26910032335380124,0.0041282870806753635,0.868015468120575,0.019573945552110672,0.004965781234204769,0.005215135402977467,0.0028170293662697077,0.008815713226795197,0.018639754503965378,0.0678289383649826,0.0041282870806753635
heavy_impact_test_004.wav,heavy_impact,heavy_impact,heavy_impact,False,False,0.9532740116119385,0.9404881475493312,0.12335750195470974,0.0020121708512306213,0.9532740116119385,0.012785864062607288,0.00919986143708229,0.004552009049803019,0.00120746239554137,0.0010882969945669174,0.0033565331250429153,0.012523782439529896,0.0020121708512306213
heavy_impact_test_005.wav,heavy_impact,heavy_impact,heavy_impact,False,False,0.7999675273895264,0.6547153443098068,0.3223574760329686,0.0033344263210892677,0.7999675273895264,0.14525218307971954,0.008375270292162895,0.005763587541878223,0.0011339137563481927,0.003398425877094269,0.012311819940805435,0.02046273835003376,0.0033344263210892677
heavy_impact_test_006.wav,heavy_impact,heavy_impact,heavy_impact,False,False,0.7635118961334229,0.5612840354442596,0.3214484149967546,0.008863324299454689,0.7635118961334229,0.2022278606891632,0.0038099922239780426,0.0030025942251086235,0.0025757839903235435,0.00652418565005064,0.001493824296630919,0.007990594021975994,0.008863324299454689
heavy_impact_test_007.wav,heavy_impact,heavy_impact,heavy_impact,False,False,0.9231166243553162,0.8645600825548172,0.15825067767430215,0.0034245396964251995,0.9231166243553162,0.05855654180049896,0.0018694233149290085,0.002097262302413583,0.0015643429942429066,0.0044309161603450775,0.0017695084679871798,0.0031707657035440207,0.0034245396964251995
heavy_impact_test_008.wav,heavy_impact,heavy_impact,heavy_impact,False,False,0.8849505186080933,0.8515613488852978,0.258690867824474,0.01404340285807848,0.8849505186080933,0.00762599054723978,0.006696660537272692,0.006491063162684441,0.0024280729703605175,0.033389169722795486,0.024225179105997086,0.020149892196059227,0.01404340285807848
heavy_impact_test_009.wav,heavy_impact,heavy_impact,heavy_impact,False,False,0.9693061709403992,0.9574823202565312,0.0881586835895674,0.0030279182828962803,0.9693061709403992,0.011823850683867931,0.003139435313642025,0.002219736110419035,0.0014634873950853944,0.002511105500161648,0.0027857376262545586,0.003722547087818384,0.0030279182828962803
heavy_impact_test_010.wav,heavy_impact,heavy_impact,heavy_impact,False,False,0.9691486358642578,0.9552418822422624,0.08682664101871801,0.0026008430868387222,0.9691486358642578,0.013906753621995449,0.0032136584632098675,0.0030231967102736235,0.001490744878537953,0.0036544951144605875,0.0016616724897176027,0.001299945986829698,0.0026008430868387222
heavy_impact_test_011.wav,heavy_impact,heavy_impact,heavy_impact,False,False,0.854027509689331,0.7718796581029892,0.2800342569970064,0.004828129429370165,0.854027509689331,0.01285403873771429,0.08214785158634186,0.005398182198405266,0.002060001716017723,0.0016502189682796597,0.008502054959535599,0.028531983494758606,0.004828129429370165
heavy_impact_test_012.wav,heavy_impact,heavy_impact,heavy_impact,False,False,0.9741272926330566,0.9663299196399748,0.07669256769550592,0.002074847463518381,0.9741272926330566,0.007797372993081808,0.006157704163342714,0.002732589142397046,0.0011440749512985349,0.001835757284425199,0.0018975228304043412,0.0022328246850520372,0.002074847463518381
heavy_impact_test_013.wav,heavy_impact,heavy_impact,heavy_impact,False,False,0.9452129602432251,0.9247518219053745,0.14180492231338926,0.008387845940887928,0.9452129602432251,0.02046113833785057,0.002753094770014286,0.0031259735114872456,0.00199076347053051,0.006872497033327818,0.004344597924500704,0.006851193495094776,0.008387845940887928
heavy_impact_test_014.wav,heavy_impact,heavy_impact,heavy_impact,False,False,0.8912864327430725,0.8129659593105316,0.2101077119666081,0.0044973767362535,0.8912864327430725,0.0783204734325409,0.009657650254666805,0.005362381227314472,0.0015430068597197533,0.0009424588060937822,0.0037988959811627865,0.0045914240181446075,0.0044973767362535
heavy_impact_test_015.wav,heavy_impact,heavy_impact,heavy_impact,False,False,0.9689779877662659,0.9611644735559821,0.08963830514350482,0.002508015837520361,0.9689779877662659,0.0076118456199765205,0.005097364541143179,0.0025541766081005335,0.0015733924228698015,0.0014979428378865123,0.002365660620853305,0.007813514210283756,0.002508015837520361
heavy_impact_test_016.wav,heavy_impact,heavy_impact,heavy_impact,False,False,0.9578157663345337,0.9462013710290194,0.11720214065411565,0.003830629400908947,0.9578157663345337,0.006173314992338419,0.004846177063882351,0.002200582530349493,0.0027830181643366814,0.0057244570925831795,0.005011652130633593,0.011614395305514336,0.003830629400908947
heavy_impact_test_017.wav,heavy_impact,heavy_impact,heavy_impact,False,False,0.9368047714233398,0.8968183062970638,0.14496443229183945,0.005550341214984655,0.9368047714233398,0.039986465126276016,0.007077248301357031,0.002099366392940283,0.002814088948071003,0.0026634428650140762,0.001668666023761034,0.0013355155242606997,0.005550341214984655
heavy_impact_test_018.wav,heavy_impact,heavy_impact,heavy_impact,False,False,0.9753240942955017,0.9681296022608876,0.07465131726856392,0.0032946013379842043,0.9753240942955017,0.007194492034614086,0.0035224284511059523,0.0018071042140945792,0.0017607221379876137,0.0019886158406734467,0.0027544705662876368,0.0023534127976745367,0.0032946013379842043
heavy_impact_test_019.wav,heavy_impact,heavy_impact,heavy_impact,False,False,0.9646040797233582,0.9482785444706678,0.09650934414761884,0.002463533775880933,0.9646040797233582,0.016325535252690315,0.003118839580565691,0.0020619325805455446,0.0011617813725024462,0.0011225291527807713,0.003704265458509326,0.005437513813376427,0.002463533775880933
heavy_impact_test_020.wav,heavy_impact,heavy_impact,heavy_impact,False,False,0.9692691564559937,0.9544023722410202,0.08592508744697157,0.0026627436745911837,0.9692691564559937,0.01486678421497345,0.002955879783257842,0.0021062814630568027,0.0015795663930475712,0.002030676696449518,0.003165256232023239,0.0013636946678161621,0.0026627436745911837
heavy_impact_test_021.wav,heavy_impact,heavy_impact,heavy_impact,False,False,0.8441402912139893,0.7101099044084549,0.24285558393737444,0.0042738341726362705,0.8441402912139893,0.13403038680553436,0.008149239234626293,0.0019939886406064034,0.0027629013638943434,0.0017094194190576673,0.0012467693304643035,0.0016932522412389517,0.0042738341726362705
heavy_impact_test_022.wav,heavy_impact,heavy_impact,heavy_impact,False,False,0.9642543792724609,0.9473805092275143,0.09715191393157216,0.004672774113714695,0.9642543792724609,0.01687387004494667,0.004890793934464455,0.0019165007397532463,0.0020084003917872906,0.001632461091503501,0.0014413663884624839,0.0023094797506928444,0.004672774113714695
heavy_impact_test_023.wav,heavy_impact,heavy_impact,heavy_impact,False,False,0.958380401134491,0.9371520858258009,0.1094836669278045,0.00360231869854033,0.958380401134491,0.02122831530869007,0.0032140612602233887,0.0017988226609304547,0.002310480223968625,0.0026299322489649057,0.0021079943981021643,0.004727677907794714,0.00360231869854033
heavy_impact_test_024.wav,heavy_impact,heavy_impact,heavy_impact,False,False,0.9623739719390869,0.951184275560081,0.10538165480447773,0.003501571249216795,0.9623739719390869,0.011189696379005909,0.0043882704339921474,0.004743767902255058,0.0012732113245874643,0.007434518076479435,0.0025193116161972284,0.002575675956904888,0.003501571249216795
heavy_impact_test_025.wav,heavy_impact,heavy_impact,heavy_impact,False,False,0.9683674573898315,0.9611661438830197,0.09228839940968728,0.0027592515107244253,0.9683674573898315,0.006200403906404972,0.007201313506811857,0.004066525027155876,0.0012843329459428787,0.002584409201517701,0.003335874527692795,0.004200385417789221,0.0027592515107244253
heavy_impact_test_026.wav,heavy_impact,heavy_impact,heavy_impact,False,False,0.9749637842178345,0.9691540692001581,0.07564134634296954,0.0022701809648424387,0.9749637842178345,0.0058097150176763535,0.005471286829560995,0.002520476235076785,0.0014736369485035539,0.0015078780706971884,0.0028841085731983185,0.0030988547950983047,0.0022701809648424387
heavy_impact_test_027.wav,heavy_impact,heavy_impact,heavy_impact,False,False,0.9202501773834229,0.8659351393580437,0.17060485811858705,0.005367968697100878,0.9202501773834229,0.05431503802537918,0.00469836313277483,0.005832950584590435,0.002557972213253379,0.0024793162010610104,0.0010592591715976596,0.003438912332057953,0.005367968697100878
heavy_impact_test_028.wav,heavy_impact,heavy_impact,heavy_impact,False,False,0.9562955498695374,0.9390495922416449,0.11545328799638649,0.004163649398833513,0.9562955498695374,0.017245957627892494,0.009888955391943455,0.005166598595678806,0.0020887970458716154,0.002758664544671774,0.0011997773544862866,0.0011921307304874063,0.004163649398833513
heavy_impact_test_029.wav,heavy_impact,heavy_impact,heavy_impact,False,False,0.9373391270637512,0.9182169362902641,0.16052668047933305,0.006366966292262077,0.9373391270637512,0.01912219077348709,0.005697394721210003,0.008607602678239346,0.0016591610619798303,0.010241681709885597,0.003406768199056387,0.007559183053672314,0.006366966292262077
heavy_impact_test_030.wav,heavy_impact,heavy_impact,heavy_impact,False,False,0.8977709412574768,0.8166559562087059,0.19109915102529587,0.005614195950329304,0.8977709412574768,0.0811149850487709,0.005006346385926008,0.00231338944286108,0.0016795104602351785,0.001272696303203702,0.0013484170194715261,0.003879469819366932,0.005614195950329304
heavy_impact_test_031.wav,heavy_impact,heavy_impact,heavy_impact,False,False,0.8829696178436279,0.820658802986145,0.2344111173734375,0.003615478752180934,0.8829696178436279,0.030402541160583496,0.06231081485748291,0.011641481891274452,0.0011833241442218423,0.0010210485197603703,0.0028839949518442154,0.003971630707383156,0.003615478752180934
heavy_impact_test_032.wav,heavy_impact,heavy_impact,heavy_impact,False,False,0.763857901096344,0.5675123780965805,0.32714432218465866,0.00542146572843194,0.763857901096344,0.1963455229997635,0.009013671427965164,0.014352838508784771,0.001028711791150272,0.004494393244385719,0.0005809893482364714,0.004904425237327814,0.00542146572843194
heavy_impact_test_033.wav,heavy_impact,heavy_impact,heavy_impact,False,False,0.9397420883178711,0.9106752965599298,0.149275507294246,0.00540185859426856,0.9397420883178711,0.006493085063993931,0.029066791757941246,0.003218867350369692,0.0045510283671319485,0.002759757684543729,0.002289960626512766,0.006476450711488724,0.00540185859426856
heavy_impact_test_034.wav,heavy_impact,heavy_impact,heavy_impact,False,False,0.9588525295257568,0.9439875036478043,0.11046871137133057,0.004837353248149157,0.9588525295257568,0.014865025877952576,0.009126141667366028,0.004077345598489046,0.0009046067134477198,0.0011926678707823157,0.0012693556491285563,0.004874879028648138,0.004837353248149157
heavy_impact_test_035.wav,heavy_impact,heavy_impact,heavy_impact,False,False,0.9619947075843811,0.9502573385834694,0.10405099572301531,0.004565411247313023,0.9619947075843811,0.011737369000911713,0.011108200065791607,0.002849969081580639,0.0018023732118308544,0.0012260866351425648,0.0015883841551840305,0.0031275216024369,0.004565411247313023
heavy_impact_test_036.wav,heavy_impact,heavy_impact,heavy_impact,False,False,0.9203884601593018,0.8934094607830048,0.18606727805227544,0.007648936007171869,0.9203884601593018,0.022227853536605835,0.026978999376296997,0.013754152692854404,0.0035704472102224827,0.0024244345258921385,0.0011314298026263714,0.0018752526957541704,0.007648936007171869
heavy_impact_test_037.wav,heavy_impact,heavy_impact,heavy_impact,False,False,0.9550697207450867,0.9447985757142305,0.12293903710601417,0.004334444645792246,0.9550697207450867,0.005301530472934246,0.008652995340526104,0.0038198353722691536,0.0023592638317495584,0.0016131799202412367,0.010271145030856133,0.008577972650527954,0.004334444645792246
heavy_impact_test_038.wav,heavy_impact,heavy_impact,heavy_impact,False,False,0.9350036978721619,0.9127621799707413,0.1602871740519291,0.005815854296088219,0.9350036978721619,0.008769185282289982,0.017205508425831795,0.004545104689896107,0.0034078455064445734,0.0019121962832286954,0.0010991209419444203,0.022241517901420593,0.005815854296088219
heavy_impact_test_039.wav,heavy_impact,heavy_impact,heavy_impact,False,False,0.9020566344261169,0.8520916849374771,0.21143194189150752,0.0058365692384541035,0.9020566344261169,0.015568578615784645,0.04996494948863983,0.006685215048491955,0.002155158668756485,0.0008170087821781635,0.0016970098949968815,0.015218923799693584,0.0058365692384541035
heavy_impact_test_040.wav,heavy_impact,heavy_impact,heavy_impact,False,False,0.9213196635246277,0.8840865045785904,0.1811306488290132,0.004846744704991579,0.9213196635246277,0.012620417401194572,0.03723315894603729,0.003993521444499493,0.0022901941556483507,0.0014253271510824561,0.002297435188665986,0.013973533175885677,0.004846744704991579
heavy_impact_test_041.wav,heavy_impact,heavy_impact,heavy_impact,False,False,0.9639003872871399,0.9510737685486674,0.10077453341869072,0.0033156629651784897,0.9639003872871399,0.005633602850139141,0.012826618738472462,0.0029957019723951817,0.001563300029374659,0.0013113772729411721,0.0029106957372277975,0.00554265221580863,0.0033156629651784897
heavy_impact_test_042.wav,heavy_impact,heavy_impact,heavy_impact,False,False,0.9540948867797852,0.9411022393032908,0.12573905686179393,0.004251405596733093,0.9540948867797852,0.012992647476494312,0.00491951173171401,0.002207692014053464,0.0067064110189676285,0.005435402970761061,0.0039754449389874935,0.005416641943156719,0.004251405596733093
heavy_impact_test_043.wav,heavy_impact,heavy_impact,heavy_impact,False,False,0.9621198773384094,0.9501331867650151,0.10385283121376332,0.003036469453945756,0.9621198773384094,0.011986690573394299,0.007102399133145809,0.0021079308353364468,0.0016726371832191944,0.0014451227616518736,0.001432279241271317,0.009096630848944187,0.003036469453945756
heavy_impact_test_044.wav,heavy_impact,heavy_impact,heavy_impact,False,False,0.9700382947921753,0.9607658097520471,0.08635185323198899,0.003162718378007412,0.9700382947921753,0.009272485040128231,0.00713396118953824,0.003456827951595187,0.001592010841704905,0.0015638648765161633,0.0011475106002762914,0.0026323499623686075,0.003162718378007412
heavy_impact_test_045.wav,heavy_impact,heavy_impact,heavy_impact,False,False,0.9168105125427246,0.8735183328390121,0.18573598659858073,0.007061360869556665,0.9168105125427246,0.04329217970371246,0.012157832272350788,0.009882131591439247,0.0009835985256358981,0.0013001756742596626,0.0006549974204972386,0.00785728357732296,0.007061360869556665
heavy_impact_test_046.wav,heavy_impact,heavy_impact,heavy_impact,False,False,0.772397518157959,0.6866531893610954,0.41930196828365535,0.020380258560180664,0.772397518157959,0.009126524440944195,0.04061448946595192,0.006297245621681213,0.0020715738646686077,0.043575718998909,0.019792327657341957,0.08574432879686356,0.020380258560180664
heavy_impact_test_047.wav,heavy_impact,heavy_impact,heavy_impact,False,False,0.8642644286155701,0.8085002079606056,0.27458330881232557,0.007846989668905735,0.8642644286155701,0.0068128095008432865,0.05576422065496445,0.0062917256727814674,0.001467443653382361,0.0058512999676167965,0.006498123984783888,0.04520294442772865,0.007846989668905735
heavy_impact_test_048.wav,heavy_impact,heavy_impact,heavy_impact,False,False,0.9208595752716064,0.8891334570944309,0.18818027325482922,0.007760355249047279,0.9208595752716064,0.03172611817717552,0.004806363023817539,0.006840992718935013,0.002931712195277214,0.0019836355932056904,0.01610174961388111,0.00698954239487648,0.007760355249047279
machine_noise_test_001.wav,machine_noise,machine_noise,machine_noise,False,False,0.47105786204338074,0.22470979392528534,0.6430543307656813,0.05656514689326286,0.16591434180736542,0.2463480681180954,0.019411662593483925,0.47105786204338074,0.003658750792965293,0.014627630822360516,0.002940334612503648,0.019476139917969704,0.05656514689326286
machine_noise_test_002.wav,machine_noise,machine_noise,machine_noise,False,False,0.9114728569984436,0.8806059621274471,0.20686668462329794,0.0073289950378239155,0.005283357575535774,0.030866894870996475,0.022242095321416855,0.9114728569984436,0.0021176033187657595,0.010657119564712048,0.003909004852175713,0.006122036371380091,0.0073289950378239155
machine_noise_test_003.wav,machine_noise,machine_noise,machine_noise,False,False,0.7824290990829468,0.684328518807888,0.3981894590752904,0.016748512163758278,0.00514046847820282,0.03372827544808388,0.03893083706498146,0.7824290990829468,0.010568073950707912,0.09810058027505875,0.006598080042749643,0.007756147999316454,0.016748512163758278
machine_noise_test_004.wav,machine_noise,dragging,dragging,False,False,0.548887312412262,0.3584946542978287,0.5765601957771247,0.016841258853673935,0.039337821304798126,0.548887312412262,0.003845230443403125,0.1816033571958542,0.0026145719457417727,0.1903926581144333,0.007380249910056591,0.009097523987293243,0.016841258853673935
machine_noise_test_005.wav,machine_noise,machine_noise,others,True,False,0.43965351581573486,0.1709701418876648,0.6699499612478155,0.10311833769083023,0.013280438259243965,0.1270892173051834,0.26868337392807007,0.43965351581573486,0.017052356153726578,0.019422991201281548,0.0022824443876743317,0.009417293593287468,0.10311833769083023
machine_noise_test_006.wav,machine_noise,machine_noise,machine_noise,False,False,0.6749315857887268,0.47209693491458893,0.46050122426529344,0.027317462489008904,0.014694794081151485,0.06467211246490479,0.20283465087413788,0.6749315857887268,0.0038064089603722095,0.006044419016689062,0.003271291730925441,0.0024273297749459743,0.027317462489008904
machine_noise_test_007.wav,machine_noise,construction,construction,False,False,0.7448374629020691,0.5673505365848541,0.385331390094475,0.02260446362197399,0.0082903066650033,0.0297031719237566,0.7448374629020691,0.17748692631721497,0.00629961583763361,0.006425611209124327,0.0011599889257922769,0.0031924843788146973,0.02260446362197399
machine_noise_test_008.wav,machine_noise,dragging,dragging,False,False,0.4994024336338043,0.11056217551231384,0.5131490719420914,0.05784298852086067,0.00787613820284605,0.4994024336338043,0.015414264053106308,0.3888402581214905,0.007622751407325268,0.011942372657358646,0.0028106076642870903,0.00824815034866333,0.05784298852086067
machine_noise_test_009.wav,machine_noise,machine_noise,machine_noise,False,False,0.7224414348602295,0.5851329267024994,0.45250522528067944,0.026681600138545036,0.05732133984565735,0.1373085081577301,0.03361267223954201,0.7224414348602295,0.003526188898831606,0.011732145212590694,0.001592080807313323,0.005784063600003719,0.026681600138545036
machine_noise_test_010.wav,machine_noise,construction,others,True,False,0.3178195059299469,0.08888545632362366,0.7760006077708134,0.11917396634817123,0.01434348151087761,0.03236013650894165,0.3178195059299469,0.22893404960632324,0.057868532836437225,0.21104465425014496,0.005132352001965046,0.013323241844773293,0.11917396634817123
machine_noise_test_011.wav,machine_noise,machine_noise,machine_noise,False,False,0.7388163805007935,0.6545906811952591,0.45459117462208004,0.0352935753762722,0.006165910512208939,0.0595446340739727,0.08422569930553436,0.7388163805007935,0.00404535885900259,0.06106150895357132,0.006403812672942877,0.004443156532943249,0.0352935753762722
machine_noise_test_012.wav,machine_noise,construction,construction,False,False,0.43705132603645325,0.05006149411201477,0.5779714634608105,0.07217058539390564,0.00787991564720869,0.071256622672081,0.43705132603645325,0.3869898319244385,0.004508417099714279,0.008639891631901264,0.006311037112027407,0.005192343145608902,0.07217058539390564
machine_noise_test_013.wav,machine_noise,machine_noise,machine_noise,False,False,0.852586567401886,0.7631320133805275,0.280573953494141,0.012802790850400925,0.005227535031735897,0.004137380048632622,0.08945455402135849,0.852586567401886,0.002496015978977084,0.020951047539711,0.005219937767833471,0.0071242316626012325,0.012802790850400925
machine_noise_test_014.wav,machine_noise,machine_noise,machine_noise,False,False,0.5033479332923889,0.07447528839111328,0.45995645497374,0.01657755672931671,0.010060619562864304,0.005083684343844652,0.42887264490127563,0.5033479332923889,0.004955408629029989,0.019895385950803757,0.002854797523468733,0.008351996541023254,0.01657755672931671
machine_noise_test_015.wav,machine_noise,machine_noise,machine_noise,False,False,0.5276543498039246,0.22348859906196594,0.571413235476178,0.02727145329117775,0.010738836601376534,0.0369734950363636,0.3041657507419586,0.5276543498039246,0.009796490892767906,0.07405759394168854,0.002675520023331046,0.006666454020887613,0.02727145329117775
machine_noise_test_016.wav,machine_noise,water_shower,water_shower,False,False,0.6706216335296631,0.4994172155857086,0.4561397604092339,0.007118936628103256,0.0033800096716731787,0.003711530938744545,0.0025395259726792574,0.12383165955543518,0.007537063676863909,0.17120441794395447,0.6706216335296631,0.010055243037641048,0.007118936628103256
machine_noise_test_017.wav,machine_noise,machine_noise,machine_noise,False,False,0.882030725479126,0.854033725336194,0.2660807628213786,0.019635574892163277,0.012061192654073238,0.022775018587708473,0.020650023594498634,0.882030725479126,0.004648380447179079,0.027997000142931938,0.0022214981727302074,0.00798057857900858,0.019635574892163277
machine_noise_test_018.wav,machine_noise,machine_noise,machine_noise,False,False,0.5718082785606384,0.2491438090801239,0.49901230611355374,0.01606324315071106,0.025081098079681396,0.3226644694805145,0.006381230428814888,0.5718082785606384,0.0022335927933454514,0.03588782995939255,0.003911690786480904,0.01596858538687229,0.01606324315071106
machine_noise_test_019.wav,machine_noise,machine_noise,machine_noise,False,False,0.8392949104309082,0.7516887709498405,0.30640874601613716,0.011153776198625565,0.008973706513643265,0.008753200061619282,0.08760613948106766,0.8392949104309082,0.0023198535200208426,0.03037875145673752,0.0038516942877322435,0.007668036501854658,0.011153776198625565
machine_noise_test_020.wav,machine_noise,machine_noise,machine_noise,False,False,0.6410430073738098,0.4748286157846451,0.5200987460415092,0.015391743741929531,0.011028414592146873,0.16621439158916473,0.006728125270456076,0.6410430073738098,0.0030728771816939116,0.12296018749475479,0.013101433403789997,0.020459815859794617,0.015391743741929531
machine_noise_test_021.wav,machine_noise,machine_noise,machine_noise,False,False,0.5801640748977661,0.38673439621925354,0.5773241531911636,0.02430792525410652,0.0410938635468483,0.19342967867851257,0.12591087818145752,0.5801640748977661,0.010110996663570404,0.020933207124471664,0.0016686139861121774,0.0023807785473763943,0.02430792525410652
machine_noise_test_022.wav,machine_noise,construction,construction,False,False,0.27629709243774414,0.047170490026474,0.8205676838289915,0.020575888454914093,0.01730852760374546,0.22912660241127014,0.27629709243774414,0.20828981697559357,0.07109085470438004,0.12106858193874359,0.04536230117082596,0.010880334302783012,0.020575888454914093
machine_noise_test_023.wav,machine_noise,construction,construction,False,False,0.6817238330841064,0.4383467435836792,0.42598858950884777,0.01044146902859211,0.006250539794564247,0.014511607587337494,0.6817238330841064,0.24337708950042725,0.00625602575019002,0.0218312069773674,0.010411631315946579,0.005196583457291126,0.01044146902859211
machine_noise_test_024.wav,machine_noise,machine_noise,machine_noise,False,False,0.8008518815040588,0.7315859720110893,0.3876617558942411,0.01823408529162407,0.007404329255223274,0.030690500512719154,0.0374981090426445,0.8008518815040588,0.0018863040022552013,0.06926590949296951,0.012455912306904793,0.021712996065616608,0.01823408529162407
machine_noise_test_025.wav,machine_noise,machine_noise,machine_noise,False,False,0.7538378834724426,0.6335286647081375,0.42389130097992256,0.012490829452872276,0.0075555420480668545,0.03166564926505089,0.011351464316248894,0.7538378834724426,0.0012512392131611705,0.12030921876430511,0.04846015200018883,0.013077971525490284,0.012490829452872276
machine_noise_test_026.wav,machine_noise,machine_noise,machine_noise,False,False,0.9076035022735596,0.8847978096455336,0.2193841168152459,0.010665742680430412,0.006307961884886026,0.02169899083673954,0.013486839830875397,0.9076035022735596,0.0012218015035614371,0.02280569262802601,0.007932555861771107,0.008276927284896374,0.010665742680430412
machine_noise_test_027.wav,machine_noise,machine_noise,others,True,False,0.8023980259895325,0.7084073126316071,0.3711966859363963,0.09399071335792542,0.004180137068033218,0.012275386601686478,0.027014393359422684,0.8023980259895325,0.009530088864266872,0.0073388791643083096,0.030854007229208946,0.012418394908308983,0.09399071335792542
machine_noise_test_028.wav,machine_noise,dragging,dragging,False,False,0.5721123814582825,0.31112098693847656,0.5400896793929236,0.008905796334147453,0.014678942039608955,0.5721123814582825,0.010202337987720966,0.2609913945198059,0.008779359050095081,0.10467168688774109,0.014970795251429081,0.004687334876507521,0.008905796334147453
machine_noise_test_029.wav,machine_noise,machine_noise,machine_noise,False,False,0.9147677421569824,0.8954390287399292,0.20672893248394386,0.019328713417053223,0.0035670786164700985,0.009990603663027287,0.013960516080260277,0.9147677421569824,0.018965911120176315,0.003599710064008832,0.004736131522804499,0.011083554476499557,0.019328713417053223
machine_noise_test_030.wav,machine_noise,machine_noise,machine_noise,False,False,0.6096787452697754,0.3654022216796875,0.5294502119712011,0.04221240058541298,0.006267964839935303,0.05373905599117279,0.010514404624700546,0.6096787452697754,0.012605497613549232,0.01563587225973606,0.2442765235900879,0.005069608334451914,0.04221240058541298
machine_noise_test_031.wav,machine_noise,machine_noise,machine_noise,False,False,0.7566561102867126,0.6301954984664917,0.42324203754878814,0.03140920773148537,0.008493427187204361,0.12646061182022095,0.012741686776280403,0.7566561102867126,0.033091697841882706,0.011436590924859047,0.014522431418299675,0.005188205279409885,0.03140920773148537
machine_noise_test_032.wav,machine_noise,machine_noise,machine_noise,False,False,0.6901723742485046,0.4850579798221588,0.4582567704437342,0.023778676986694336,0.006560128182172775,0.20511439442634583,0.02101077511906624,0.6901723742485046,0.005895427893847227,0.023323172703385353,0.0077539412304759026,0.016391152516007423,0.023778676986694336
machine_noise_test_033.wav,machine_noise,machine_noise,machine_noise,False,False,0.6645395755767822,0.45088620483875275,0.4866741307425691,0.03087201528251171,0.008721541613340378,0.21365337073802948,0.03655511885881424,0.6645395755767822,0.008055212907493114,0.017463579773902893,0.004081830382347107,0.01605779491364956,0.03087201528251171
machine_noise_test_034.wav,machine_noise,machine_noise,machine_noise,False,False,0.7907641530036926,0.7108413502573967,0.3818275811493682,0.015363096259534359,0.009953499771654606,0.06063710153102875,0.07992280274629593,0.7907641530036926,0.0025983313098549843,0.032803840935230255,0.0032018423080444336,0.004755372181534767,0.015363096259534359
machine_noise_test_035.wav,machine_noise,machine_noise,machine_noise,False,False,0.8555072546005249,0.8058838434517384,0.30127860460577716,0.02656574733555317,0.005792595911771059,0.049623411148786545,0.023428520187735558,0.8555072546005249,0.00356697547249496,0.025838185101747513,0.0027924387250095606,0.00688490504398942,0.02656574733555317
machine_noise_test_036.wav,machine_noise,machine_noise,machine_noise,False,False,0.876326858997345,0.8253713734447956,0.2648803823238563,0.021858014166355133,0.004799760412424803,0.012551654130220413,0.05095548555254936,0.876326858997345,0.0019595457706600428,0.00891025085002184,0.01870897226035595,0.003929486498236656,0.021858014166355133
machine_noise_test_037.wav,machine_noise,machine_noise,machine_noise,False,False,0.45681989192962646,0.08714812994003296,0.5760081021299931,0.08411316573619843,0.008634496480226517,0.052526071667671204,0.3696717619895935,0.45681989192962646,0.004672337789088488,0.00536008644849062,0.014033582992851734,0.004168602172285318,0.08411316573619843
machine_noise_test_038.wav,machine_noise,machine_noise,machine_noise,False,False,0.7812738418579102,0.6765727028250694,0.3936063927721289,0.02906128577888012,0.006485854275524616,0.034586675465106964,0.10470113903284073,0.7812738418579102,0.0019302931614220142,0.01925717107951641,0.019182881340384483,0.0035209201741963625,0.02906128577888012
machine_noise_test_039.wav,machine_noise,machine_noise,machine_noise,False,False,0.8687225580215454,0.7916000559926033,0.2592196862972129,0.014412213116884232,0.005026218481361866,0.018757589161396027,0.07712250202894211,0.8687225580215454,0.002269427292048931,0.005659435410052538,0.004187113139778376,0.0038429072592407465,0.014412213116884232
machine_noise_test_040.wav,machine_noise,machine_noise,machine_noise,False,False,0.8517029285430908,0.7842715084552765,0.30011462886820234,0.014011519961059093,0.0073493169620633125,0.023162253201007843,0.02246794104576111,0.8517029285430908,0.0021054698154330254,0.06743142008781433,0.0035545644350349903,0.008214588277041912,0.014011519961059093
machine_noise_test_041.wav,machine_noise,machine_noise,machine_noise,False,False,0.6745824813842773,0.4618149548768997,0.4621254950600877,0.017057295888662338,0.009026315063238144,0.014257075265049934,0.054186124354600906,0.6745824813842773,0.0028084218502044678,0.21276752650737762,0.004849832970649004,0.010465002618730068,0.017057295888662338
machine_noise_test_042.wav,machine_noise,machine_noise,machine_noise,False,False,0.6663436889648438,0.49126875400543213,0.5027269479903382,0.016786957159638405,0.015046796761453152,0.06769395619630814,0.0444132424890995,0.6663436889648438,0.0028697845991700888,0.17507493495941162,0.004069416783750057,0.007701260969042778,0.016786957159638405
machine_noise_test_043.wav,machine_noise,machine_noise,machine_noise,False,False,0.5358614921569824,0.26849377155303955,0.5876203524814592,0.0775923952460289,0.010219749994575977,0.016395527869462967,0.26736772060394287,0.5358614921569824,0.0054308040998876095,0.07165376842021942,0.005117584951221943,0.010360964573919773,0.0775923952460289
machine_noise_test_044.wav,machine_noise,machine_noise,machine_noise,False,False,0.8134154081344604,0.7368781790137291,0.34628194098398135,0.01668526977300644,0.006592124700546265,0.01061794813722372,0.07653722912073135,0.8134154081344604,0.0027484179008752108,0.06204145401716232,0.0034363747108727694,0.007925800047814846,0.01668526977300644
machine_noise_test_045.wav,machine_noise,machine_noise,machine_noise,False,False,0.7160149812698364,0.5860070437192917,0.45119424701392785,0.018481163308024406,0.009563851170241833,0.01605113223195076,0.0947326272726059,0.7160149812698364,0.00362557265907526,0.13000793755054474,0.003845436731353402,0.007677317596971989,0.018481163308024406
machine_noise_test_046.wav,machine_noise,machine_noise,others,True,False,0.6827353239059448,0.545657753944397,0.506934546124772,0.09093154221773148,0.012125243432819843,0.0233774296939373,0.13707756996154785,0.6827353239059448,0.010371413081884384,0.02666572853922844,0.003943308722227812,0.012772460468113422,0.09093154221773148
machine_noise_test_047.wav,machine_noise,machine_noise,machine_noise,False,False,0.5793843865394592,0.2841385304927826,0.5171638496341208,0.01237531565129757,0.011018157005310059,0.046747125685214996,0.00468392763286829,0.5793843865394592,0.0021356698125600815,0.29524585604667664,0.03570381551980972,0.01270576473325491,0.01237531565129757
machine_noise_test_048.wav,machine_noise,dragging,dragging,False,False,0.44107478857040405,0.09593617916107178,0.6281472597482703,0.07253006845712662,0.010948991402983665,0.44107478857040405,0.08268742263317108,0.3451386094093323,0.013986393809318542,0.01573062129318714,0.003671642392873764,0.014231500215828419,0.07253006845712662
media_talking_test_001.wav,media_talking,media_talking,media_talking,False,False,0.9021176099777222,0.8656281791627407,0.2207600512650781,0.009715116582810879,0.004395259544253349,0.010938692837953568,0.0019862554036080837,0.005395796149969101,0.9021176099777222,0.0031429638620465994,0.025818930938839912,0.03648943081498146,0.009715116582810879
media_talking_test_002.wav,media_talking,media_talking,media_talking,False,False,0.9296203851699829,0.9108523912727833,0.17473746299007387,0.01876799389719963,0.0024739073123782873,0.017618825659155846,0.0016808394575491548,0.005065811797976494,0.9296203851699829,0.0106065534055233,0.005449398886412382,0.008716309443116188,0.01876799389719963
media_talking_test_003.wav,media_talking,media_talking,media_talking,False,False,0.9086881875991821,0.8907934445887804,0.21841623035284258,0.01764974184334278,0.0036995522677898407,0.017894743010401726,0.014831838198006153,0.0027210989501327276,0.9086881875991821,0.004724297672510147,0.013121291995048523,0.016669152304530144,0.01764974184334278
media_talking_test_004.wav,media_talking,media_talking,media_talking,False,False,0.9312518835067749,0.9110425990074873,0.1729534534255698,0.009723552502691746,0.0030380638781934977,0.013237576000392437,0.0032938781660050154,0.003611585358157754,0.9312518835067749,0.007162005640566349,0.020209284499287605,0.008472082205116749,0.009723552502691746
media_talking_test_005.wav,media_talking,media_talking,media_talking,False,False,0.9534817337989807,0.9397671679034829,0.12595774313028604,0.013714565895497799,0.002276030136272311,0.0038064501713961363,0.0035687426570802927,0.003950220532715321,0.9534817337989807,0.003667387878522277,0.009820994921028614,0.005713893566280603,0.013714565895497799
media_talking_test_006.wav,media_talking,media_talking,media_talking,False,False,0.8887612819671631,0.8275673501193523,0.2339324571727871,0.061193931847810745,0.0018495433032512665,0.003929413855075836,0.0041133263148367405,0.006113026291131973,0.8887612819671631,0.009998012334108353,0.008162315003573895,0.015879077836871147,0.061193931847810745
media_talking_test_007.wav,media_talking,media_talking,media_talking,False,False,0.9037083387374878,0.869237869977951,0.22288500958174282,0.014273203909397125,0.005876512266695499,0.03447046875953674,0.009624527767300606,0.004033232573419809,0.9037083387374878,0.018670527264475822,0.004051486495882273,0.005291712936013937,0.014273203909397125
media_talking_test_008.wav,media_talking,media_talking,media_talking,False,False,0.9332746863365173,0.916042959317565,0.16852826767598073,0.01412168052047491,0.0033103690948337317,0.012278485111892223,0.0036713448353111744,0.002527739154174924,0.9332746863365173,0.00458007026463747,0.01723172701895237,0.009003927931189537,0.01412168052047491
media_talking_test_009.wav,media_talking,media_talking,media_talking,False,False,0.8783450126647949,0.8173679672181606,0.24978928009073484,0.06097704544663429,0.002514169318601489,0.011556623503565788,0.0037368363700807095,0.003727382980287075,0.8783450126647949,0.007272600196301937,0.0031940145418047905,0.028676196932792664,0.06097704544663429
media_talking_test_010.wav,media_talking,media_talking,media_talking,False,False,0.770514726638794,0.6624786034226418,0.4013925625330517,0.030886737629771233,0.004302655812352896,0.10803612321615219,0.003741851542145014,0.008175414986908436,0.770514726638794,0.053277935832738876,0.005480895284563303,0.015583730302751064,0.030886737629771233
media_talking_test_011.wav,media_talking,media_talking,media_talking,False,False,0.9478467702865601,0.9345927406102419,0.13958223810424267,0.010599269531667233,0.00256671872921288,0.013254029676318169,0.0037433351390063763,0.004897172562777996,0.9478467702865601,0.004587787669152021,0.005987217649817467,0.006517644505947828,0.010599269531667233
media_talking_test_012.wav,media_talking,media_talking,media_talking,False,False,0.8490821719169617,0.8095318302512169,0.31303509050764605,0.039370737969875336,0.003003832418471575,0.03955034166574478,0.0035892121959477663,0.0099909957498312,0.8490821719169617,0.03287680447101593,0.005369864869862795,0.01716604083776474,0.039370737969875336
media_talking_test_013.wav,media_talking,media_talking,media_talking,False,False,0.9260384440422058,0.901582844555378,0.17727297856413404,0.02445559948682785,0.0026886151172220707,0.006667632609605789,0.001954385545104742,0.0038425703532993793,0.9260384440422058,0.0065044318325817585,0.004453946836292744,0.023394355550408363,0.02445559948682785
media_talking_test_014.wav,media_talking,media_talking,media_talking,False,False,0.9083842635154724,0.8890972267836332,0.21969698887102382,0.014986741356551647,0.003870859742164612,0.01928703673183918,0.007713976316154003,0.003896500216796994,0.9083842635154724,0.01670491136610508,0.018341533839702606,0.006814149208366871,0.014986741356551647
media_talking_test_015.wav,media_talking,media_talking,media_talking,False,False,0.7797929048538208,0.6871749460697174,0.40976777324591124,0.0173519067466259,0.008108721114695072,0.0926179587841034,0.005590084008872509,0.04006783664226532,0.7797929048538208,0.030346699059009552,0.01595267467200756,0.010171247646212578,0.0173519067466259
media_talking_test_016.wav,media_talking,media_talking,media_talking,False,False,0.9496825933456421,0.9373181536793709,0.1346426791387492,0.008886211551725864,0.002522086026147008,0.005074726417660713,0.002631708513945341,0.003716341219842434,0.9496825933456421,0.00407367991283536,0.01236443966627121,0.011048202402889729,0.008886211551725864
media_talking_test_017.wav,media_talking,media_talking,media_talking,False,False,0.9251440167427063,0.9118408709764481,0.18898299549894632,0.009650918655097485,0.004186786245554686,0.013236861675977707,0.003190523013472557,0.008504337631165981,0.9251440167427063,0.01330314576625824,0.011507300660014153,0.011276048608124256,0.009650918655097485
media_talking_test_018.wav,media_talking,media_talking,media_talking,False,False,0.9463388919830322,0.9293691962957382,0.1402290465198963,0.016969695687294006,0.003365812823176384,0.008277070708572865,0.002343800151720643,0.0031059016473591328,0.9463388919830322,0.0033377474173903465,0.00467702466994524,0.011584056541323662,0.016969695687294006
media_talking_test_019.wav,media_talking,media_talking,others,True,False,0.698602020740509,0.5973493754863739,0.5065736452854717,0.09583748131990433,0.0037620544899255037,0.030668562278151512,0.024027995765209198,0.008049752563238144,0.698602020740509,0.021747488528490067,0.10125264525413513,0.01605205237865448,0.09583748131990433
media_talking_test_020.wav,media_talking,media_talking,media_talking,False,False,0.9422181248664856,0.9280586130917072,0.1500151722622842,0.014159511774778366,0.004252495709806681,0.004137708339840174,0.0019382904283702374,0.0039975387044250965,0.9422181248664856,0.004601518157869577,0.013615714386105537,0.01107903104275465,0.014159511774778366
media_talking_test_021.wav,media_talking,media_talking,others,True,False,0.5995408296585083,0.3922957628965378,0.5509386776386657,0.11616874486207962,0.007429040502756834,0.013014364056289196,0.012176972813904285,0.004990707151591778,0.5995408296585083,0.01721211150288582,0.20724506676197052,0.022222215309739113,0.11616874486207962
media_talking_test_022.wav,media_talking,media_talking,media_talking,False,False,0.900635302066803,0.8512476086616516,0.2189488737668279,0.01796967349946499,0.002884065266698599,0.04938769340515137,0.005541205406188965,0.003729300107806921,0.900635302066803,0.007085587829351425,0.005739088635891676,0.007028124760836363,0.01796967349946499
media_talking_test_023.wav,media_talking,media_talking,media_talking,False,False,0.9615339636802673,0.9508960992097855,0.1081468499622079,0.010637864470481873,0.002531949896365404,0.003184243803843856,0.002864631824195385,0.0030649208929389715,0.9615339636802673,0.00311262090690434,0.0073387157171964645,0.00573111092671752,0.010637864470481873
media_talking_test_024.wav,media_talking,media_talking,media_talking,False,False,0.9467419385910034,0.9323331713676453,0.1409158540551792,0.010836979374289513,0.00391676090657711,0.005872642155736685,0.0025758978445082903,0.0027520761359483004,0.9467419385910034,0.004172335844486952,0.014408767223358154,0.008722650818526745,0.010836979374289513
media_talking_test_025.wav,media_talking,media_talking,media_talking,False,False,0.7946740984916687,0.6754888445138931,0.3527302222532137,0.04432239383459091,0.0036628388334065676,0.014581051655113697,0.11918525397777557,0.009035700932145119,0.7946740984916687,0.006564415525645018,0.002019382081925869,0.005954834166914225,0.04432239383459091
media_talking_test_026.wav,media_talking,media_talking,others,True,False,0.619593620300293,0.39778056740760803,0.515633873135584,0.09075716137886047,0.0030380820389837027,0.01595388725399971,0.22181305289268494,0.005653278902173042,0.619593620300293,0.02890564315021038,0.01020372286438942,0.0040815845131874084,0.09075716137886047
media_talking_test_027.wav,media_talking,media_talking,media_talking,False,False,0.8101526498794556,0.7027260214090347,0.3470862094809427,0.02372177690267563,0.008760258555412292,0.016258295625448227,0.10742662847042084,0.008096032775938511,0.8101526498794556,0.014021792449057102,0.001673370716162026,0.009889102540910244,0.02372177690267563
media_talking_test_028.wav,media_talking,media_talking,media_talking,False,False,0.8085377812385559,0.6785646080970764,0.3263767839745593,0.02097395248711109,0.005517764016985893,0.010315287858247757,0.1299731731414795,0.004087279085069895,0.8085377812385559,0.010882915928959846,0.0037385413888841867,0.00597333861514926,0.02097395248711109
media_talking_test_029.wav,media_talking,media_talking,media_talking,False,False,0.8310030698776245,0.7440208941698074,0.3207449513343422,0.02666802704334259,0.00365216052159667,0.00543937599286437,0.08698217570781708,0.008433735929429531,0.8310030698776245,0.02613609842956066,0.0020751457195729017,0.009610239416360855,0.02666802704334259
media_talking_test_030.wav,media_talking,media_talking,media_talking,False,False,0.6243335008621216,0.364231139421463,0.4675364576887607,0.07964498549699783,0.005590474233031273,0.004177957307547331,0.26010236144065857,0.010553978383541107,0.6243335008621216,0.005126591306179762,0.0035432351287454367,0.006926891393959522,0.07964498549699783
media_talking_test_031.wav,media_talking,media_talking,media_talking,False,False,0.7653220891952515,0.6195182949304581,0.39131953906994527,0.01591617241501808,0.015061168000102043,0.014509513974189758,0.1458037942647934,0.005883179139345884,0.7653220891952515,0.02617011032998562,0.006996693555265665,0.004337230697274208,0.01591617241501808
media_talking_test_032.wav,media_talking,construction,construction,False,False,0.7673645615577698,0.6478231176733971,0.39724670600341716,0.05510609969496727,0.012556061148643494,0.0068452931009233,0.7673645615577698,0.009478413499891758,0.11954144388437271,0.003762001870200038,0.022639164701104164,0.002706986153498292,0.05510609969496727
media_talking_test_033.wav,media_talking,media_talking,media_talking,False,False,0.864287257194519,0.8006632849574089,0.27846087690985855,0.01736445166170597,0.004901363048702478,0.012160641141235828,0.06362397223711014,0.003137100487947464,0.864287257194519,0.02528693899512291,0.005814183037728071,0.003424100112169981,0.01736445166170597
media_talking_test_034.wav,media_talking,construction,construction,False,False,0.4570707380771637,0.017392873764038086,0.494595068646129,0.0652121901512146,0.004187752027064562,0.00525544211268425,0.4570707380771637,0.008093965239822865,0.4396778643131256,0.010418416932225227,0.0030240644700825214,0.007059591822326183,0.0652121901512146
media_talking_test_035.wav,media_talking,media_talking,media_talking,False,False,0.6767618060112,0.5058981031179428,0.4957867141714433,0.0396137572824955,0.007641913834959269,0.02384098246693611,0.17086370289325714,0.011408010497689247,0.6767618060112,0.06106600910425186,0.002897369908168912,0.005906444042921066,0.0396137572824955
media_talking_test_036.wav,media_talking,construction,others,True,False,0.7276422381401062,0.6191825941205025,0.44707410711054524,0.09774435311555862,0.005294590722769499,0.020915554836392403,0.7276422381401062,0.007774369325488806,0.10845964401960373,0.022594382986426353,0.0062093352898955345,0.003365602809935808,0.09774435311555862
media_talking_test_037.wav,media_talking,media_talking,media_talking,False,False,0.7683279514312744,0.6678031757473946,0.39346115351373945,0.08310801535844803,0.004387543071061373,0.007713268510997295,0.10052477568387985,0.010405320674180984,0.7683279514312744,0.014954529702663422,0.001624905620701611,0.008953748270869255,0.08310801535844803
media_talking_test_038.wav,media_talking,construction,others,True,False,0.45309433341026306,0.09916096925735474,0.5504650902324342,0.1539909392595291,0.005319998599588871,0.009024862200021744,0.45309433341026306,0.007725694216787815,0.3539333641529083,0.004914748482406139,0.004614544566720724,0.007381478790193796,0.1539909392595291
media_talking_test_039.wav,media_talking,media_talking,media_talking,False,False,0.8206678032875061,0.7532842755317688,0.3529698371895892,0.025298912078142166,0.006616444792598486,0.02252032421529293,0.0673835277557373,0.009488745592534542,0.8206678032875061,0.03775802254676819,0.001976672327145934,0.008289534598588943,0.025298912078142166
media_talking_test_040.wav,media_talking,media_talking,others,True,False,0.4476333558559418,0.03880581259727478,0.5285760094420903,0.10309846699237823,0.005727043841034174,0.007719293236732483,0.408827543258667,0.005057916510850191,0.4476333558559418,0.008037312887609005,0.007265901193022728,0.0066330996342003345,0.10309846699237823
media_talking_test_041.wav,media_talking,construction,others,True,False,0.8122683167457581,0.7133094370365143,0.3375513091348837,0.09895887970924377,0.006596473976969719,0.004717459436506033,0.8122683167457581,0.008786794729530811,0.049280695617198944,0.009488960728049278,0.007346500642597675,0.002555878134444356,0.09895887970924377
media_talking_test_042.wav,media_talking,media_talking,media_talking,False,False,0.8519421219825745,0.7643481642007828,0.2844417557842365,0.018869591876864433,0.0045974706299602985,0.009016386233270168,0.08759395778179169,0.0035254363901913166,0.8519421219825745,0.01468615885823965,0.002903425134718418,0.006865383125841618,0.018869591876864433
media_talking_test_043.wav,media_talking,media_talking,others,True,False,0.6272423267364502,0.4499209374189377,0.5086316806939468,0.1773213893175125,0.004438064061105251,0.008337857201695442,0.1451500952243805,0.009858190082013607,0.6272423267364502,0.011001291684806347,0.005947750993072987,0.010703029111027718,0.1773213893175125
media_talking_test_044.wav,media_talking,media_talking,media_talking,False,False,0.6995059847831726,0.533003494143486,0.440699042269851,0.08853809535503387,0.002376809250563383,0.0019109126878902316,0.16650249063968658,0.00763220340013504,0.6995059847831726,0.006216889247298241,0.004196944180876017,0.02311975695192814,0.08853809535503387
media_talking_test_045.wav,media_talking,media_talking,others,True,False,0.42791852355003357,0.08654746413230896,0.5958675226079163,0.16872373223304749,0.007562228478491306,0.013116221874952316,0.3413710594177246,0.0050183990970253944,0.42791852355003357,0.009529678151011467,0.017448505386710167,0.009311692789196968,0.16872373223304749
media_talking_test_046.wav,media_talking,media_talking,others,True,False,0.5861944556236267,0.35639216005802155,0.5301630074051649,0.1285317987203598,0.010144835337996483,0.01444363221526146,0.22980229556560516,0.007595751900225878,0.5861944556236267,0.004285662900656462,0.002122452948242426,0.016879098489880562,0.1285317987203598
media_talking_test_047.wav,media_talking,media_talking,media_talking,False,False,0.7652857899665833,0.615973025560379,0.36774005126666115,0.055051956325769424,0.004296703264117241,0.0054207611829042435,0.14931276440620422,0.004471026360988617,0.7652857899665833,0.004307963885366917,0.004350835457444191,0.0075021544471383095,0.055051956325769424
media_talking_test_048.wav,media_talking,media_talking,media_talking,False,False,0.5226576328277588,0.13628748059272766,0.48353328430722164,0.04510479047894478,0.006299476604908705,0.003867149818688631,0.38637015223503113,0.007553516421467066,0.5226576328277588,0.015782101079821587,0.002354120835661888,0.010011029429733753,0.04510479047894478
others_test_001.wav,others,dragging,others,True,False,0.3788241446018219,0.16011342406272888,0.7705996822220067,0.18559598922729492,0.21871072053909302,0.3788241446018219,0.0255974680185318,0.056570135056972504,0.014043744653463364,0.008991134352982044,0.05153706297278404,0.060129597783088684,0.18559598922729492
others_test_002.wav,others,heavy_impact,others,True,False,0.39997273683547974,0.17645153403282166,0.8001458070971559,0.22352120280265808,0.39997273683547974,0.03155636042356491,0.07672645151615143,0.08345703780651093,0.026882372796535492,0.08031027764081955,0.056560225784778595,0.021013353019952774,0.22352120280265808
others_test_003.wav,others,water_shower,others,True,False,0.7661920189857483,0.6669070571660995,0.3870717112343178,0.09928496181964874,0.0017509607132524252,0.0027120220474898815,0.01027664914727211,0.012375483289361,0.09414604306221008,0.008284727111458778,0.7661920189857483,0.004977164324373007,0.09928496181964874
others_test_004.wav,others,water_shower,others,True,False,0.6160178184509277,0.4882119297981262,0.615516055899676,0.1278058886528015,0.09141838550567627,0.04570360481739044,0.03457865118980408,0.013098632916808128,0.03819337859749794,0.02297173999249935,0.6160178184509277,0.010211925953626633,0.1278058886528015
others_test_005.wav,others,dragging,others,True,False,0.3542041778564453,0.06788983941078186,0.7576140880724036,0.28631433844566345,0.15301837027072906,0.3542041778564453,0.013681868091225624,0.01825299672782421,0.02218131348490715,0.034510206431150436,0.03038305602967739,0.0874536782503128,0.28631433844566345
others_test_006.wav,others,others,others,False,False,0.29197266697883606,0.11299839615821838,0.851540104880383,0.29197266697883606,0.005799958016723394,0.15344014763832092,0.01736374944448471,0.06768999993801117,0.17897427082061768,0.15621086955070496,0.08844617754220963,0.04010210186243057,0.29197266697883606
others_test_007.wav,others,water_shower,others,True,False,0.25527846813201904,0.004463315010070801,0.7361309393445439,0.25081515312194824,0.0030762748792767525,0.00483474088832736,0.24314874410629272,0.0453573539853096,0.17902103066444397,0.010536222718656063,0.25527846813201904,0.007932033389806747,0.25081515312194824
others_test_008.wav,others,others,others,False,False,0.3444180190563202,0.011992871761322021,0.7664600107037493,0.3444180190563202,0.01024020928889513,0.06460271775722504,0.024684809148311615,0.04181140288710594,0.047838687896728516,0.049268294125795364,0.33242514729499817,0.08471076935529709,0.3444180190563202
others_test_009.wav,others,machine_noise,others,True,False,0.5739875435829163,0.3743373602628708,0.5897439273087368,0.11525316536426544,0.006651740986853838,0.04966038465499878,0.19965018332004547,0.5739875435829163,0.023885060101747513,0.020130794495344162,0.006204711273312569,0.004576404578983784,0.11525316536426544
others_test_010.wav,others,others,others,False,False,0.3391340374946594,0.07552987337112427,0.7600992690472965,0.3391340374946594,0.005973424296826124,0.11306149512529373,0.0977814570069313,0.13813887536525726,0.024065561592578888,0.012504227459430695,0.26360416412353516,0.0057367668487131596,0.3391340374946594
others_test_011.wav,others,water_shower,others,True,False,0.5658112168312073,0.2982616424560547,0.5578190145052775,0.2675495743751526,0.005218518432229757,0.0074035897850990295,0.05124599114060402,0.014257533475756645,0.06921249628067017,0.007849311456084251,0.5658112168312073,0.011451845057308674,0.2675495743751526
others_test_012.wav,others,construction,others,True,False,0.4915531873703003,0.2783593535423279,0.6825098747021163,0.2131938338279724,0.006573451217263937,0.03651931509375572,0.4915531873703003,0.06669958680868149,0.06375487148761749,0.006968710571527481,0.10712431371212006,0.007612800691276789,0.2131938338279724
others_test_013.wav,others,construction,others,True,False,0.5699455142021179,0.22681856155395508,0.47499552715501403,0.34312695264816284,0.012794187292456627,0.008229915983974934,0.5699455142021179,0.011810041032731533,0.037928346544504166,0.0054573602974414825,0.005689400713890791,0.005018222611397505,0.34312695264816284
others_test_014.wav,others,construction,construction,False,False,0.6724843382835388,0.4524245858192444,0.44965084253016446,0.05861617624759674,0.004977562464773655,0.00411998713389039,0.6724843382835388,0.021611370146274567,0.22005975246429443,0.0027033600490540266,0.010700694285333157,0.00472669443115592,0.05861617624759674
others_test_015.wav,others,others,others,False,False,0.3477877080440521,0.03332725167274475,0.6705725314719541,0.3477877080440521,0.025913089513778687,0.01974712498486042,0.23677831888198853,0.007009547203779221,0.3144604563713074,0.026601038873195648,0.012961236760020256,0.008741508238017559,0.3477877080440521
others_test_016.wav,others,construction,others,True,False,0.4320264458656311,0.07210808992385864,0.6175923750698534,0.35991835594177246,0.009858136996626854,0.01495458371937275,0.4320264458656311,0.011377230286598206,0.10519210249185562,0.049489524215459824,0.007659839000552893,0.009523840621113777,0.35991835594177246
others_test_017.wav,others,construction,others,True,False,0.31945422291755676,0.03363710641860962,0.7273302106998395,0.28581711649894714,0.011333328671753407,0.11906135827302933,0.31945422291755676,0.00781654380261898,0.20352858304977417,0.020351534709334373,0.008362038061022758,0.0242752805352211,0.28581711649894714
others_test_018.wav,others,construction,others,True,False,0.5572152733802795,0.2935276925563812,0.5342337214720166,0.2636875808238983,0.007309634704142809,0.007026020437479019,0.5572152733802795,0.008546085096895695,0.13020461797714233,0.004704688675701618,0.01564752124249935,0.005658602342009544,0.2636875808238983
others_test_019.wav,others,construction,others,True,False,0.5586869716644287,0.32013240456581116,0.5963000393684247,0.23855456709861755,0.009484434500336647,0.05464418977499008,0.5586869716644287,0.011897563934326172,0.07616467028856277,0.036051467061042786,0.008040989749133587,0.006475138012319803,0.23855456709861755
others_test_020.wav,others,construction,others,True,False,0.5485407710075378,0.2489948868751526,0.5528711139125978,0.29954588413238525,0.057782016694545746,0.04389428347349167,0.5485407710075378,0.013950400985777378,0.01932958886027336,0.004151835106313229,0.003916243091225624,0.008889048360288143,0.29954588413238525
others_test_021.wav,others,construction,others,True,False,0.6562333703041077,0.39338579773902893,0.4397699342011473,0.26284757256507874,0.009081360884010792,0.014572791755199432,0.6562333703041077,0.011480310000479221,0.03265964612364769,0.004465282429009676,0.004560427740216255,0.004099209327250719,0.26284757256507874
others_test_022.wav,others,construction,others,True,False,0.48497799038887024,0.1549113690853119,0.5930523115961227,0.33006662130355835,0.09732696413993835,0.011849001981317997,0.48497799038887024,0.015209639444947243,0.029987018555402756,0.010218581184744835,0.014754408970475197,0.005609779618680477,0.33006662130355835
others_test_023.wav,others,construction,others,True,False,0.5776512622833252,0.2742869555950165,0.5049499712900208,0.3033643066883087,0.01403736136853695,0.013564081862568855,0.5776512622833252,0.008275829255580902,0.06373582780361176,0.005208256654441357,0.008347528986632824,0.005815560929477215,0.3033643066883087
others_test_024.wav,others,construction,construction,False,False,0.7204295992851257,0.5720618218183517,0.43225981126379026,0.08287045359611511,0.0061079589650034904,0.00525059225037694,0.7204295992851257,0.01507560070604086,0.148367777466774,0.003776456229388714,0.014972764998674393,0.0031488267704844475,0.08287045359611511
others_test_025.wav,others,heavy_impact,heavy_impact,False,False,0.7198287844657898,0.587833896279335,0.46211073783995993,0.041775643825531006,0.7198287844657898,0.13199488818645477,0.047923579812049866,0.027953211218118668,0.0029112068004906178,0.0030207429081201553,0.0022554751485586166,0.02233644761145115,0.041775643825531006
others_test_026.wav,others,heavy_impact,heavy_impact,False,False,0.8541204929351807,0.7486644759774208,0.258441487080661,0.007702833041548729,0.8541204929351807,0.10545601695775986,0.012420032173395157,0.0073956893756985664,0.0016703751171007752,0.0010666648158803582,0.0008998556295409799,0.009267954155802727,0.007702833041548729
others_test_027.wav,others,machine_noise,others,True,False,0.6058573126792908,0.48175258189439774,0.5995431012549509,0.09315159916877747,0.06301295012235641,0.12410473078489304,0.0735352486371994,0.6058573126792908,0.005338863003998995,0.0280303917825222,0.0032192834187299013,0.0037496406584978104,0.09315159916877747
others_test_028.wav,others,machine_noise,machine_noise,False,False,0.6040748357772827,0.4480993002653122,0.5918777019793381,0.0463625006377697,0.05923809856176376,0.15597553551197052,0.034019067883491516,0.6040748357772827,0.005012643989175558,0.08803142607212067,0.003848922671750188,0.0034370278008282185,0.0463625006377697
others_test_029.wav,others,dog_bark,dog_bark,False,False,0.6759397983551025,0.5201418250799179,0.49880575928625126,0.07575321197509766,0.15579797327518463,0.051655128598213196,0.008017814718186855,0.006082069128751755,0.011851380579173565,0.011427237652242184,0.0034753894433379173,0.6759397983551025,0.07575321197509766
others_test_030.wav,others,heavy_impact,heavy_impact,False,False,0.6189097166061401,0.38475488126277924,0.5133224692785923,0.06402207911014557,0.6189097166061401,0.2341548353433609,0.005427857395261526,0.005407965742051601,0.00700168963521719,0.013616072945296764,0.0034164476674050093,0.048043377697467804,0.06402207911014557
others_test_031.wav,others,media_talking,others,True,False,0.403822660446167,0.004851281642913818,0.6011832143595882,0.3989713788032532,0.0035239183343946934,0.04487622529268265,0.012389620766043663,0.014610350131988525,0.403822660446167,0.011375414207577705,0.0044274842366576195,0.10600294172763824,0.3989713788032532
others_test_032.wav,others,media_talking,others,True,False,0.4643276035785675,0.09619015455245972,0.5898964909227045,0.3681374490261078,0.0029876085463911295,0.05115818604826927,0.0178664680570364,0.01726502738893032,0.4643276035785675,0.005178217776119709,0.019264506176114082,0.05381499603390694,0.3681374490261078
others_test_033.wav,others,others,others,False,False,0.36102521419525146,0.0612044632434845,0.7414241154846238,0.36102521419525146,0.019636452198028564,0.29982075095176697,0.04796876385807991,0.09343266487121582,0.11137370765209198,0.008448348380625248,0.0010566810378804803,0.05723737180233002,0.36102521419525146
others_test_034.wav,others,dragging,others,True,False,0.3907213807106018,0.03158113360404968,0.659998169433148,0.3591402471065521,0.011445960029959679,0.3907213807106018,0.0365988165140152,0.04874066635966301,0.11814515292644501,0.02460412308573723,0.001338071539066732,0.009265550412237644,0.3591402471065521
others_test_035.wav,others,water_toilet,others,True,False,0.2427508383989334,0.023879945278167725,0.8327158057363458,0.21170459687709808,0.012050931341946125,0.21887089312076569,0.013724874705076218,0.076365627348423,0.11900937557220459,0.2427508383989334,0.006952907424420118,0.09856997430324554,0.21170459687709808
others_test_036.wav,others,others,others,False,False,0.39888957142829895,0.09499147534370422,0.6420327187987505,0.39888957142829895,0.005013485439121723,0.023609571158885956,0.034609682857990265,0.023919235914945602,0.3038980960845947,0.003886602818965912,0.0026782553177326918,0.20349539816379547,0.39888957142829895
others_test_037.wav,others,dog_bark,others,True,False,0.4888550639152527,0.28105857968330383,0.6488531587130791,0.20779648423194885,0.00771972443908453,0.14578135311603546,0.006478410679847002,0.10286740958690643,0.02550440840423107,0.01170918345451355,0.0032880003564059734,0.4888550639152527,0.20779648423194885
others_test_038.wav,others,others,others,False,False,0.31617456674575806,0.030479460954666138,0.7616620152552347,0.31617456674575806,0.014553558081388474,0.2856951057910919,0.010373556055128574,0.1717827320098877,0.04867035895586014,0.04896245896816254,0.0020460127852857113,0.10174170136451721,0.31617456674575806
others_test_039.wav,others,construction,construction,False,False,0.5304843187332153,0.2294931411743164,0.5579751589153055,0.054614000022411346,0.017674189060926437,0.07680824398994446,0.5304843187332153,0.3009911775588989,0.0044513666070997715,0.0053260354325175285,0.001569927902892232,0.00808078795671463,0.054614000022411346
others_test_040.wav,others,media_talking,media_talking,False,False,0.5707791447639465,0.21884119510650635,0.4601768366949122,0.03331252932548523,0.008214600384235382,0.006580953486263752,0.3519379496574402,0.007299129385501146,0.5707791447639465,0.003153601661324501,0.0035807243548333645,0.01514132134616375,0.03331252932548523
others_test_041.wav,others,media_talking,others,True,False,0.31361010670661926,0.05720710754394531,0.8273012080571267,0.25640299916267395,0.04383940249681473,0.028508907184004784,0.08003642410039902,0.07319587469100952,0.31361010670661926,0.0999956727027893,0.001293699606321752,0.1031169667840004,0.25640299916267395
others_test_042.wav,others,water_toilet,others,True,False,0.4158441722393036,0.18361949920654297,0.7330306752645477,0.11554127186536789,0.006701731588691473,0.23222467303276062,0.027546005323529243,0.08391086757183075,0.09546464681625366,0.4158441722393036,0.0019104552920907736,0.020856067538261414,0.11554127186536789
others_test_043.wav,others,dragging,dragging,False,False,0.6166636347770691,0.299243301153183,0.4345991290537074,0.008219425566494465,0.3174203336238861,0.6166636347770691,0.0025040439795702696,0.006143513135612011,0.0016577007481828332,0.018475869670510292,0.01355996448546648,0.015355473384261131,0.008219425566494465
others_test_044.wav,others,construction,construction,False,False,0.8162524700164795,0.7588263191282749,0.35177821879151777,0.057426150888204575,0.005907777696847916,0.037450455129146576,0.8162524700164795,0.05502702668309212,0.015425313264131546,0.004387865774333477,0.0009625691454857588,0.007160427514463663,0.057426150888204575
others_test_045.wav,others,machine_noise,machine_noise,False,False,0.5468443036079407,0.20358553528785706,0.5107746243726422,0.034419696778059006,0.016937660053372383,0.03094877116382122,0.3432587683200836,0.5468443036079407,0.002847124822437763,0.01310452725738287,0.00797196850180626,0.0036672083660960197,0.034419696778059006
others_test_046.wav,others,construction,construction,False,False,0.7598748803138733,0.6675787344574928,0.43234924978357175,0.03220396861433983,0.013919776305556297,0.09229614585638046,0.7598748803138733,0.05155523121356964,0.03237973898649216,0.010426986962556839,0.001445730566047132,0.005897495895624161,0.03220396861433983
others_test_047.wav,others,water_toilet,others,True,False,0.5736967921257019,0.42354971170425415,0.6302379021026895,0.15014708042144775,0.009122881107032299,0.01005323976278305,0.03382008895277977,0.12136437743902206,0.047879286110401154,0.5736967921257019,0.005963639356195927,0.047952648252248764,0.15014708042144775
water_shower_test_001.wav,water_shower,water_shower,water_shower,False,False,0.899438738822937,0.8545892871916294,0.21850071815079813,0.004598483443260193,0.003405798226594925,0.02020866796374321,0.002301429398357868,0.0448494516313076,0.0026991970371454954,0.020265087485313416,0.899438738822937,0.0022331606596708298,0.004598483443260193
water_shower_test_002.wav,water_shower,water_shower,water_shower,False,False,0.9678475260734558,0.9584347577765584,0.0911655010996463,0.002768728183582425,0.0012149021495133638,0.0026491722092032433,0.0014895348576828837,0.009412768296897411,0.0014616544358432293,0.00877663865685463,0.9678475260734558,0.004379086196422577,0.002768728183582425
water_shower_test_003.wav,water_shower,water_shower,water_shower,False,False,0.9670798182487488,0.9504475817084312,0.08968288198537043,0.0013179621892049909,0.002495150314643979,0.0016729297349229455,0.000893880263902247,0.0041045742109417915,0.001626730663701892,0.016632236540317535,0.9670798182487488,0.004176655318588018,0.0013179621892049909
water_shower_test_004.wav,water_shower,water_shower,water_shower,False,False,0.9219171404838562,0.8957614302635193,0.1843033833383683,0.006855993997305632,0.002535395324230194,0.013174772262573242,0.0015481461305171251,0.026155710220336914,0.001732650795020163,0.021442262455821037,0.9219171404838562,0.004637926816940308,0.006855993997305632
water_shower_test_005.wav,water_shower,water_shower,water_shower,False,False,0.9826272130012512,0.9768952513113618,0.0549252746620801,0.0016777600394561887,0.0010789482621476054,0.0011620643781498075,0.0010547698475420475,0.00197161384858191,0.0021975645795464516,0.005731961689889431,0.9826272130012512,0.0024981561582535505,0.0016777600394561887
water_shower_test_006.wav,water_shower,water_shower,water_shower,False,False,0.9379330277442932,0.9091832190752029,0.1491393149713576,0.003984133712947369,0.0025360521394759417,0.0037074186839163303,0.0017385666724294424,0.02874980866909027,0.001544952392578125,0.016514301300048828,0.9379330277442932,0.0032917484641075134,0.003984133712947369
water_shower_test_007.wav,water_shower,water_shower,water_shower,False,False,0.9784654378890991,0.974631336517632,0.06725803136629906,0.002900693565607071,0.0016354834660887718,0.0024537357967346907,0.0014305042568594217,0.0038341013714671135,0.002806250471621752,0.003455342724919319,0.9784654378890991,0.0030184900388121605,0.002900693565607071
water_shower_test_008.wav,water_shower,water_shower,water_shower,False,False,0.9700772762298584,0.957703810185194,0.08497534232824551,0.002154057612642646,0.0007546301349066198,0.0028273360803723335,0.0014568525366485119,0.005032457411289215,0.002258983673527837,0.012373466044664383,0.9700772762298584,0.0030648510437458754,0.002154057612642646
water_shower_test_009.wav,water_shower,water_shower,water_shower,False,False,0.9719691276550293,0.964983033016324,0.0828763244375866,0.003786390647292137,0.0007540300721302629,0.0019426175858825445,0.0019173217006027699,0.006986094638705254,0.0039039182011038065,0.004600245039910078,0.9719691276550293,0.004140217322856188,0.003786390647292137
water_shower_test_010.wav,water_shower,water_shower,water_shower,False,False,0.975111186504364,0.9678973238915205,0.0740305849151305,0.002118061762303114,0.0007820155005902052,0.0013703093864023685,0.0012993275886401534,0.0053487615659832954,0.0025154920294880867,0.0072138626128435135,0.975111186504364,0.004241058602929115,0.002118061762303114
water_shower_test_011.wav,water_shower,water_shower,water_shower,False,False,0.958767831325531,0.9471901776269078,0.11231659881101068,0.004251874051988125,0.0022415081039071083,0.007815029472112656,0.0012964900815859437,0.009799317456781864,0.001632097759284079,0.01157765369862318,0.958767831325531,0.002618194557726383,0.004251874051988125
water_shower_test_012.wav,water_shower,water_shower,water_shower,False,False,0.963207483291626,0.9481493746861815,0.10004868978090081,0.0043370663188397884,0.0010573873296380043,0.0010335566475987434,0.0016476737800985575,0.015058108605444431,0.002872746903449297,0.0077955517917871475,0.963207483291626,0.0029904188122600317,0.0043370663188397884
water_shower_test_013.wav,water_shower,water_shower,water_shower,False,False,0.9741867184638977,0.9665884356945753,0.07652012659431666,0.0022064687218517065,0.000892103009391576,0.003194448770955205,0.001002584001980722,0.004777746740728617,0.0018153070705011487,0.007598282769322395,0.9741867184638977,0.004326361231505871,0.0022064687218517065
water_shower_test_014.wav,water_shower,water_shower,water_shower,False,False,0.95741868019104,0.9418584946542978,0.11183665006632339,0.002965085208415985,0.0021912939846515656,0.004109242465347052,0.001304530305787921,0.01349024660885334,0.0013867812231183052,0.01556018553674221,0.95741868019104,0.0015739741502329707,0.002965085208415985
water_shower_test_015.wav,water_shower,water_shower,water_shower,False,False,0.9691561460494995,0.960824784822762,0.08900577243941778,0.004731446038931608,0.0009099591406993568,0.0011136536486446857,0.002349204383790493,0.0083313612267375,0.0027753429021686316,0.004278281703591347,0.9691561460494995,0.006354622542858124,0.004731446038931608
water_shower_test_016.wav,water_shower,water_shower,water_shower,False,False,0.9624415636062622,0.9469510838389397,0.10244057338571227,0.00418102229014039,0.0011228671064600348,0.001886557787656784,0.0014548978069797158,0.01549047976732254,0.002583883237093687,0.006262253504246473,0.9624415636062622,0.004576419945806265,0.00418102229014039
water_shower_test_017.wav,water_shower,water_shower,water_shower,False,False,0.957976758480072,0.9406811706721783,0.11115111072964519,0.004157944116741419,0.0012678105849772692,0.0019314730307087302,0.0014136350946500897,0.017295587807893753,0.0022605389822274446,0.010194847360253334,0.957976758480072,0.0035013752058148384,0.004157944116741419
water_shower_test_018.wav,water_shower,water_shower,water_shower,False,False,0.9743247032165527,0.9630657695233822,0.07375550789049772,0.0016677683452144265,0.0006934328703209758,0.0012409283081069589,0.0011872978648170829,0.005192811135202646,0.0015108544612303376,0.011258933693170547,0.9743247032165527,0.002923227148130536,0.0016677683452144265
water_shower_test_019.wav,water_shower,water_shower,water_shower,False,False,0.9729748964309692,0.9658057424239814,0.07987099214405546,0.003488066839054227,0.0013302183942869306,0.001342841307632625,0.0010728944325819612,0.00716915400698781,0.003627094207331538,0.005685438867658377,0.9729748964309692,0.003309427760541439,0.003488066839054227
water_shower_test_020.wav,water_shower,water_shower,water_shower,False,False,0.9682925939559937,0.954139593988657,0.08696517306630494,0.002361381659284234,0.0007361709140241146,0.0012529490049928427,0.0012790047330781817,0.007840940728783607,0.0014459822559729218,0.014152999967336655,0.9682925939559937,0.002638049190863967,0.002361381659284234
water_shower_test_021.wav,water_shower,water_shower,water_shower,False,False,0.9761874079704285,0.971552534494549,0.07292032111846175,0.004159013740718365,0.001468047616071999,0.0024627496022731066,0.0020305151119828224,0.0042260377667844296,0.0030834104400128126,0.004634873475879431,0.9761874079704285,0.001747990376316011,0.004159013740718365
water_shower_test_022.wav,water_shower,water_shower,water_shower,False,False,0.5436393022537231,0.17567342519760132,0.4831890938495366,0.028086941689252853,0.0031235013157129288,0.008742259815335274,0.006015232764184475,0.3679658770561218,0.0048872134648263454,0.02655876614153385,0.5436393022537231,0.01098091620951891,0.028086941689252853
water_shower_test_023.wav,water_shower,water_shower,water_shower,False,False,0.9531946182250977,0.9331026766449213,0.12127240712145992,0.004599237348884344,0.0010851919651031494,0.0019390881061553955,0.0012556692818179727,0.020091941580176353,0.0029273838736116886,0.009380401112139225,0.9531946182250977,0.005526519846171141,0.004599237348884344
water_shower_test_024.wav,water_shower,water_shower,water_shower,False,False,0.9304302930831909,0.9007280562072992,0.16165110469678612,0.0028390635270625353,0.0036303428933024406,0.0010966341942548752,0.0013879559701308608,0.022403942421078682,0.0017525244038552046,0.029702236875891685,0.9304302930831909,0.006757049355655909,0.0028390635270625353
water_shower_test_025.wav,water_shower,water_shower,water_shower,False,False,0.634587287902832,0.31550347805023193,0.3938204267184668,0.0032835709862411022,0.0034189384896308184,0.006987682543694973,0.0013264690060168505,0.023480124771595,0.0020375957246869802,0.3190838098526001,0.634587287902832,0.005794498138129711,0.0032835709862411022
water_shower_test_026.wav,water_shower,water_shower,water_shower,False,False,0.6452134847640991,0.377956360578537,0.43386289568189373,0.0046673547476530075,0.003298843512311578,0.01255083829164505,0.0009882921585813165,0.05670754238963127,0.003103638533502817,0.26725712418556213,0.6452134847640991,0.006212867796421051,0.0046673547476530075
water_shower_test_027.wav,water_shower,water_shower,water_shower,False,False,0.9705502390861511,0.9563354589045048,0.08241399483715106,0.0015963043551892042,0.001322971424087882,0.0031100683845579624,0.000802086666226387,0.0039291298016905785,0.00160158087965101,0.014214780181646347,0.9705502390861511,0.0028728563338518143,0.0015963043551892042
water_shower_test_028.wav,water_shower,water_shower,water_shower,False,False,0.9657920598983765,0.9540701489895582,0.09439324287575507,0.0022697728127241135,0.0006397579563781619,0.001898743910714984,0.0007408052915707231,0.004672660026699305,0.0030299872159957886,0.011721910908818245,0.9657920598983765,0.00923430360853672,0.0022697728127241135
water_shower_test_029.wav,water_shower,water_shower,water_shower,False,False,0.9539414644241333,0.9345566164702177,0.11797911914473787,0.002894073026254773,0.00046387664042413235,0.0012248989660292864,0.0011019030353054404,0.004825660493224859,0.004142054356634617,0.012021194212138653,0.9539414644241333,0.019384847953915596,0.002894073026254773
water_shower_test_030.wav,water_shower,water_shower,water_shower,False,False,0.9693354964256287,0.959298693574965,0.08727221276486327,0.003077458357438445,0.0005275991861708462,0.0012292267056182027,0.00161066185683012,0.004123256541788578,0.0029642481822520494,0.007095254957675934,0.9693354964256287,0.010036802850663662,0.003077458357438445
water_shower_test_031.wav,water_shower,water_shower,water_shower,False,False,0.9664694666862488,0.9555366886779666,0.09465955101912628,0.002148651983588934,0.0027431808412075043,0.0026180699933320284,0.0006796122761443257,0.0022417977452278137,0.00606246804818511,0.010932778008282185,0.9664694666862488,0.006103919818997383,0.002148651983588934
water_shower_test_032.wav,water_shower,water_shower,water_shower,False,False,0.964162290096283,0.9459714107215405,0.09582908105968117,0.0017549169715493917,0.0014610394136980176,0.0013037808239459991,0.0007272626971825957,0.003312706248834729,0.004121748730540276,0.018190879374742508,0.964162290096283,0.004965371452271938,0.0017549169715493917
water_shower_test_033.wav,water_shower,water_shower,water_shower,False,False,0.9792425632476807,0.9727151338011026,0.06357354820178843,0.0028653519693762064,0.0010206220904365182,0.0009622144280001521,0.0010121007217094302,0.003990754950791597,0.002445721533149481,0.006527429446578026,0.9792425632476807,0.00193328270688653,0.0028653519693762064
water_shower_test_034.wav,water_shower,water_shower,water_shower,False,False,0.9755186438560486,0.9706182014197111,0.073746888209072,0.004796423949301243,0.0008184901671484113,0.0009106363286264241,0.0018193612340837717,0.0048825559206306934,0.0034161442890763283,0.004900442436337471,0.9755186438560486,0.0029373241122812033,0.004796423949301243
water_shower_test_035.wav,water_shower,water_shower,water_shower,False,False,0.9650629758834839,0.9533792966976762,0.09739329892054567,0.0022155612241476774,0.0014520947588607669,0.0030219387263059616,0.002135744085535407,0.011683679185807705,0.001175087527371943,0.008288922719657421,0.9650629758834839,0.004963967017829418,0.0022155612241476774
water_shower_test_036.wav,water_shower,water_shower,water_shower,False,False,0.9395073652267456,0.9160235598683357,0.15181895758684913,0.0037303613498806953,0.001539599266834557,0.004769510589540005,0.00702776201069355,0.02348380535840988,0.002044632099568844,0.012413966469466686,0.9395073652267456,0.005483031272888184,0.0037303613498806953
water_shower_test_037.wav,water_shower,water_shower,water_shower,False,False,0.9728814959526062,0.9638680862262845,0.07845725588126737,0.0018291553715243936,0.0009957719594240189,0.0008681519539095461,0.0009236046462319791,0.006387925241142511,0.002892135875299573,0.009013409726321697,0.9728814959526062,0.0042083109728991985,0.0018291553715243936
water_shower_test_038.wav,water_shower,water_shower,water_shower,False,False,0.9791803956031799,0.9722761828452349,0.0635884207126984,0.002152899745851755,0.0012410180643200874,0.0012607623357325792,0.000923020881600678,0.004436994902789593,0.002061000093817711,0.006904212757945061,0.9791803956031799,0.0018396684899926186,0.002152899745851755
water_shower_test_039.wav,water_shower,water_shower,water_shower,False,False,0.9551486968994141,0.9441681420430541,0.12239369814236015,0.010980554856359959,0.0025111387949436903,0.005465575959533453,0.0014822068624198437,0.005426882766187191,0.004174025263637304,0.010615062899887562,0.9551486968994141,0.004195810295641422,0.010980554856359959
water_shower_test_040.wav,water_shower,water_shower,water_shower,False,False,0.96651691198349,0.9565488118678331,0.09560383678022237,0.006022493354976177,0.0016183711122721434,0.002424187958240509,0.0014286587247624993,0.009968100115656853,0.004120477940887213,0.005010377615690231,0.96651691198349,0.0028904082719236612,0.006022493354976177
water_shower_test_041.wav,water_shower,water_shower,water_shower,False,False,0.9742298126220703,0.9664610768668354,0.07626389622167605,0.0028903507627546787,0.001989673590287566,0.0010552308522164822,0.0009796284139156342,0.005694843363016844,0.001919548842124641,0.007768735755234957,0.9742298126220703,0.003472123993560672,0.0028903507627546787
water_shower_test_042.wav,water_shower,water_shower,water_shower,False,False,0.5726772546768188,0.2805824279785156,0.5130086613329349,0.011092172004282475,0.006360194180160761,0.02109847404062748,0.004506646655499935,0.2920948266983032,0.0030090382788330317,0.08084893971681595,0.5726772546768188,0.00831252709031105,0.011092172004282475
water_shower_test_043.wav,water_shower,water_shower,water_shower,False,False,0.7174851298332214,0.5665734708309174,0.45677784741630095,0.05921512097120285,0.003344086930155754,0.009047462604939938,0.01808270998299122,0.15091165900230408,0.011500025168061256,0.016878485679626465,0.7174851298332214,0.013535361737012863,0.05921512097120285
water_shower_test_044.wav,water_shower,water_shower,water_shower,False,False,0.9651781320571899,0.95428725797683,0.0970260299609789,0.0021600225009024143,0.0008199822041206062,0.0067305173724889755,0.0007175157079473138,0.0034579536877572536,0.002864953363314271,0.010890874080359936,0.9651781320571899,0.007180123124271631,0.0021600225009024143
water_shower_test_045.wav,water_shower,water_shower,water_shower,False,False,0.953153133392334,0.9385611303150654,0.12395025933892125,0.002753912704065442,0.0030469237826764584,0.003511568531394005,0.000710761290974915,0.0027811650652438402,0.0145920030772686,0.011778888292610645,0.953153133392334,0.007671705447137356,0.002753912704065442
water_shower_test_046.wav,water_shower,water_shower,water_shower,False,False,0.9709658026695251,0.9626759719103575,0.08341881504073802,0.002275011269375682,0.0011434245388954878,0.0007420369074679911,0.0008020956302061677,0.0034842926543205976,0.005670871585607529,0.0066266958601772785,0.9709658026695251,0.008289830759167671,0.002275011269375682
water_shower_test_047.wav,water_shower,water_shower,water_shower,False,False,0.9747411012649536,0.968664781190455,0.07501330997939018,0.003345183562487364,0.00078631192445755,0.000724988232832402,0.001243515289388597,0.0027854989748448133,0.006076320074498653,0.004839912988245487,0.9747411012649536,0.005457158200442791,0.003345183562487364
water_shower_test_048.wav,water_shower,water_shower,water_shower,False,False,0.8663888573646545,0.8164279647171497,0.2747896928761707,0.004896621219813824,0.049960892647504807,0.002522330265492201,0.0025493272114545107,0.004665699787437916,0.03245498612523079,0.03064887784421444,0.8663888573646545,0.005912421736866236,0.004896621219813824
water_toilet_test_001.wav,water_toilet,water_toilet,water_toilet,False,False,0.6635239124298096,0.5225718021392822,0.5130379587552473,0.008951697498559952,0.00253679440356791,0.010295052081346512,0.003349406411871314,0.14095211029052734,0.01935141161084175,0.6635239124298096,0.1042269915342331,0.046812642365694046,0.008951697498559952
water_toilet_test_002.wav,water_toilet,water_toilet,water_toilet,False,False,0.9280499815940857,0.8986853808164597,0.17391256422490084,0.003755520796403289,0.0016064541414380074,0.001978981541469693,0.005341371987015009,0.00887924525886774,0.009719994850456715,0.9280499815940857,0.029364600777626038,0.011303910054266453,0.003755520796403289
water_toilet_test_003.wav,water_toilet,machine_noise,machine_noise,False,False,0.7074007987976074,0.5673240721225739,0.4705167108462475,0.023809505626559258,0.0033797703217715025,0.004536408931016922,0.05855655297636986,0.7074007987976074,0.0030938657000660896,0.14007672667503357,0.04729223623871803,0.011854155920445919,0.023809505626559258
water_toilet_test_004.wav,water_toilet,water_toilet,water_toilet,False,False,0.9142726063728333,0.8659723810851574,0.18984100306405666,0.0035424281377345324,0.005193738266825676,0.011469599790871143,0.0017465126002207398,0.04830022528767586,0.0023415556643158197,0.9142726063728333,0.009120834991335869,0.004012515302747488,0.0035424281377345324
water_toilet_test_005.wav,water_toilet,water_toilet,water_toilet,False,False,0.9026563763618469,0.8689051568508148,0.2155259989508592,0.0029000218492001295,0.033751219511032104,0.031620193272829056,0.0027944305911660194,0.007646664511412382,0.0015700666699558496,0.9026563763618469,0.014455794356763363,0.002605278044939041,0.0029000218492001295
water_toilet_test_006.wav,water_toilet,water_toilet,water_toilet,False,False,0.9420941472053528,0.9277365431189537,0.15058793686849178,0.0032404300291091204,0.001983982976526022,0.014357604086399078,0.00780128501355648,0.008250385522842407,0.002443587174639106,0.9420941472053528,0.012697725556790829,0.0071308487094938755,0.0032404300291091204
water_toilet_test_007.wav,water_toilet,water_toilet,water_toilet,False,False,0.8159246444702148,0.7206650450825691,0.3464203170499217,0.010689083486795425,0.0038827417884021997,0.019628968089818954,0.02445356361567974,0.09525959938764572,0.002411668887361884,0.8159246444702148,0.014076871797442436,0.01367284171283245,0.010689083486795425
water_toilet_test_008.wav,water_toilet,water_toilet,water_toilet,False,False,0.863471269607544,0.8218901567161083,0.2852700861456341,0.0040321750566363335,0.04158111289143562,0.03904745727777481,0.0018138298764824867,0.017954479902982712,0.001534128561615944,0.863471269607544,0.009300369769334793,0.021265245974063873,0.0040321750566363335
water_toilet_test_009.wav,water_toilet,water_toilet,water_toilet,False,False,0.6680629253387451,0.5206236839294434,0.49375873574808127,0.006916480604559183,0.008414935320615768,0.11510010808706284,0.003014736110344529,0.14743924140930176,0.0017128812614828348,0.6680629253387451,0.030404405668377876,0.018934376537799835,0.006916480604559183
water_toilet_test_010.wav,water_toilet,dragging,dragging,False,False,0.5316798090934753,0.3044082522392273,0.5653227354133143,0.011579292826354504,0.007862632162868977,0.5316798090934753,0.01188931055366993,0.18336591124534607,0.002692220965400338,0.22727155685424805,0.019115936011075974,0.0045433626510202885,0.011579292826354504
water_toilet_test_011.wav,water_toilet,water_toilet,water_toilet,False,False,0.9061316251754761,0.8838603384792805,0.22012573494477158,0.005869213026016951,0.0026895618066191673,0.00323769124224782,0.005970760714262724,0.011273358948528767,0.02099895477294922,0.9061316251754761,0.022271286696195602,0.021557588130235672,0.005869213026016951
water_toilet_test_012.wav,water_toilet,water_toilet,water_toilet,False,False,0.9228211045265198,0.8963522557169199,0.18781937241552896,0.007244602311402559,0.002550508128479123,0.006122271530330181,0.002857843181118369,0.013548990711569786,0.026468848809599876,0.9228211045265198,0.012095215730369091,0.006290547549724579,0.007244602311402559
water_toilet_test_013.wav,water_toilet,water_toilet,water_toilet,False,False,0.9222520589828491,0.8828243911266327,0.1797253627023828,0.004325482994318008,0.01125553622841835,0.009994720108807087,0.0021922122687101364,0.03942766785621643,0.0029256553389132023,0.9222520589828491,0.004829315468668938,0.0027973295655101538,0.004325482994318008
water_toilet_test_014.wav,water_toilet,water_toilet,water_toilet,False,False,0.43324851989746094,0.07264900207519531,0.6158147268438051,0.007878869771957397,0.010074222460389137,0.030367130413651466,0.007848348468542099,0.3605995178222656,0.007576169446110725,0.43324851989746094,0.10715457797050476,0.03525266423821449,0.007878869771957397
water_toilet_test_015.wav,water_toilet,water_toilet,water_toilet,False,False,0.792748212814331,0.693449392914772,0.36610943269703256,0.009230032563209534,0.00149258179590106,0.0036237272433936596,0.002488242695108056,0.012966006994247437,0.05537344887852669,0.792748212814331,0.09929881989955902,0.022778848186135292,0.009230032563209534
water_toilet_test_016.wav,water_toilet,water_toilet,water_toilet,False,False,0.8138493299484253,0.7325012981891632,0.34959835493526015,0.010159307159483433,0.002433307468891144,0.04049953073263168,0.003511729184538126,0.08134803175926208,0.005110984668135643,0.8138493299484253,0.009693284519016743,0.03339449688792229,0.010159307159483433
water_toilet_test_017.wav,water_toilet,water_toilet,water_toilet,False,False,0.6370592713356018,0.34199899435043335,0.4321322318405169,0.010755371302366257,0.004572814330458641,0.012384633533656597,0.005755104590207338,0.29506027698516846,0.002088727429509163,0.6370592713356018,0.02116914838552475,0.011154629290103912,0.010755371302366257
water_toilet_test_018.wav,water_toilet,water_toilet,water_toilet,False,False,0.8153684139251709,0.7047635167837143,0.3256382719143436,0.010003659874200821,0.0033631292171776295,0.006288978271186352,0.03814173862338066,0.1106048971414566,0.0031627726275473833,0.8153684139251709,0.005799891892820597,0.0072664725594222546,0.010003659874200821
water_toilet_test_019.wav,water_toilet,water_toilet,water_toilet,False,False,0.6419197916984558,0.5214576050639153,0.5602843383383809,0.028161248192191124,0.01644807867705822,0.11520135402679443,0.12046218663454056,0.04391868785023689,0.02665516547858715,0.6419197916984558,0.0032522627152502537,0.003981183748692274,0.028161248192191124
water_toilet_test_020.wav,water_toilet,water_toilet,water_toilet,False,False,0.560070812702179,0.3460123836994171,0.6050863905744016,0.033269453793764114,0.010625644586980343,0.1027776226401329,0.21405842900276184,0.028521286323666573,0.042943764477968216,0.560070812702179,0.0033430384937673807,0.004389978479593992,0.033269453793764114
water_toilet_test_021.wav,water_toilet,water_toilet,water_toilet,False,False,0.5546427965164185,0.4145810902118683,0.6550970904616824,0.04444517195224762,0.010946325957775116,0.10182152688503265,0.14006170630455017,0.08186788856983185,0.057102836668491364,0.5546427965164185,0.002734172623604536,0.006377572193741798,0.04444517195224762
water_toilet_test_022.wav,water_toilet,water_toilet,water_toilet,False,False,0.59163898229599,0.36756540834903717,0.5731049988512622,0.06858140975236893,0.005798496771603823,0.027819227427244186,0.22407357394695282,0.032905105501413345,0.033616382628679276,0.59163898229599,0.004186843056231737,0.011380049400031567,0.06858140975236893
water_toilet_test_023.wav,water_toilet,water_toilet,water_toilet,False,False,0.6959475874900818,0.5466202199459076,0.4859809211779661,0.029828354716300964,0.007640325464308262,0.012814727611839771,0.1493273675441742,0.04300999641418457,0.054269883781671524,0.6959475874900818,0.00313759152777493,0.004024181514978409,0.029828354716300964
water_toilet_test_024.wav,water_toilet,water_toilet,water_toilet,False,False,0.8036498427391052,0.7426421195268631,0.3861392393874967,0.021405981853604317,0.003543654689565301,0.039504896849393845,0.061007723212242126,0.01876363530755043,0.03475836291909218,0.8036498427391052,0.005028448533266783,0.012337499298155308,0.021405981853604317
water_toilet_test_025.wav,water_toilet,water_toilet,water_toilet,False,False,0.7156832218170166,0.6024044156074524,0.48763725637384664,0.03359261527657509,0.007307672873139381,0.03960214555263519,0.11327880620956421,0.04279020428657532,0.03906656801700592,0.7156832218170166,0.0020964532159268856,0.006582364439964294,0.03359261527657509
water_toilet_test_026.wav,water_toilet,water_toilet,water_toilet,False,False,0.5175524950027466,0.22882753610610962,0.6052684686286247,0.07118412852287292,0.00475046643987298,0.036879900842905045,0.28872495889663696,0.040049951523542404,0.026371678337454796,0.5175524950027466,0.0045878347009420395,0.009898725897073746,0.07118412852287292
water_toilet_test_027.wav,water_toilet,water_toilet,others,True,False,0.47892776131629944,0.21560227870941162,0.653282766203258,0.0941796526312828,0.005789230111986399,0.015627294778823853,0.2633254826068878,0.05997917428612709,0.07107429206371307,0.47892776131629944,0.004493949469178915,0.006603212561458349,0.0941796526312828
water_toilet_test_028.wav,water_toilet,water_toilet,water_toilet,False,False,0.706989586353302,0.6197530329227448,0.49817543067064834,0.02216942235827446,0.008371956646442413,0.08666041493415833,0.04659098759293556,0.034717146307229996,0.08723655343055725,0.706989586353302,0.003041875781491399,0.00422200933098793,0.02216942235827446
water_toilet_test_029.wav,water_toilet,water_toilet,water_toilet,False,False,0.4887058138847351,0.2829750180244446,0.6758175838831616,0.06827515363693237,0.00513190682977438,0.03131541609764099,0.1396803855895996,0.043918807059526443,0.20573079586029053,0.4887058138847351,0.0035054623149335384,0.013736287131905556,0.06827515363693237
water_toilet_test_030.wav,water_toilet,water_toilet,water_toilet,False,False,0.9452210068702698,0.934042926877737,0.1449774804956656,0.004422924015671015,0.002893077442422509,0.01117807999253273,0.008614462800323963,0.01036436203867197,0.009622803889214993,0.9452210068702698,0.006199137773364782,0.0014841633383184671,0.004422924015671015
water_toilet_test_031.wav,water_toilet,water_toilet,water_toilet,False,False,0.930778980255127,0.9004397690296173,0.1688273726559961,0.004822533577680588,0.004727235529571772,0.010195339098572731,0.0018819207325577736,0.030339211225509644,0.0051427725702524185,0.930778980255127,0.007638456299901009,0.004473577719181776,0.004822533577680588
water_toilet_test_032.wav,water_toilet,water_toilet,water_toilet,False,False,0.9345318675041199,0.9074001796543598,0.1592291166341865,0.0026093116030097008,0.003623440396040678,0.004096266347914934,0.00732745137065649,0.016073135659098625,0.001874235924333334,0.9345318675041199,0.027131687849760056,0.0027326166164129972,0.0026093116030097008
water_toilet_test_033.wav,water_toilet,water_toilet,water_toilet,False,False,0.7273404598236084,0.6286799237132072,0.4613446102464905,0.011726428754627705,0.0020991316996514797,0.03737764060497284,0.007870985195040703,0.017665909603238106,0.08842696994543076,0.7273404598236084,0.09866053611040115,0.0088319918140769,0.011726428754627705
water_toilet_test_034.wav,water_toilet,water_toilet,water_toilet,False,False,0.7992774844169617,0.6940144449472427,0.35531482457326863,0.005812135990709066,0.0036999357398599386,0.003012239933013916,0.0024265404790639877,0.015943318605422974,0.018882857635617256,0.7992774844169617,0.10526303946971893,0.045682452619075775,0.005812135990709066
water_toilet_test_035.wav,water_toilet,water_toilet,water_toilet,False,False,0.9390856027603149,0.9131874237209558,0.15012422377866927,0.003770886454731226,0.006267117336392403,0.012922939844429493,0.0010369139490649104,0.025898179039359093,0.0011002521496266127,0.9390856027603149,0.005536526907235384,0.004381594248116016,0.003770886454731226
water_toilet_test_036.wav,water_toilet,water_toilet,water_toilet,False,False,0.6335633397102356,0.3215484321117401,0.41363006870570174,0.008891711942851543,0.00563079072162509,0.015155991539359093,0.003803913714364171,0.3120149075984955,0.0029198117554187775,0.6335633397102356,0.012599147856235504,0.00542041938751936,0.008891711942851543
water_toilet_test_037.wav,water_toilet,water_toilet,water_toilet,False,False,0.8365136384963989,0.7227719575166702,0.286337597407521,0.0063754781149327755,0.0034709121100604534,0.02040226198732853,0.003021333599463105,0.1137416809797287,0.002793216845020652,0.8365136384963989,0.009274686686694622,0.00440681166946888,0.0063754781149327755
water_toilet_test_038.wav,water_toilet,water_toilet,water_toilet,False,False,0.8506950736045837,0.7749773412942886,0.2870270091581206,0.005070075858384371,0.0040243626572191715,0.029562298208475113,0.0014784743543714285,0.0757177323102951,0.0025966563262045383,0.8506950736045837,0.02670237049460411,0.004152972716838121,0.005070075858384371
water_toilet_test_039.wav,water_toilet,water_toilet,water_toilet,False,False,0.9042258262634277,0.8782944530248642,0.2217963933248938,0.006578839384019375,0.0026655192486941814,0.025931373238563538,0.0038385840598493814,0.02338968962430954,0.009079096838831902,0.9042258262634277,0.0038129875902086496,0.02047806605696678,0.006578839384019375
water_toilet_test_040.wav,water_toilet,water_toilet,water_toilet,False,False,0.41920211911201477,0.1475294828414917,0.5776988346698478,0.006984394043684006,0.006358285900205374,0.010764706879854202,0.007949993945658207,0.27167263627052307,0.003477756166830659,0.41920211911201477,0.26919782161712646,0.00439229141920805,0.006984394043684006
water_toilet_test_041.wav,water_toilet,water_toilet,water_toilet,False,False,0.8737294673919678,0.8377983570098877,0.2736982825133049,0.007864410057663918,0.007892063818871975,0.03593111038208008,0.0013735590036958456,0.0276743583381176,0.006364264525473118,0.8737294673919678,0.008267764933407307,0.030903063714504242,0.007864410057663918
water_toilet_test_042.wav,water_toilet,water_toilet,water_toilet,False,False,0.9497469067573547,0.9245441239327192,0.1273092901887675,0.0035112022887915373,0.0021201090421527624,0.004582862835377455,0.0029166045133024454,0.025202782824635506,0.0024721315130591393,0.9497469067573547,0.007712030317634344,0.001735431607812643,0.0035112022887915373
water_toilet_test_043.wav,water_toilet,water_toilet,water_toilet,False,False,0.9426922798156738,0.9168851859867573,0.14343653102738302,0.003876766189932823,0.002319380408152938,0.02580709382891655,0.0011056911898776889,0.008110692724585533,0.008300762623548508,0.9426922798156738,0.004009447991847992,0.0037779011763632298,0.003876766189932823
water_toilet_test_044.wav,water_toilet,water_toilet,water_toilet,False,False,0.9527789950370789,0.9383570263162255,0.1265220847275788,0.0036979627329856157,0.004985264036804438,0.011350860819220543,0.003779992926865816,0.014421968720853329,0.002168903825804591,0.9527789950370789,0.004429555963724852,0.0023865324910730124,0.0036979627329856157
water_toilet_test_045.wav,water_toilet,water_toilet,water_toilet,False,False,0.8568167686462402,0.751754529774189,0.25712920670625106,0.005931318737566471,0.005925820674747229,0.008182830177247524,0.002763796364888549,0.10506223887205124,0.002357661258429289,0.8568167686462402,0.007423753850162029,0.005535730626434088,0.005931318737566471
water_toilet_test_046.wav,water_toilet,water_toilet,water_toilet,False,False,0.7974660992622375,0.6532625108957291,0.33072202573937554,0.0076401312835514545,0.006140200886875391,0.02157357893884182,0.0027222917415201664,0.14420358836650848,0.005372182000428438,0.7974660992622375,0.010646208189427853,0.004235750529915094,0.0076401312835514545
water_toilet_test_047.wav,water_toilet,water_toilet,water_toilet,False,False,0.8332976698875427,0.7292491272091866,0.2978280735656904,0.005530191585421562,0.005455975420773029,0.010381617583334446,0.0014424248365685344,0.10404854267835617,0.0022166825365275145,0.8332976698875427,0.031937263906002045,0.005689679179340601,0.005530191585421562
water_toilet_test_048.wav,water_toilet,water_toilet,water_toilet,False,False,0.865266740322113,0.7727594897150993,0.2523611054793924,0.00799377728253603,0.004453536123037338,0.002592377830296755,0.0031211141031235456,0.0925072506070137,0.003890648949891329,0.865266740322113,0.006350511219352484,0.013824121095240116,0.00799377728253603
